<?xml version="1.0" encoding="utf-8" standalone="yes"?>
<Root>
  <processingTimeInMilliseconds>2.3038000000000003</processingTimeInMilliseconds>
  <RegisterAssignments>
    <VertexIdToRegister>2</VertexIdToRegister>
    <VertexIdToRegister>28</VertexIdToRegister>
    <VertexIdToRegister>37</VertexIdToRegister>
    <VertexIdToRegister>59</VertexIdToRegister>
    <VertexIdToRegister>71</VertexIdToRegister>
    <VertexIdToRegister>79</VertexIdToRegister>
    <VertexIdToRegister>96</VertexIdToRegister>
    <VertexIdToRegister>112</VertexIdToRegister>
    <VertexIdToRegister>113</VertexIdToRegister>
    <VertexIdToRegister>119</VertexIdToRegister>
    <VertexIdToRegister>120</VertexIdToRegister>
    <VertexIdToRegister>121</VertexIdToRegister>
    <VertexIdToRegister>122</VertexIdToRegister>
    <VertexIdToRegister>123</VertexIdToRegister>
    <VertexIdToRegister>124</VertexIdToRegister>
    <VertexIdToRegister>125</VertexIdToRegister>
    <VertexIdToRegister>126</VertexIdToRegister>
    <VertexIdToRegister>127</VertexIdToRegister>
    <VertexIdToRegister>128</VertexIdToRegister>
    <VertexIdToRegister>129</VertexIdToRegister>
    <VertexIdToRegister>130</VertexIdToRegister>
    <VertexIdToRegister>131</VertexIdToRegister>
    <VertexIdToRegister>132</VertexIdToRegister>
    <VertexIdToRegister>133</VertexIdToRegister>
    <VertexIdToRegister>134</VertexIdToRegister>
    <VertexIdToRegister>135</VertexIdToRegister>
    <VertexIdToRegister>136</VertexIdToRegister>
    <VertexIdToRegister>137</VertexIdToRegister>
    <VertexIdToRegister>138</VertexIdToRegister>
    <VertexIdToRegister>139</VertexIdToRegister>
    <VertexIdToRegister>146</VertexIdToRegister>
    <VertexIdToRegister>172</VertexIdToRegister>
    <VertexIdToRegister>193</VertexIdToRegister>
    <VertexIdToRegister>209</VertexIdToRegister>
    <VertexIdToRegister>210</VertexIdToRegister>
    <VertexIdToRegister>218</VertexIdToRegister>
    <VertexIdToRegister>223</VertexIdToRegister>
    <VertexIdToRegister>224</VertexIdToRegister>
    <VertexIdToRegister>237</VertexIdToRegister>
    <VertexIdToRegister>249</VertexIdToRegister>
    <VertexIdToRegister>269</VertexIdToRegister>
    <VertexIdToRegister>281</VertexIdToRegister>
    <VertexIdToRegister>289</VertexIdToRegister>
    <VertexIdToRegister>306</VertexIdToRegister>
    <VertexIdToRegister>322</VertexIdToRegister>
    <VertexIdToRegister>323</VertexIdToRegister>
    <VertexIdToRegister>329</VertexIdToRegister>
    <VertexIdToRegister>330</VertexIdToRegister>
    <VertexIdToRegister>331</VertexIdToRegister>
    <VertexIdToRegister>332</VertexIdToRegister>
    <VertexIdToRegister>333</VertexIdToRegister>
    <VertexIdToRegister>334</VertexIdToRegister>
    <VertexIdToRegister>335</VertexIdToRegister>
    <VertexIdToRegister>336</VertexIdToRegister>
    <VertexIdToRegister>337</VertexIdToRegister>
    <VertexIdToRegister>338</VertexIdToRegister>
    <VertexIdToRegister>339</VertexIdToRegister>
    <VertexIdToRegister>340</VertexIdToRegister>
    <VertexIdToRegister>341</VertexIdToRegister>
    <VertexIdToRegister>342</VertexIdToRegister>
    <VertexIdToRegister>343</VertexIdToRegister>
    <VertexIdToRegister>344</VertexIdToRegister>
    <VertexIdToRegister>345</VertexIdToRegister>
    <VertexIdToRegister>346</VertexIdToRegister>
    <VertexIdToRegister>347</VertexIdToRegister>
    <VertexIdToRegister>348</VertexIdToRegister>
    <VertexIdToRegister>349</VertexIdToRegister>
    <VertexIdToRegister>356</VertexIdToRegister>
    <VertexIdToRegister>378</VertexIdToRegister>
    <VertexIdToRegister>399</VertexIdToRegister>
    <VertexIdToRegister>415</VertexIdToRegister>
    <VertexIdToRegister>416</VertexIdToRegister>
    <VertexIdToRegister>424</VertexIdToRegister>
    <VertexIdToRegister>438</VertexIdToRegister>
    <VertexIdToRegister>467</VertexIdToRegister>
  </RegisterAssignments>
</Root>