<?xml version="1.0" encoding="utf-8" standalone="yes"?>
<Root>
  <processingTimeInMilliseconds>0.1409</processingTimeInMilliseconds>
  <RegisterAssignments>
    <VertexIdToRegister>11</VertexIdToRegister>
    <VertexIdToRegister>15</VertexIdToRegister>
    <VertexIdToRegister>18</VertexIdToRegister>
    <VertexIdToRegister>23</VertexIdToRegister>
    <VertexIdToRegister>26</VertexIdToRegister>
    <VertexIdToRegister>44</VertexIdToRegister>
    <VertexIdToRegister>48</VertexIdToRegister>
    <VertexIdToRegister>50</VertexIdToRegister>
    <VertexIdToRegister>71</VertexIdToRegister>
    <VertexIdToRegister>90</VertexIdToRegister>
    <VertexIdToRegister>105</VertexIdToRegister>
    <VertexIdToRegister>110</VertexIdToRegister>
    <VertexIdToRegister>120</VertexIdToRegister>
    <VertexIdToRegister>126</VertexIdToRegister>
    <VertexIdToRegister>132</VertexIdToRegister>
    <VertexIdToRegister>141</VertexIdToRegister>
    <VertexIdToRegister>142</VertexIdToRegister>
    <VertexIdToRegister>147</VertexIdToRegister>
    <VertexIdToRegister>148</VertexIdToRegister>
    <VertexIdToRegister>165</VertexIdToRegister>
    <VertexIdToRegister>166</VertexIdToRegister>
    <VertexIdToRegister>173</VertexIdToRegister>
    <VertexIdToRegister>181</VertexIdToRegister>
  </RegisterAssignments>
</Root>