<?xml version="1.0" encoding="utf-8" standalone="yes"?>
<Root>
  <processingTimeInMilliseconds>18.331300000000002</processingTimeInMilliseconds>
  <RegisterAssignments>
    <VertexIdToRegister>37</VertexIdToRegister>
    <VertexIdToRegister>40</VertexIdToRegister>
    <VertexIdToRegister>98</VertexIdToRegister>
    <VertexIdToRegister>107</VertexIdToRegister>
    <VertexIdToRegister>276</VertexIdToRegister>
    <VertexIdToRegister>315</VertexIdToRegister>
    <VertexIdToRegister>316</VertexIdToRegister>
    <VertexIdToRegister>355</VertexIdToRegister>
    <VertexIdToRegister>394</VertexIdToRegister>
    <VertexIdToRegister>395</VertexIdToRegister>
    <VertexIdToRegister>434</VertexIdToRegister>
    <VertexIdToRegister>435</VertexIdToRegister>
    <VertexIdToRegister>508</VertexIdToRegister>
    <VertexIdToRegister>509</VertexIdToRegister>
    <VertexIdToRegister>582</VertexIdToRegister>
    <VertexIdToRegister>583</VertexIdToRegister>
    <VertexIdToRegister>656</VertexIdToRegister>
    <VertexIdToRegister>657</VertexIdToRegister>
    <VertexIdToRegister>1158</VertexIdToRegister>
    <VertexIdToRegister>1159</VertexIdToRegister>
    <VertexIdToRegister>1160</VertexIdToRegister>
    <VertexIdToRegister>1161</VertexIdToRegister>
    <VertexIdToRegister>1162</VertexIdToRegister>
    <VertexIdToRegister>1169</VertexIdToRegister>
    <VertexIdToRegister>1170</VertexIdToRegister>
    <VertexIdToRegister>1177</VertexIdToRegister>
    <VertexIdToRegister>1178</VertexIdToRegister>
    <VertexIdToRegister>1179</VertexIdToRegister>
    <VertexIdToRegister>1180</VertexIdToRegister>
    <VertexIdToRegister>1181</VertexIdToRegister>
    <VertexIdToRegister>1188</VertexIdToRegister>
    <VertexIdToRegister>1189</VertexIdToRegister>
    <VertexIdToRegister>1297</VertexIdToRegister>
    <VertexIdToRegister>1301</VertexIdToRegister>
    <VertexIdToRegister>1410</VertexIdToRegister>
    <VertexIdToRegister>1411</VertexIdToRegister>
    <VertexIdToRegister>1413</VertexIdToRegister>
    <VertexIdToRegister>1414</VertexIdToRegister>
    <VertexIdToRegister>1416</VertexIdToRegister>
    <VertexIdToRegister>1452</VertexIdToRegister>
    <VertexIdToRegister>1453</VertexIdToRegister>
    <VertexIdToRegister>1461</VertexIdToRegister>
    <VertexIdToRegister>1462</VertexIdToRegister>
    <VertexIdToRegister>1472</VertexIdToRegister>
    <VertexIdToRegister>1473</VertexIdToRegister>
    <VertexIdToRegister>1475</VertexIdToRegister>
    <VertexIdToRegister>1481</VertexIdToRegister>
    <VertexIdToRegister>1482</VertexIdToRegister>
    <VertexIdToRegister>1484</VertexIdToRegister>
    <VertexIdToRegister>1490</VertexIdToRegister>
    <VertexIdToRegister>1491</VertexIdToRegister>
    <VertexIdToRegister>1499</VertexIdToRegister>
    <VertexIdToRegister>1500</VertexIdToRegister>
    <VertexIdToRegister>1508</VertexIdToRegister>
    <VertexIdToRegister>1509</VertexIdToRegister>
    <VertexIdToRegister>1511</VertexIdToRegister>
    <VertexIdToRegister>1517</VertexIdToRegister>
    <VertexIdToRegister>1518</VertexIdToRegister>
    <VertexIdToRegister>1520</VertexIdToRegister>
    <VertexIdToRegister>1521</VertexIdToRegister>
    <VertexIdToRegister>1522</VertexIdToRegister>
    <VertexIdToRegister>1524</VertexIdToRegister>
    <VertexIdToRegister>1526</VertexIdToRegister>
    <VertexIdToRegister>1528</VertexIdToRegister>
    <VertexIdToRegister>1530</VertexIdToRegister>
    <VertexIdToRegister>1532</VertexIdToRegister>
    <VertexIdToRegister>1534</VertexIdToRegister>
    <VertexIdToRegister>1536</VertexIdToRegister>
    <VertexIdToRegister>1538</VertexIdToRegister>
    <VertexIdToRegister>1578</VertexIdToRegister>
    <VertexIdToRegister>1582</VertexIdToRegister>
    <VertexIdToRegister>1586</VertexIdToRegister>
    <VertexIdToRegister>1590</VertexIdToRegister>
    <VertexIdToRegister>1594</VertexIdToRegister>
    <VertexIdToRegister>1598</VertexIdToRegister>
    <VertexIdToRegister>1602</VertexIdToRegister>
    <VertexIdToRegister>1606</VertexIdToRegister>
    <VertexIdToRegister>1620</VertexIdToRegister>
  </RegisterAssignments>
</Root>