<?xml version="1.0" encoding="utf-8" standalone="yes"?>
<Root>
  <processingTimeInMilliseconds>0.7066</processingTimeInMilliseconds>
  <RegisterAssignments>
    <VertexIdToRegister>19</VertexIdToRegister>
    <VertexIdToRegister>23</VertexIdToRegister>
    <VertexIdToRegister>41</VertexIdToRegister>
    <VertexIdToRegister>47</VertexIdToRegister>
    <VertexIdToRegister>68</VertexIdToRegister>
    <VertexIdToRegister>79</VertexIdToRegister>
    <VertexIdToRegister>82</VertexIdToRegister>
    <VertexIdToRegister>99</VertexIdToRegister>
    <VertexIdToRegister>106</VertexIdToRegister>
    <VertexIdToRegister>107</VertexIdToRegister>
    <VertexIdToRegister>127</VertexIdToRegister>
    <VertexIdToRegister>137</VertexIdToRegister>
    <VertexIdToRegister>144</VertexIdToRegister>
    <VertexIdToRegister>145</VertexIdToRegister>
    <VertexIdToRegister>165</VertexIdToRegister>
    <VertexIdToRegister>175</VertexIdToRegister>
    <VertexIdToRegister>182</VertexIdToRegister>
    <VertexIdToRegister>183</VertexIdToRegister>
    <VertexIdToRegister>203</VertexIdToRegister>
    <VertexIdToRegister>213</VertexIdToRegister>
    <VertexIdToRegister>220</VertexIdToRegister>
    <VertexIdToRegister>221</VertexIdToRegister>
    <VertexIdToRegister>241</VertexIdToRegister>
    <VertexIdToRegister>251</VertexIdToRegister>
    <VertexIdToRegister>258</VertexIdToRegister>
    <VertexIdToRegister>259</VertexIdToRegister>
    <VertexIdToRegister>279</VertexIdToRegister>
    <VertexIdToRegister>289</VertexIdToRegister>
    <VertexIdToRegister>296</VertexIdToRegister>
    <VertexIdToRegister>297</VertexIdToRegister>
    <VertexIdToRegister>316</VertexIdToRegister>
    <VertexIdToRegister>322</VertexIdToRegister>
    <VertexIdToRegister>325</VertexIdToRegister>
    <VertexIdToRegister>326</VertexIdToRegister>
    <VertexIdToRegister>338</VertexIdToRegister>
    <VertexIdToRegister>344</VertexIdToRegister>
    <VertexIdToRegister>347</VertexIdToRegister>
    <VertexIdToRegister>348</VertexIdToRegister>
    <VertexIdToRegister>360</VertexIdToRegister>
    <VertexIdToRegister>366</VertexIdToRegister>
    <VertexIdToRegister>369</VertexIdToRegister>
    <VertexIdToRegister>370</VertexIdToRegister>
    <VertexIdToRegister>382</VertexIdToRegister>
    <VertexIdToRegister>388</VertexIdToRegister>
    <VertexIdToRegister>391</VertexIdToRegister>
    <VertexIdToRegister>392</VertexIdToRegister>
    <VertexIdToRegister>404</VertexIdToRegister>
    <VertexIdToRegister>410</VertexIdToRegister>
    <VertexIdToRegister>413</VertexIdToRegister>
    <VertexIdToRegister>414</VertexIdToRegister>
    <VertexIdToRegister>426</VertexIdToRegister>
    <VertexIdToRegister>432</VertexIdToRegister>
    <VertexIdToRegister>435</VertexIdToRegister>
    <VertexIdToRegister>436</VertexIdToRegister>
    <VertexIdToRegister>448</VertexIdToRegister>
    <VertexIdToRegister>454</VertexIdToRegister>
    <VertexIdToRegister>457</VertexIdToRegister>
    <VertexIdToRegister>458</VertexIdToRegister>
    <VertexIdToRegister>470</VertexIdToRegister>
    <VertexIdToRegister>476</VertexIdToRegister>
    <VertexIdToRegister>479</VertexIdToRegister>
    <VertexIdToRegister>480</VertexIdToRegister>
    <VertexIdToRegister>492</VertexIdToRegister>
    <VertexIdToRegister>498</VertexIdToRegister>
    <VertexIdToRegister>501</VertexIdToRegister>
    <VertexIdToRegister>502</VertexIdToRegister>
    <VertexIdToRegister>514</VertexIdToRegister>
    <VertexIdToRegister>520</VertexIdToRegister>
    <VertexIdToRegister>523</VertexIdToRegister>
    <VertexIdToRegister>524</VertexIdToRegister>
    <VertexIdToRegister>536</VertexIdToRegister>
    <VertexIdToRegister>542</VertexIdToRegister>
    <VertexIdToRegister>545</VertexIdToRegister>
    <VertexIdToRegister>546</VertexIdToRegister>
    <VertexIdToRegister>558</VertexIdToRegister>
    <VertexIdToRegister>564</VertexIdToRegister>
    <VertexIdToRegister>567</VertexIdToRegister>
    <VertexIdToRegister>568</VertexIdToRegister>
    <VertexIdToRegister>580</VertexIdToRegister>
    <VertexIdToRegister>586</VertexIdToRegister>
    <VertexIdToRegister>589</VertexIdToRegister>
    <VertexIdToRegister>590</VertexIdToRegister>
    <VertexIdToRegister>602</VertexIdToRegister>
    <VertexIdToRegister>608</VertexIdToRegister>
    <VertexIdToRegister>611</VertexIdToRegister>
    <VertexIdToRegister>612</VertexIdToRegister>
    <VertexIdToRegister>624</VertexIdToRegister>
    <VertexIdToRegister>630</VertexIdToRegister>
    <VertexIdToRegister>633</VertexIdToRegister>
    <VertexIdToRegister>634</VertexIdToRegister>
    <VertexIdToRegister>646</VertexIdToRegister>
    <VertexIdToRegister>652</VertexIdToRegister>
    <VertexIdToRegister>655</VertexIdToRegister>
    <VertexIdToRegister>656</VertexIdToRegister>
    <VertexIdToRegister>668</VertexIdToRegister>
    <VertexIdToRegister>674</VertexIdToRegister>
    <VertexIdToRegister>677</VertexIdToRegister>
    <VertexIdToRegister>678</VertexIdToRegister>
    <VertexIdToRegister>690</VertexIdToRegister>
    <VertexIdToRegister>696</VertexIdToRegister>
    <VertexIdToRegister>699</VertexIdToRegister>
    <VertexIdToRegister>700</VertexIdToRegister>
    <VertexIdToRegister>712</VertexIdToRegister>
    <VertexIdToRegister>718</VertexIdToRegister>
    <VertexIdToRegister>721</VertexIdToRegister>
    <VertexIdToRegister>722</VertexIdToRegister>
    <VertexIdToRegister>734</VertexIdToRegister>
    <VertexIdToRegister>740</VertexIdToRegister>
    <VertexIdToRegister>743</VertexIdToRegister>
    <VertexIdToRegister>744</VertexIdToRegister>
    <VertexIdToRegister>756</VertexIdToRegister>
    <VertexIdToRegister>762</VertexIdToRegister>
    <VertexIdToRegister>765</VertexIdToRegister>
    <VertexIdToRegister>766</VertexIdToRegister>
    <VertexIdToRegister>778</VertexIdToRegister>
    <VertexIdToRegister>784</VertexIdToRegister>
    <VertexIdToRegister>787</VertexIdToRegister>
    <VertexIdToRegister>788</VertexIdToRegister>
    <VertexIdToRegister>800</VertexIdToRegister>
    <VertexIdToRegister>806</VertexIdToRegister>
    <VertexIdToRegister>809</VertexIdToRegister>
    <VertexIdToRegister>810</VertexIdToRegister>
    <VertexIdToRegister>822</VertexIdToRegister>
    <VertexIdToRegister>828</VertexIdToRegister>
    <VertexIdToRegister>831</VertexIdToRegister>
    <VertexIdToRegister>832</VertexIdToRegister>
    <VertexIdToRegister>844</VertexIdToRegister>
    <VertexIdToRegister>850</VertexIdToRegister>
    <VertexIdToRegister>853</VertexIdToRegister>
    <VertexIdToRegister>854</VertexIdToRegister>
    <VertexIdToRegister>859</VertexIdToRegister>
  </RegisterAssignments>
</Root>