<?xml version="1.0" encoding="utf-8" standalone="yes"?>
<Root>
  <processingTimeInMilliseconds>1.3745</processingTimeInMilliseconds>
  <RegisterAssignments>
    <VertexIdToRegister>78</VertexIdToRegister>
    <VertexIdToRegister>84</VertexIdToRegister>
    <VertexIdToRegister>92</VertexIdToRegister>
    <VertexIdToRegister>96</VertexIdToRegister>
    <VertexIdToRegister>97</VertexIdToRegister>
    <VertexIdToRegister>99</VertexIdToRegister>
    <VertexIdToRegister>100</VertexIdToRegister>
    <VertexIdToRegister>102</VertexIdToRegister>
    <VertexIdToRegister>103</VertexIdToRegister>
    <VertexIdToRegister>105</VertexIdToRegister>
    <VertexIdToRegister>106</VertexIdToRegister>
    <VertexIdToRegister>108</VertexIdToRegister>
    <VertexIdToRegister>109</VertexIdToRegister>
    <VertexIdToRegister>111</VertexIdToRegister>
    <VertexIdToRegister>112</VertexIdToRegister>
    <VertexIdToRegister>114</VertexIdToRegister>
    <VertexIdToRegister>115</VertexIdToRegister>
    <VertexIdToRegister>117</VertexIdToRegister>
    <VertexIdToRegister>118</VertexIdToRegister>
    <VertexIdToRegister>120</VertexIdToRegister>
    <VertexIdToRegister>121</VertexIdToRegister>
    <VertexIdToRegister>123</VertexIdToRegister>
    <VertexIdToRegister>124</VertexIdToRegister>
    <VertexIdToRegister>126</VertexIdToRegister>
    <VertexIdToRegister>127</VertexIdToRegister>
    <VertexIdToRegister>129</VertexIdToRegister>
    <VertexIdToRegister>130</VertexIdToRegister>
    <VertexIdToRegister>132</VertexIdToRegister>
    <VertexIdToRegister>202</VertexIdToRegister>
    <VertexIdToRegister>204</VertexIdToRegister>
    <VertexIdToRegister>206</VertexIdToRegister>
    <VertexIdToRegister>208</VertexIdToRegister>
    <VertexIdToRegister>210</VertexIdToRegister>
    <VertexIdToRegister>212</VertexIdToRegister>
    <VertexIdToRegister>214</VertexIdToRegister>
    <VertexIdToRegister>216</VertexIdToRegister>
    <VertexIdToRegister>218</VertexIdToRegister>
    <VertexIdToRegister>220</VertexIdToRegister>
    <VertexIdToRegister>222</VertexIdToRegister>
    <VertexIdToRegister>224</VertexIdToRegister>
    <VertexIdToRegister>1042</VertexIdToRegister>
    <VertexIdToRegister>1051</VertexIdToRegister>
    <VertexIdToRegister>1291</VertexIdToRegister>
    <VertexIdToRegister>1295</VertexIdToRegister>
    <VertexIdToRegister>1416</VertexIdToRegister>
    <VertexIdToRegister>1419</VertexIdToRegister>
    <VertexIdToRegister>1533</VertexIdToRegister>
    <VertexIdToRegister>1537</VertexIdToRegister>
    <VertexIdToRegister>1545</VertexIdToRegister>
    <VertexIdToRegister>1546</VertexIdToRegister>
    <VertexIdToRegister>1547</VertexIdToRegister>
    <VertexIdToRegister>1552</VertexIdToRegister>
    <VertexIdToRegister>1553</VertexIdToRegister>
    <VertexIdToRegister>1554</VertexIdToRegister>
    <VertexIdToRegister>1559</VertexIdToRegister>
    <VertexIdToRegister>1560</VertexIdToRegister>
    <VertexIdToRegister>1561</VertexIdToRegister>
    <VertexIdToRegister>1566</VertexIdToRegister>
    <VertexIdToRegister>1567</VertexIdToRegister>
    <VertexIdToRegister>1568</VertexIdToRegister>
    <VertexIdToRegister>1573</VertexIdToRegister>
    <VertexIdToRegister>1574</VertexIdToRegister>
    <VertexIdToRegister>1575</VertexIdToRegister>
    <VertexIdToRegister>1580</VertexIdToRegister>
    <VertexIdToRegister>1581</VertexIdToRegister>
    <VertexIdToRegister>1582</VertexIdToRegister>
    <VertexIdToRegister>1587</VertexIdToRegister>
    <VertexIdToRegister>1588</VertexIdToRegister>
    <VertexIdToRegister>1589</VertexIdToRegister>
    <VertexIdToRegister>1594</VertexIdToRegister>
    <VertexIdToRegister>1595</VertexIdToRegister>
    <VertexIdToRegister>1596</VertexIdToRegister>
    <VertexIdToRegister>1605</VertexIdToRegister>
    <VertexIdToRegister>1608</VertexIdToRegister>
    <VertexIdToRegister>1611</VertexIdToRegister>
    <VertexIdToRegister>1614</VertexIdToRegister>
    <VertexIdToRegister>1617</VertexIdToRegister>
    <VertexIdToRegister>1620</VertexIdToRegister>
    <VertexIdToRegister>1623</VertexIdToRegister>
    <VertexIdToRegister>1626</VertexIdToRegister>
    <VertexIdToRegister>1629</VertexIdToRegister>
    <VertexIdToRegister>1632</VertexIdToRegister>
    <VertexIdToRegister>1651</VertexIdToRegister>
    <VertexIdToRegister>1655</VertexIdToRegister>
    <VertexIdToRegister>1659</VertexIdToRegister>
    <VertexIdToRegister>1663</VertexIdToRegister>
    <VertexIdToRegister>1667</VertexIdToRegister>
    <VertexIdToRegister>1671</VertexIdToRegister>
    <VertexIdToRegister>1675</VertexIdToRegister>
    <VertexIdToRegister>1679</VertexIdToRegister>
    <VertexIdToRegister>1714</VertexIdToRegister>
    <VertexIdToRegister>1715</VertexIdToRegister>
    <VertexIdToRegister>1719</VertexIdToRegister>
    <VertexIdToRegister>1720</VertexIdToRegister>
    <VertexIdToRegister>1725</VertexIdToRegister>
    <VertexIdToRegister>1726</VertexIdToRegister>
    <VertexIdToRegister>1744</VertexIdToRegister>
    <VertexIdToRegister>1745</VertexIdToRegister>
    <VertexIdToRegister>1840</VertexIdToRegister>
    <VertexIdToRegister>1844</VertexIdToRegister>
    <VertexIdToRegister>1848</VertexIdToRegister>
    <VertexIdToRegister>1852</VertexIdToRegister>
    <VertexIdToRegister>1856</VertexIdToRegister>
    <VertexIdToRegister>1860</VertexIdToRegister>
  </RegisterAssignments>
</Root>