<?xml version="1.0" encoding="utf-8" standalone="yes"?>
<Root>
  <processingTimeInMilliseconds>0.9403</processingTimeInMilliseconds>
  <RegisterAssignments>
    <VertexIdToRegister>7</VertexIdToRegister>
    <VertexIdToRegister>9</VertexIdToRegister>
    <VertexIdToRegister>11</VertexIdToRegister>
    <VertexIdToRegister>23</VertexIdToRegister>
    <VertexIdToRegister>25</VertexIdToRegister>
    <VertexIdToRegister>59</VertexIdToRegister>
    <VertexIdToRegister>74</VertexIdToRegister>
    <VertexIdToRegister>80</VertexIdToRegister>
    <VertexIdToRegister>83</VertexIdToRegister>
    <VertexIdToRegister>86</VertexIdToRegister>
    <VertexIdToRegister>91</VertexIdToRegister>
    <VertexIdToRegister>95</VertexIdToRegister>
    <VertexIdToRegister>100</VertexIdToRegister>
    <VertexIdToRegister>106</VertexIdToRegister>
    <VertexIdToRegister>113</VertexIdToRegister>
    <VertexIdToRegister>116</VertexIdToRegister>
    <VertexIdToRegister>122</VertexIdToRegister>
  </RegisterAssignments>
</Root>