<?xml version="1.0" encoding="utf-8" standalone="yes"?>
<Root>
  <processingTimeInMilliseconds>0.4413</processingTimeInMilliseconds>
  <RegisterAssignments>
    <VertexIdToRegister>2</VertexIdToRegister>
    <VertexIdToRegister>4</VertexIdToRegister>
    <VertexIdToRegister>6</VertexIdToRegister>
    <VertexIdToRegister>23</VertexIdToRegister>
    <VertexIdToRegister>36</VertexIdToRegister>
    <VertexIdToRegister>37</VertexIdToRegister>
    <VertexIdToRegister>38</VertexIdToRegister>
    <VertexIdToRegister>45</VertexIdToRegister>
    <VertexIdToRegister>46</VertexIdToRegister>
    <VertexIdToRegister>57</VertexIdToRegister>
    <VertexIdToRegister>58</VertexIdToRegister>
    <VertexIdToRegister>59</VertexIdToRegister>
    <VertexIdToRegister>67</VertexIdToRegister>
    <VertexIdToRegister>68</VertexIdToRegister>
    <VertexIdToRegister>72</VertexIdToRegister>
    <VertexIdToRegister>73</VertexIdToRegister>
    <VertexIdToRegister>74</VertexIdToRegister>
    <VertexIdToRegister>85</VertexIdToRegister>
    <VertexIdToRegister>87</VertexIdToRegister>
  </RegisterAssignments>
</Root>