<?xml version="1.0" encoding="utf-8" standalone="yes"?>
<Root>
  <processingTimeInMilliseconds>0.0979</processingTimeInMilliseconds>
  <RegisterAssignments>
    <VertexIdToRegister>16</VertexIdToRegister>
    <VertexIdToRegister>19</VertexIdToRegister>
    <VertexIdToRegister>22</VertexIdToRegister>
    <VertexIdToRegister>25</VertexIdToRegister>
    <VertexIdToRegister>27</VertexIdToRegister>
    <VertexIdToRegister>30</VertexIdToRegister>
    <VertexIdToRegister>33</VertexIdToRegister>
    <VertexIdToRegister>36</VertexIdToRegister>
    <VertexIdToRegister>66</VertexIdToRegister>
  </RegisterAssignments>
</Root>