<?xml version="1.0" encoding="utf-8" standalone="yes"?>
<Root>
  <processingTimeInMilliseconds>0.9058</processingTimeInMilliseconds>
  <RegisterAssignments>
    <VertexIdToRegister>73</VertexIdToRegister>
    <VertexIdToRegister>76</VertexIdToRegister>
    <VertexIdToRegister>79</VertexIdToRegister>
    <VertexIdToRegister>82</VertexIdToRegister>
    <VertexIdToRegister>96</VertexIdToRegister>
    <VertexIdToRegister>102</VertexIdToRegister>
    <VertexIdToRegister>105</VertexIdToRegister>
    <VertexIdToRegister>112</VertexIdToRegister>
    <VertexIdToRegister>116</VertexIdToRegister>
    <VertexIdToRegister>167</VertexIdToRegister>
    <VertexIdToRegister>171</VertexIdToRegister>
    <VertexIdToRegister>204</VertexIdToRegister>
    <VertexIdToRegister>219</VertexIdToRegister>
    <VertexIdToRegister>223</VertexIdToRegister>
    <VertexIdToRegister>256</VertexIdToRegister>
    <VertexIdToRegister>271</VertexIdToRegister>
    <VertexIdToRegister>275</VertexIdToRegister>
    <VertexIdToRegister>308</VertexIdToRegister>
    <VertexIdToRegister>323</VertexIdToRegister>
    <VertexIdToRegister>327</VertexIdToRegister>
    <VertexIdToRegister>360</VertexIdToRegister>
    <VertexIdToRegister>375</VertexIdToRegister>
    <VertexIdToRegister>379</VertexIdToRegister>
    <VertexIdToRegister>412</VertexIdToRegister>
    <VertexIdToRegister>427</VertexIdToRegister>
    <VertexIdToRegister>431</VertexIdToRegister>
    <VertexIdToRegister>464</VertexIdToRegister>
    <VertexIdToRegister>479</VertexIdToRegister>
    <VertexIdToRegister>483</VertexIdToRegister>
    <VertexIdToRegister>516</VertexIdToRegister>
    <VertexIdToRegister>531</VertexIdToRegister>
    <VertexIdToRegister>535</VertexIdToRegister>
    <VertexIdToRegister>568</VertexIdToRegister>
    <VertexIdToRegister>583</VertexIdToRegister>
    <VertexIdToRegister>587</VertexIdToRegister>
    <VertexIdToRegister>620</VertexIdToRegister>
    <VertexIdToRegister>635</VertexIdToRegister>
    <VertexIdToRegister>639</VertexIdToRegister>
    <VertexIdToRegister>663</VertexIdToRegister>
    <VertexIdToRegister>670</VertexIdToRegister>
    <VertexIdToRegister>674</VertexIdToRegister>
    <VertexIdToRegister>691</VertexIdToRegister>
    <VertexIdToRegister>698</VertexIdToRegister>
    <VertexIdToRegister>702</VertexIdToRegister>
    <VertexIdToRegister>719</VertexIdToRegister>
    <VertexIdToRegister>726</VertexIdToRegister>
    <VertexIdToRegister>730</VertexIdToRegister>
    <VertexIdToRegister>747</VertexIdToRegister>
    <VertexIdToRegister>754</VertexIdToRegister>
    <VertexIdToRegister>758</VertexIdToRegister>
    <VertexIdToRegister>775</VertexIdToRegister>
    <VertexIdToRegister>782</VertexIdToRegister>
    <VertexIdToRegister>786</VertexIdToRegister>
    <VertexIdToRegister>803</VertexIdToRegister>
    <VertexIdToRegister>810</VertexIdToRegister>
    <VertexIdToRegister>814</VertexIdToRegister>
    <VertexIdToRegister>831</VertexIdToRegister>
    <VertexIdToRegister>838</VertexIdToRegister>
    <VertexIdToRegister>842</VertexIdToRegister>
    <VertexIdToRegister>859</VertexIdToRegister>
    <VertexIdToRegister>866</VertexIdToRegister>
    <VertexIdToRegister>870</VertexIdToRegister>
    <VertexIdToRegister>887</VertexIdToRegister>
    <VertexIdToRegister>894</VertexIdToRegister>
    <VertexIdToRegister>898</VertexIdToRegister>
    <VertexIdToRegister>915</VertexIdToRegister>
    <VertexIdToRegister>922</VertexIdToRegister>
    <VertexIdToRegister>926</VertexIdToRegister>
    <VertexIdToRegister>943</VertexIdToRegister>
    <VertexIdToRegister>950</VertexIdToRegister>
    <VertexIdToRegister>954</VertexIdToRegister>
    <VertexIdToRegister>971</VertexIdToRegister>
    <VertexIdToRegister>978</VertexIdToRegister>
    <VertexIdToRegister>982</VertexIdToRegister>
    <VertexIdToRegister>999</VertexIdToRegister>
    <VertexIdToRegister>1006</VertexIdToRegister>
    <VertexIdToRegister>1010</VertexIdToRegister>
    <VertexIdToRegister>1027</VertexIdToRegister>
    <VertexIdToRegister>1034</VertexIdToRegister>
    <VertexIdToRegister>1038</VertexIdToRegister>
    <VertexIdToRegister>1055</VertexIdToRegister>
    <VertexIdToRegister>1062</VertexIdToRegister>
    <VertexIdToRegister>1066</VertexIdToRegister>
    <VertexIdToRegister>1083</VertexIdToRegister>
    <VertexIdToRegister>1090</VertexIdToRegister>
    <VertexIdToRegister>1094</VertexIdToRegister>
    <VertexIdToRegister>1111</VertexIdToRegister>
    <VertexIdToRegister>1118</VertexIdToRegister>
    <VertexIdToRegister>1122</VertexIdToRegister>
    <VertexIdToRegister>1139</VertexIdToRegister>
    <VertexIdToRegister>1146</VertexIdToRegister>
    <VertexIdToRegister>1150</VertexIdToRegister>
    <VertexIdToRegister>1167</VertexIdToRegister>
    <VertexIdToRegister>1174</VertexIdToRegister>
    <VertexIdToRegister>1178</VertexIdToRegister>
    <VertexIdToRegister>1195</VertexIdToRegister>
    <VertexIdToRegister>1202</VertexIdToRegister>
    <VertexIdToRegister>1206</VertexIdToRegister>
    <VertexIdToRegister>1223</VertexIdToRegister>
    <VertexIdToRegister>1228</VertexIdToRegister>
  </RegisterAssignments>
</Root>