<?xml version="1.0" encoding="utf-8" standalone="yes"?>
<Root>
  <processingTimeInMilliseconds>0.0</processingTimeInMilliseconds>
  <RegisterAssignments>
    <VertexIdToRegister>45</VertexIdToRegister>
    <VertexIdToRegister>220</VertexIdToRegister>
    <VertexIdToRegister>85</VertexIdToRegister>
    <VertexIdToRegister>204</VertexIdToRegister>
    <VertexIdToRegister>219</VertexIdToRegister>
    <VertexIdToRegister>89</VertexIdToRegister>
    <VertexIdToRegister>81</VertexIdToRegister>
  </RegisterAssignments>
</Root>
