<?xml version="1.0" encoding="utf-8" standalone="yes"?>
<Root>
  <processingTimeInMilliseconds>3.7946</processingTimeInMilliseconds>
  <RegisterAssignments>
    <VertexIdToRegister>2</VertexIdToRegister>
    <VertexIdToRegister>57</VertexIdToRegister>
    <VertexIdToRegister>58</VertexIdToRegister>
    <VertexIdToRegister>59</VertexIdToRegister>
    <VertexIdToRegister>109</VertexIdToRegister>
    <VertexIdToRegister>110</VertexIdToRegister>
    <VertexIdToRegister>111</VertexIdToRegister>
    <VertexIdToRegister>161</VertexIdToRegister>
    <VertexIdToRegister>162</VertexIdToRegister>
    <VertexIdToRegister>163</VertexIdToRegister>
    <VertexIdToRegister>213</VertexIdToRegister>
    <VertexIdToRegister>214</VertexIdToRegister>
    <VertexIdToRegister>215</VertexIdToRegister>
    <VertexIdToRegister>265</VertexIdToRegister>
    <VertexIdToRegister>266</VertexIdToRegister>
    <VertexIdToRegister>267</VertexIdToRegister>
    <VertexIdToRegister>317</VertexIdToRegister>
    <VertexIdToRegister>318</VertexIdToRegister>
    <VertexIdToRegister>319</VertexIdToRegister>
    <VertexIdToRegister>369</VertexIdToRegister>
    <VertexIdToRegister>370</VertexIdToRegister>
    <VertexIdToRegister>371</VertexIdToRegister>
    <VertexIdToRegister>376</VertexIdToRegister>
    <VertexIdToRegister>379</VertexIdToRegister>
    <VertexIdToRegister>423</VertexIdToRegister>
    <VertexIdToRegister>427</VertexIdToRegister>
  </RegisterAssignments>
</Root>