<?xml version="1.0" encoding="utf-8" standalone="yes"?>
<Root>
  <processingTimeInMilliseconds>0.1904</processingTimeInMilliseconds>
  <RegisterAssignments>
    <VertexIdToRegister>33</VertexIdToRegister>
    <VertexIdToRegister>35</VertexIdToRegister>
    <VertexIdToRegister>38</VertexIdToRegister>
    <VertexIdToRegister>40</VertexIdToRegister>
    <VertexIdToRegister>43</VertexIdToRegister>
    <VertexIdToRegister>45</VertexIdToRegister>
    <VertexIdToRegister>47</VertexIdToRegister>
    <VertexIdToRegister>102</VertexIdToRegister>
    <VertexIdToRegister>107</VertexIdToRegister>
    <VertexIdToRegister>116</VertexIdToRegister>
    <VertexIdToRegister>124</VertexIdToRegister>
    <VertexIdToRegister>129</VertexIdToRegister>
    <VertexIdToRegister>135</VertexIdToRegister>
    <VertexIdToRegister>138</VertexIdToRegister>
    <VertexIdToRegister>139</VertexIdToRegister>
    <VertexIdToRegister>141</VertexIdToRegister>
    <VertexIdToRegister>144</VertexIdToRegister>
    <VertexIdToRegister>147</VertexIdToRegister>
    <VertexIdToRegister>174</VertexIdToRegister>
    <VertexIdToRegister>186</VertexIdToRegister>
    <VertexIdToRegister>189</VertexIdToRegister>
    <VertexIdToRegister>192</VertexIdToRegister>
    <VertexIdToRegister>194</VertexIdToRegister>
    <VertexIdToRegister>202</VertexIdToRegister>
    <VertexIdToRegister>203</VertexIdToRegister>
    <VertexIdToRegister>205</VertexIdToRegister>
    <VertexIdToRegister>232</VertexIdToRegister>
    <VertexIdToRegister>235</VertexIdToRegister>
    <VertexIdToRegister>246</VertexIdToRegister>
    <VertexIdToRegister>256</VertexIdToRegister>
    <VertexIdToRegister>260</VertexIdToRegister>
    <VertexIdToRegister>261</VertexIdToRegister>
    <VertexIdToRegister>264</VertexIdToRegister>
    <VertexIdToRegister>293</VertexIdToRegister>
    <VertexIdToRegister>295</VertexIdToRegister>
    <VertexIdToRegister>297</VertexIdToRegister>
  </RegisterAssignments>
</Root>