<?xml version="1.0" encoding="utf-8" standalone="yes"?>
<Root>
  <processingTimeInMilliseconds>0.0814</processingTimeInMilliseconds>
  <RegisterAssignments>
    <VertexIdToRegister>56</VertexIdToRegister>
    <VertexIdToRegister>57</VertexIdToRegister>
    <VertexIdToRegister>58</VertexIdToRegister>
    <VertexIdToRegister>59</VertexIdToRegister>
    <VertexIdToRegister>70</VertexIdToRegister>
    <VertexIdToRegister>86</VertexIdToRegister>
    <VertexIdToRegister>87</VertexIdToRegister>
  </RegisterAssignments>
</Root>