<?xml version="1.0" encoding="utf-8" standalone="yes"?>
<Root>
  <processingTimeInMilliseconds>0.2268</processingTimeInMilliseconds>
  <RegisterAssignments>
    <VertexIdToRegister>45</VertexIdToRegister>
    <VertexIdToRegister>47</VertexIdToRegister>
    <VertexIdToRegister>50</VertexIdToRegister>
    <VertexIdToRegister>61</VertexIdToRegister>
    <VertexIdToRegister>83</VertexIdToRegister>
    <VertexIdToRegister>95</VertexIdToRegister>
    <VertexIdToRegister>115</VertexIdToRegister>
    <VertexIdToRegister>120</VertexIdToRegister>
    <VertexIdToRegister>121</VertexIdToRegister>
    <VertexIdToRegister>122</VertexIdToRegister>
    <VertexIdToRegister>125</VertexIdToRegister>
    <VertexIdToRegister>129</VertexIdToRegister>
    <VertexIdToRegister>146</VertexIdToRegister>
    <VertexIdToRegister>180</VertexIdToRegister>
    <VertexIdToRegister>196</VertexIdToRegister>
  </RegisterAssignments>
</Root>