<?xml version="1.0" encoding="utf-8" standalone="yes"?>
<Root>
  <processingTimeInMilliseconds>0.27</processingTimeInMilliseconds>
  <RegisterAssignments>
    <VertexIdToRegister>1</VertexIdToRegister>
    <VertexIdToRegister>13</VertexIdToRegister>
    <VertexIdToRegister>32</VertexIdToRegister>
    <VertexIdToRegister>42</VertexIdToRegister>
    <VertexIdToRegister>44</VertexIdToRegister>
    <VertexIdToRegister>46</VertexIdToRegister>
    <VertexIdToRegister>57</VertexIdToRegister>
  </RegisterAssignments>
</Root>