<?xml version="1.0" encoding="utf-8" standalone="yes"?>
<Root>
  <processingTimeInMilliseconds>37.3738</processingTimeInMilliseconds>
  <RegisterAssignments>
    <VertexIdToRegister>0</VertexIdToRegister>
    <VertexIdToRegister>713</VertexIdToRegister>
    <VertexIdToRegister>734</VertexIdToRegister>
    <VertexIdToRegister>753</VertexIdToRegister>
    <VertexIdToRegister>756</VertexIdToRegister>
    <VertexIdToRegister>853</VertexIdToRegister>
    <VertexIdToRegister>874</VertexIdToRegister>
    <VertexIdToRegister>893</VertexIdToRegister>
    <VertexIdToRegister>896</VertexIdToRegister>
    <VertexIdToRegister>923</VertexIdToRegister>
    <VertexIdToRegister>963</VertexIdToRegister>
    <VertexIdToRegister>1014</VertexIdToRegister>
    <VertexIdToRegister>1015</VertexIdToRegister>
    <VertexIdToRegister>1036</VertexIdToRegister>
    <VertexIdToRegister>1063</VertexIdToRegister>
    <VertexIdToRegister>1064</VertexIdToRegister>
    <VertexIdToRegister>1103</VertexIdToRegister>
    <VertexIdToRegister>1154</VertexIdToRegister>
    <VertexIdToRegister>1155</VertexIdToRegister>
    <VertexIdToRegister>1176</VertexIdToRegister>
    <VertexIdToRegister>1177</VertexIdToRegister>
    <VertexIdToRegister>1203</VertexIdToRegister>
    <VertexIdToRegister>1204</VertexIdToRegister>
    <VertexIdToRegister>1224</VertexIdToRegister>
    <VertexIdToRegister>1225</VertexIdToRegister>
    <VertexIdToRegister>1243</VertexIdToRegister>
    <VertexIdToRegister>1244</VertexIdToRegister>
    <VertexIdToRegister>1246</VertexIdToRegister>
    <VertexIdToRegister>1294</VertexIdToRegister>
    <VertexIdToRegister>1316</VertexIdToRegister>
    <VertexIdToRegister>1317</VertexIdToRegister>
    <VertexIdToRegister>1343</VertexIdToRegister>
    <VertexIdToRegister>1344</VertexIdToRegister>
    <VertexIdToRegister>1364</VertexIdToRegister>
    <VertexIdToRegister>1365</VertexIdToRegister>
    <VertexIdToRegister>1383</VertexIdToRegister>
    <VertexIdToRegister>1384</VertexIdToRegister>
    <VertexIdToRegister>1386</VertexIdToRegister>
    <VertexIdToRegister>1387</VertexIdToRegister>
    <VertexIdToRegister>1483</VertexIdToRegister>
    <VertexIdToRegister>1484</VertexIdToRegister>
    <VertexIdToRegister>1504</VertexIdToRegister>
    <VertexIdToRegister>1505</VertexIdToRegister>
    <VertexIdToRegister>1523</VertexIdToRegister>
    <VertexIdToRegister>1524</VertexIdToRegister>
    <VertexIdToRegister>1526</VertexIdToRegister>
    <VertexIdToRegister>1527</VertexIdToRegister>
    <VertexIdToRegister>1553</VertexIdToRegister>
    <VertexIdToRegister>1554</VertexIdToRegister>
    <VertexIdToRegister>1593</VertexIdToRegister>
    <VertexIdToRegister>1623</VertexIdToRegister>
    <VertexIdToRegister>1624</VertexIdToRegister>
    <VertexIdToRegister>1644</VertexIdToRegister>
    <VertexIdToRegister>1645</VertexIdToRegister>
    <VertexIdToRegister>1663</VertexIdToRegister>
    <VertexIdToRegister>1664</VertexIdToRegister>
    <VertexIdToRegister>1666</VertexIdToRegister>
    <VertexIdToRegister>1667</VertexIdToRegister>
    <VertexIdToRegister>1693</VertexIdToRegister>
    <VertexIdToRegister>1694</VertexIdToRegister>
    <VertexIdToRegister>1733</VertexIdToRegister>
    <VertexIdToRegister>1734</VertexIdToRegister>
    <VertexIdToRegister>1775</VertexIdToRegister>
    <VertexIdToRegister>1776</VertexIdToRegister>
    <VertexIdToRegister>1791</VertexIdToRegister>
    <VertexIdToRegister>1793</VertexIdToRegister>
    <VertexIdToRegister>1794</VertexIdToRegister>
    <VertexIdToRegister>1811</VertexIdToRegister>
    <VertexIdToRegister>1812</VertexIdToRegister>
    <VertexIdToRegister>1824</VertexIdToRegister>
    <VertexIdToRegister>1834</VertexIdToRegister>
    <VertexIdToRegister>1835</VertexIdToRegister>
    <VertexIdToRegister>1867</VertexIdToRegister>
    <VertexIdToRegister>1868</VertexIdToRegister>
    <VertexIdToRegister>1881</VertexIdToRegister>
    <VertexIdToRegister>1882</VertexIdToRegister>
    <VertexIdToRegister>1899</VertexIdToRegister>
    <VertexIdToRegister>1900</VertexIdToRegister>
    <VertexIdToRegister>1911</VertexIdToRegister>
    <VertexIdToRegister>1912</VertexIdToRegister>
    <VertexIdToRegister>1922</VertexIdToRegister>
    <VertexIdToRegister>1923</VertexIdToRegister>
    <VertexIdToRegister>1925</VertexIdToRegister>
    <VertexIdToRegister>1926</VertexIdToRegister>
    <VertexIdToRegister>1967</VertexIdToRegister>
    <VertexIdToRegister>2001</VertexIdToRegister>
    <VertexIdToRegister>2002</VertexIdToRegister>
    <VertexIdToRegister>2004</VertexIdToRegister>
    <VertexIdToRegister>2005</VertexIdToRegister>
    <VertexIdToRegister>2117</VertexIdToRegister>
  </RegisterAssignments>
</Root>