<?xml version="1.0" encoding="utf-8" standalone="yes"?>
<Root>
  <processingTimeInMilliseconds>1.7822</processingTimeInMilliseconds>
  <RegisterAssignments>
    <VertexIdToRegister>0</VertexIdToRegister>
    <VertexIdToRegister>62</VertexIdToRegister>
    <VertexIdToRegister>67</VertexIdToRegister>
    <VertexIdToRegister>70</VertexIdToRegister>
    <VertexIdToRegister>73</VertexIdToRegister>
    <VertexIdToRegister>76</VertexIdToRegister>
    <VertexIdToRegister>111</VertexIdToRegister>
    <VertexIdToRegister>117</VertexIdToRegister>
  </RegisterAssignments>
</Root>