<?xml version="1.0" encoding="utf-8" standalone="yes"?>
<Root>
  <processingTimeInMilliseconds>0.6369</processingTimeInMilliseconds>
  <RegisterAssignments>
    <VertexIdToRegister>92</VertexIdToRegister>
    <VertexIdToRegister>94</VertexIdToRegister>
    <VertexIdToRegister>96</VertexIdToRegister>
    <VertexIdToRegister>99</VertexIdToRegister>
    <VertexIdToRegister>119</VertexIdToRegister>
    <VertexIdToRegister>122</VertexIdToRegister>
    <VertexIdToRegister>135</VertexIdToRegister>
    <VertexIdToRegister>145</VertexIdToRegister>
    <VertexIdToRegister>149</VertexIdToRegister>
    <VertexIdToRegister>152</VertexIdToRegister>
    <VertexIdToRegister>172</VertexIdToRegister>
    <VertexIdToRegister>175</VertexIdToRegister>
    <VertexIdToRegister>188</VertexIdToRegister>
    <VertexIdToRegister>198</VertexIdToRegister>
    <VertexIdToRegister>202</VertexIdToRegister>
    <VertexIdToRegister>205</VertexIdToRegister>
    <VertexIdToRegister>225</VertexIdToRegister>
    <VertexIdToRegister>228</VertexIdToRegister>
    <VertexIdToRegister>241</VertexIdToRegister>
    <VertexIdToRegister>251</VertexIdToRegister>
    <VertexIdToRegister>255</VertexIdToRegister>
    <VertexIdToRegister>258</VertexIdToRegister>
    <VertexIdToRegister>278</VertexIdToRegister>
    <VertexIdToRegister>281</VertexIdToRegister>
    <VertexIdToRegister>294</VertexIdToRegister>
    <VertexIdToRegister>304</VertexIdToRegister>
    <VertexIdToRegister>308</VertexIdToRegister>
    <VertexIdToRegister>311</VertexIdToRegister>
    <VertexIdToRegister>331</VertexIdToRegister>
    <VertexIdToRegister>334</VertexIdToRegister>
    <VertexIdToRegister>347</VertexIdToRegister>
    <VertexIdToRegister>357</VertexIdToRegister>
    <VertexIdToRegister>361</VertexIdToRegister>
    <VertexIdToRegister>364</VertexIdToRegister>
    <VertexIdToRegister>384</VertexIdToRegister>
    <VertexIdToRegister>387</VertexIdToRegister>
    <VertexIdToRegister>400</VertexIdToRegister>
    <VertexIdToRegister>410</VertexIdToRegister>
    <VertexIdToRegister>414</VertexIdToRegister>
    <VertexIdToRegister>417</VertexIdToRegister>
    <VertexIdToRegister>437</VertexIdToRegister>
    <VertexIdToRegister>440</VertexIdToRegister>
    <VertexIdToRegister>453</VertexIdToRegister>
    <VertexIdToRegister>463</VertexIdToRegister>
    <VertexIdToRegister>467</VertexIdToRegister>
    <VertexIdToRegister>470</VertexIdToRegister>
    <VertexIdToRegister>490</VertexIdToRegister>
    <VertexIdToRegister>493</VertexIdToRegister>
    <VertexIdToRegister>506</VertexIdToRegister>
    <VertexIdToRegister>516</VertexIdToRegister>
    <VertexIdToRegister>520</VertexIdToRegister>
    <VertexIdToRegister>523</VertexIdToRegister>
    <VertexIdToRegister>543</VertexIdToRegister>
    <VertexIdToRegister>546</VertexIdToRegister>
    <VertexIdToRegister>559</VertexIdToRegister>
    <VertexIdToRegister>569</VertexIdToRegister>
    <VertexIdToRegister>573</VertexIdToRegister>
    <VertexIdToRegister>576</VertexIdToRegister>
    <VertexIdToRegister>596</VertexIdToRegister>
    <VertexIdToRegister>599</VertexIdToRegister>
    <VertexIdToRegister>612</VertexIdToRegister>
    <VertexIdToRegister>622</VertexIdToRegister>
    <VertexIdToRegister>626</VertexIdToRegister>
    <VertexIdToRegister>629</VertexIdToRegister>
    <VertexIdToRegister>649</VertexIdToRegister>
    <VertexIdToRegister>652</VertexIdToRegister>
    <VertexIdToRegister>665</VertexIdToRegister>
    <VertexIdToRegister>675</VertexIdToRegister>
    <VertexIdToRegister>679</VertexIdToRegister>
    <VertexIdToRegister>682</VertexIdToRegister>
    <VertexIdToRegister>702</VertexIdToRegister>
    <VertexIdToRegister>705</VertexIdToRegister>
    <VertexIdToRegister>718</VertexIdToRegister>
    <VertexIdToRegister>728</VertexIdToRegister>
    <VertexIdToRegister>732</VertexIdToRegister>
    <VertexIdToRegister>735</VertexIdToRegister>
    <VertexIdToRegister>755</VertexIdToRegister>
    <VertexIdToRegister>758</VertexIdToRegister>
    <VertexIdToRegister>771</VertexIdToRegister>
    <VertexIdToRegister>781</VertexIdToRegister>
    <VertexIdToRegister>785</VertexIdToRegister>
    <VertexIdToRegister>788</VertexIdToRegister>
    <VertexIdToRegister>808</VertexIdToRegister>
    <VertexIdToRegister>811</VertexIdToRegister>
    <VertexIdToRegister>824</VertexIdToRegister>
    <VertexIdToRegister>834</VertexIdToRegister>
    <VertexIdToRegister>838</VertexIdToRegister>
    <VertexIdToRegister>841</VertexIdToRegister>
    <VertexIdToRegister>861</VertexIdToRegister>
    <VertexIdToRegister>864</VertexIdToRegister>
    <VertexIdToRegister>877</VertexIdToRegister>
    <VertexIdToRegister>887</VertexIdToRegister>
    <VertexIdToRegister>891</VertexIdToRegister>
    <VertexIdToRegister>894</VertexIdToRegister>
    <VertexIdToRegister>914</VertexIdToRegister>
    <VertexIdToRegister>917</VertexIdToRegister>
    <VertexIdToRegister>930</VertexIdToRegister>
  </RegisterAssignments>
</Root>