<?xml version="1.0" encoding="utf-8" standalone="yes"?>
<Root>
  <processingTimeInMilliseconds>0.4446</processingTimeInMilliseconds>
  <RegisterAssignments>
    <VertexIdToRegister>4</VertexIdToRegister>
    <VertexIdToRegister>10</VertexIdToRegister>
    <VertexIdToRegister>18</VertexIdToRegister>
    <VertexIdToRegister>28</VertexIdToRegister>
    <VertexIdToRegister>54</VertexIdToRegister>
    <VertexIdToRegister>59</VertexIdToRegister>
    <VertexIdToRegister>62</VertexIdToRegister>
    <VertexIdToRegister>67</VertexIdToRegister>
    <VertexIdToRegister>68</VertexIdToRegister>
    <VertexIdToRegister>72</VertexIdToRegister>
    <VertexIdToRegister>78</VertexIdToRegister>
    <VertexIdToRegister>79</VertexIdToRegister>
    <VertexIdToRegister>85</VertexIdToRegister>
    <VertexIdToRegister>87</VertexIdToRegister>
  </RegisterAssignments>
</Root>