<?xml version="1.0" encoding="utf-8" standalone="yes"?>
<Root>
  <processingTimeInMilliseconds>4.543</processingTimeInMilliseconds>
  <RegisterAssignments>
    <VertexIdToRegister>34</VertexIdToRegister>
    <VertexIdToRegister>36</VertexIdToRegister>
    <VertexIdToRegister>38</VertexIdToRegister>
    <VertexIdToRegister>49</VertexIdToRegister>
    <VertexIdToRegister>52</VertexIdToRegister>
    <VertexIdToRegister>55</VertexIdToRegister>
    <VertexIdToRegister>69</VertexIdToRegister>
    <VertexIdToRegister>81</VertexIdToRegister>
    <VertexIdToRegister>84</VertexIdToRegister>
    <VertexIdToRegister>89</VertexIdToRegister>
    <VertexIdToRegister>103</VertexIdToRegister>
    <VertexIdToRegister>106</VertexIdToRegister>
    <VertexIdToRegister>113</VertexIdToRegister>
    <VertexIdToRegister>125</VertexIdToRegister>
    <VertexIdToRegister>128</VertexIdToRegister>
    <VertexIdToRegister>135</VertexIdToRegister>
    <VertexIdToRegister>147</VertexIdToRegister>
    <VertexIdToRegister>150</VertexIdToRegister>
    <VertexIdToRegister>155</VertexIdToRegister>
    <VertexIdToRegister>169</VertexIdToRegister>
    <VertexIdToRegister>172</VertexIdToRegister>
    <VertexIdToRegister>177</VertexIdToRegister>
    <VertexIdToRegister>191</VertexIdToRegister>
    <VertexIdToRegister>194</VertexIdToRegister>
    <VertexIdToRegister>199</VertexIdToRegister>
    <VertexIdToRegister>226</VertexIdToRegister>
    <VertexIdToRegister>229</VertexIdToRegister>
    <VertexIdToRegister>232</VertexIdToRegister>
    <VertexIdToRegister>235</VertexIdToRegister>
    <VertexIdToRegister>238</VertexIdToRegister>
    <VertexIdToRegister>241</VertexIdToRegister>
    <VertexIdToRegister>337</VertexIdToRegister>
    <VertexIdToRegister>340</VertexIdToRegister>
    <VertexIdToRegister>343</VertexIdToRegister>
    <VertexIdToRegister>345</VertexIdToRegister>
    <VertexIdToRegister>348</VertexIdToRegister>
    <VertexIdToRegister>351</VertexIdToRegister>
    <VertexIdToRegister>353</VertexIdToRegister>
    <VertexIdToRegister>356</VertexIdToRegister>
    <VertexIdToRegister>359</VertexIdToRegister>
    <VertexIdToRegister>361</VertexIdToRegister>
    <VertexIdToRegister>364</VertexIdToRegister>
    <VertexIdToRegister>367</VertexIdToRegister>
    <VertexIdToRegister>369</VertexIdToRegister>
    <VertexIdToRegister>372</VertexIdToRegister>
    <VertexIdToRegister>375</VertexIdToRegister>
    <VertexIdToRegister>377</VertexIdToRegister>
    <VertexIdToRegister>380</VertexIdToRegister>
    <VertexIdToRegister>383</VertexIdToRegister>
    <VertexIdToRegister>385</VertexIdToRegister>
    <VertexIdToRegister>388</VertexIdToRegister>
    <VertexIdToRegister>390</VertexIdToRegister>
    <VertexIdToRegister>393</VertexIdToRegister>
    <VertexIdToRegister>395</VertexIdToRegister>
    <VertexIdToRegister>398</VertexIdToRegister>
    <VertexIdToRegister>400</VertexIdToRegister>
    <VertexIdToRegister>403</VertexIdToRegister>
    <VertexIdToRegister>405</VertexIdToRegister>
    <VertexIdToRegister>408</VertexIdToRegister>
    <VertexIdToRegister>410</VertexIdToRegister>
    <VertexIdToRegister>413</VertexIdToRegister>
    <VertexIdToRegister>415</VertexIdToRegister>
    <VertexIdToRegister>420</VertexIdToRegister>
    <VertexIdToRegister>425</VertexIdToRegister>
    <VertexIdToRegister>430</VertexIdToRegister>
    <VertexIdToRegister>435</VertexIdToRegister>
    <VertexIdToRegister>440</VertexIdToRegister>
    <VertexIdToRegister>465</VertexIdToRegister>
    <VertexIdToRegister>468</VertexIdToRegister>
    <VertexIdToRegister>471</VertexIdToRegister>
    <VertexIdToRegister>474</VertexIdToRegister>
    <VertexIdToRegister>477</VertexIdToRegister>
    <VertexIdToRegister>480</VertexIdToRegister>
    <VertexIdToRegister>483</VertexIdToRegister>
    <VertexIdToRegister>486</VertexIdToRegister>
    <VertexIdToRegister>489</VertexIdToRegister>
    <VertexIdToRegister>492</VertexIdToRegister>
    <VertexIdToRegister>495</VertexIdToRegister>
    <VertexIdToRegister>498</VertexIdToRegister>
    <VertexIdToRegister>501</VertexIdToRegister>
    <VertexIdToRegister>504</VertexIdToRegister>
    <VertexIdToRegister>507</VertexIdToRegister>
    <VertexIdToRegister>510</VertexIdToRegister>
    <VertexIdToRegister>513</VertexIdToRegister>
    <VertexIdToRegister>516</VertexIdToRegister>
    <VertexIdToRegister>519</VertexIdToRegister>
    <VertexIdToRegister>522</VertexIdToRegister>
    <VertexIdToRegister>525</VertexIdToRegister>
    <VertexIdToRegister>528</VertexIdToRegister>
    <VertexIdToRegister>531</VertexIdToRegister>
    <VertexIdToRegister>534</VertexIdToRegister>
    <VertexIdToRegister>658</VertexIdToRegister>
    <VertexIdToRegister>660</VertexIdToRegister>
    <VertexIdToRegister>662</VertexIdToRegister>
    <VertexIdToRegister>664</VertexIdToRegister>
    <VertexIdToRegister>666</VertexIdToRegister>
    <VertexIdToRegister>668</VertexIdToRegister>
    <VertexIdToRegister>670</VertexIdToRegister>
    <VertexIdToRegister>672</VertexIdToRegister>
    <VertexIdToRegister>674</VertexIdToRegister>
    <VertexIdToRegister>676</VertexIdToRegister>
    <VertexIdToRegister>678</VertexIdToRegister>
    <VertexIdToRegister>680</VertexIdToRegister>
    <VertexIdToRegister>682</VertexIdToRegister>
    <VertexIdToRegister>684</VertexIdToRegister>
    <VertexIdToRegister>686</VertexIdToRegister>
    <VertexIdToRegister>688</VertexIdToRegister>
    <VertexIdToRegister>690</VertexIdToRegister>
    <VertexIdToRegister>692</VertexIdToRegister>
    <VertexIdToRegister>694</VertexIdToRegister>
    <VertexIdToRegister>696</VertexIdToRegister>
    <VertexIdToRegister>698</VertexIdToRegister>
    <VertexIdToRegister>700</VertexIdToRegister>
    <VertexIdToRegister>702</VertexIdToRegister>
    <VertexIdToRegister>704</VertexIdToRegister>
  </RegisterAssignments>
</Root>