<?xml version="1.0" encoding="utf-8" standalone="yes"?>
<Root>
  <processingTimeInMilliseconds>834.791</processingTimeInMilliseconds>
  <RegisterAssignments>
    <VertexIdToRegister>19</VertexIdToRegister>
    <VertexIdToRegister>22</VertexIdToRegister>
    <VertexIdToRegister>766</VertexIdToRegister>
    <VertexIdToRegister>1509</VertexIdToRegister>
    <VertexIdToRegister>1512</VertexIdToRegister>
    <VertexIdToRegister>1580</VertexIdToRegister>
    <VertexIdToRegister>1648</VertexIdToRegister>
    <VertexIdToRegister>1649</VertexIdToRegister>
    <VertexIdToRegister>4152</VertexIdToRegister>
    <VertexIdToRegister>4156</VertexIdToRegister>
    <VertexIdToRegister>4160</VertexIdToRegister>
    <VertexIdToRegister>4164</VertexIdToRegister>
    <VertexIdToRegister>4168</VertexIdToRegister>
    <VertexIdToRegister>4172</VertexIdToRegister>
    <VertexIdToRegister>4176</VertexIdToRegister>
    <VertexIdToRegister>4180</VertexIdToRegister>
    <VertexIdToRegister>4184</VertexIdToRegister>
    <VertexIdToRegister>4188</VertexIdToRegister>
    <VertexIdToRegister>4192</VertexIdToRegister>
    <VertexIdToRegister>4196</VertexIdToRegister>
    <VertexIdToRegister>4200</VertexIdToRegister>
    <VertexIdToRegister>4204</VertexIdToRegister>
    <VertexIdToRegister>4208</VertexIdToRegister>
    <VertexIdToRegister>4212</VertexIdToRegister>
    <VertexIdToRegister>4216</VertexIdToRegister>
    <VertexIdToRegister>4220</VertexIdToRegister>
    <VertexIdToRegister>4224</VertexIdToRegister>
    <VertexIdToRegister>4228</VertexIdToRegister>
    <VertexIdToRegister>4232</VertexIdToRegister>
    <VertexIdToRegister>4236</VertexIdToRegister>
    <VertexIdToRegister>4240</VertexIdToRegister>
    <VertexIdToRegister>4244</VertexIdToRegister>
    <VertexIdToRegister>4248</VertexIdToRegister>
    <VertexIdToRegister>4252</VertexIdToRegister>
    <VertexIdToRegister>4256</VertexIdToRegister>
    <VertexIdToRegister>4260</VertexIdToRegister>
    <VertexIdToRegister>4264</VertexIdToRegister>
    <VertexIdToRegister>4268</VertexIdToRegister>
    <VertexIdToRegister>4272</VertexIdToRegister>
    <VertexIdToRegister>4276</VertexIdToRegister>
    <VertexIdToRegister>4280</VertexIdToRegister>
    <VertexIdToRegister>4284</VertexIdToRegister>
    <VertexIdToRegister>4288</VertexIdToRegister>
    <VertexIdToRegister>4292</VertexIdToRegister>
    <VertexIdToRegister>4296</VertexIdToRegister>
    <VertexIdToRegister>4300</VertexIdToRegister>
    <VertexIdToRegister>4304</VertexIdToRegister>
    <VertexIdToRegister>4308</VertexIdToRegister>
    <VertexIdToRegister>4312</VertexIdToRegister>
    <VertexIdToRegister>4316</VertexIdToRegister>
    <VertexIdToRegister>4320</VertexIdToRegister>
    <VertexIdToRegister>4324</VertexIdToRegister>
    <VertexIdToRegister>4328</VertexIdToRegister>
    <VertexIdToRegister>4332</VertexIdToRegister>
    <VertexIdToRegister>4336</VertexIdToRegister>
    <VertexIdToRegister>4340</VertexIdToRegister>
    <VertexIdToRegister>4344</VertexIdToRegister>
    <VertexIdToRegister>4348</VertexIdToRegister>
    <VertexIdToRegister>4352</VertexIdToRegister>
    <VertexIdToRegister>4356</VertexIdToRegister>
    <VertexIdToRegister>4360</VertexIdToRegister>
    <VertexIdToRegister>4364</VertexIdToRegister>
    <VertexIdToRegister>4368</VertexIdToRegister>
    <VertexIdToRegister>4372</VertexIdToRegister>
    <VertexIdToRegister>4376</VertexIdToRegister>
    <VertexIdToRegister>4380</VertexIdToRegister>
    <VertexIdToRegister>4384</VertexIdToRegister>
    <VertexIdToRegister>4388</VertexIdToRegister>
    <VertexIdToRegister>4392</VertexIdToRegister>
    <VertexIdToRegister>4396</VertexIdToRegister>
    <VertexIdToRegister>4400</VertexIdToRegister>
    <VertexIdToRegister>4404</VertexIdToRegister>
    <VertexIdToRegister>6752</VertexIdToRegister>
    <VertexIdToRegister>6769</VertexIdToRegister>
    <VertexIdToRegister>6797</VertexIdToRegister>
  </RegisterAssignments>
</Root>