<?xml version="1.0" encoding="utf-8" standalone="yes"?>
<Root>
  <processingTimeInMilliseconds>0.38720000000000004</processingTimeInMilliseconds>
  <RegisterAssignments>
    <VertexIdToRegister>1</VertexIdToRegister>
    <VertexIdToRegister>11</VertexIdToRegister>
    <VertexIdToRegister>20</VertexIdToRegister>
    <VertexIdToRegister>40</VertexIdToRegister>
    <VertexIdToRegister>43</VertexIdToRegister>
    <VertexIdToRegister>46</VertexIdToRegister>
  </RegisterAssignments>
</Root>