<?xml version="1.0" encoding="utf-8" standalone="yes"?>
<Root>
  <processingTimeInMilliseconds>3.9589000000000003</processingTimeInMilliseconds>
  <RegisterAssignments>
    <VertexIdToRegister>3</VertexIdToRegister>
    <VertexIdToRegister>5</VertexIdToRegister>
    <VertexIdToRegister>87</VertexIdToRegister>
    <VertexIdToRegister>91</VertexIdToRegister>
    <VertexIdToRegister>96</VertexIdToRegister>
    <VertexIdToRegister>97</VertexIdToRegister>
    <VertexIdToRegister>98</VertexIdToRegister>
    <VertexIdToRegister>169</VertexIdToRegister>
    <VertexIdToRegister>172</VertexIdToRegister>
    <VertexIdToRegister>185</VertexIdToRegister>
    <VertexIdToRegister>190</VertexIdToRegister>
    <VertexIdToRegister>191</VertexIdToRegister>
    <VertexIdToRegister>193</VertexIdToRegister>
    <VertexIdToRegister>194</VertexIdToRegister>
    <VertexIdToRegister>200</VertexIdToRegister>
    <VertexIdToRegister>201</VertexIdToRegister>
    <VertexIdToRegister>203</VertexIdToRegister>
    <VertexIdToRegister>204</VertexIdToRegister>
    <VertexIdToRegister>245</VertexIdToRegister>
    <VertexIdToRegister>248</VertexIdToRegister>
    <VertexIdToRegister>261</VertexIdToRegister>
    <VertexIdToRegister>266</VertexIdToRegister>
    <VertexIdToRegister>267</VertexIdToRegister>
    <VertexIdToRegister>269</VertexIdToRegister>
    <VertexIdToRegister>270</VertexIdToRegister>
    <VertexIdToRegister>276</VertexIdToRegister>
    <VertexIdToRegister>277</VertexIdToRegister>
    <VertexIdToRegister>279</VertexIdToRegister>
    <VertexIdToRegister>280</VertexIdToRegister>
    <VertexIdToRegister>321</VertexIdToRegister>
    <VertexIdToRegister>324</VertexIdToRegister>
    <VertexIdToRegister>337</VertexIdToRegister>
    <VertexIdToRegister>342</VertexIdToRegister>
    <VertexIdToRegister>343</VertexIdToRegister>
    <VertexIdToRegister>345</VertexIdToRegister>
    <VertexIdToRegister>346</VertexIdToRegister>
    <VertexIdToRegister>352</VertexIdToRegister>
    <VertexIdToRegister>353</VertexIdToRegister>
    <VertexIdToRegister>355</VertexIdToRegister>
    <VertexIdToRegister>356</VertexIdToRegister>
    <VertexIdToRegister>388</VertexIdToRegister>
    <VertexIdToRegister>391</VertexIdToRegister>
    <VertexIdToRegister>397</VertexIdToRegister>
    <VertexIdToRegister>408</VertexIdToRegister>
    <VertexIdToRegister>409</VertexIdToRegister>
    <VertexIdToRegister>410</VertexIdToRegister>
    <VertexIdToRegister>415</VertexIdToRegister>
  </RegisterAssignments>
</Root>