<?xml version="1.0" encoding="utf-8" standalone="yes"?>
<Root>
  <processingTimeInMilliseconds>0.4849</processingTimeInMilliseconds>
  <RegisterAssignments>
    <VertexIdToRegister>45</VertexIdToRegister>
    <VertexIdToRegister>48</VertexIdToRegister>
    <VertexIdToRegister>50</VertexIdToRegister>
    <VertexIdToRegister>53</VertexIdToRegister>
    <VertexIdToRegister>74</VertexIdToRegister>
    <VertexIdToRegister>84</VertexIdToRegister>
    <VertexIdToRegister>96</VertexIdToRegister>
    <VertexIdToRegister>106</VertexIdToRegister>
    <VertexIdToRegister>118</VertexIdToRegister>
    <VertexIdToRegister>128</VertexIdToRegister>
    <VertexIdToRegister>140</VertexIdToRegister>
    <VertexIdToRegister>150</VertexIdToRegister>
    <VertexIdToRegister>162</VertexIdToRegister>
    <VertexIdToRegister>172</VertexIdToRegister>
    <VertexIdToRegister>184</VertexIdToRegister>
    <VertexIdToRegister>194</VertexIdToRegister>
    <VertexIdToRegister>206</VertexIdToRegister>
    <VertexIdToRegister>211</VertexIdToRegister>
    <VertexIdToRegister>214</VertexIdToRegister>
    <VertexIdToRegister>217</VertexIdToRegister>
    <VertexIdToRegister>220</VertexIdToRegister>
    <VertexIdToRegister>223</VertexIdToRegister>
    <VertexIdToRegister>246</VertexIdToRegister>
    <VertexIdToRegister>249</VertexIdToRegister>
    <VertexIdToRegister>252</VertexIdToRegister>
    <VertexIdToRegister>255</VertexIdToRegister>
    <VertexIdToRegister>258</VertexIdToRegister>
    <VertexIdToRegister>261</VertexIdToRegister>
    <VertexIdToRegister>264</VertexIdToRegister>
    <VertexIdToRegister>267</VertexIdToRegister>
    <VertexIdToRegister>270</VertexIdToRegister>
    <VertexIdToRegister>273</VertexIdToRegister>
    <VertexIdToRegister>276</VertexIdToRegister>
    <VertexIdToRegister>279</VertexIdToRegister>
    <VertexIdToRegister>340</VertexIdToRegister>
    <VertexIdToRegister>343</VertexIdToRegister>
    <VertexIdToRegister>348</VertexIdToRegister>
    <VertexIdToRegister>351</VertexIdToRegister>
    <VertexIdToRegister>356</VertexIdToRegister>
    <VertexIdToRegister>359</VertexIdToRegister>
    <VertexIdToRegister>364</VertexIdToRegister>
    <VertexIdToRegister>367</VertexIdToRegister>
    <VertexIdToRegister>372</VertexIdToRegister>
    <VertexIdToRegister>375</VertexIdToRegister>
    <VertexIdToRegister>380</VertexIdToRegister>
    <VertexIdToRegister>383</VertexIdToRegister>
    <VertexIdToRegister>388</VertexIdToRegister>
    <VertexIdToRegister>393</VertexIdToRegister>
    <VertexIdToRegister>398</VertexIdToRegister>
    <VertexIdToRegister>403</VertexIdToRegister>
    <VertexIdToRegister>408</VertexIdToRegister>
    <VertexIdToRegister>413</VertexIdToRegister>
    <VertexIdToRegister>418</VertexIdToRegister>
    <VertexIdToRegister>423</VertexIdToRegister>
    <VertexIdToRegister>428</VertexIdToRegister>
    <VertexIdToRegister>433</VertexIdToRegister>
    <VertexIdToRegister>438</VertexIdToRegister>
    <VertexIdToRegister>443</VertexIdToRegister>
    <VertexIdToRegister>609</VertexIdToRegister>
    <VertexIdToRegister>611</VertexIdToRegister>
    <VertexIdToRegister>613</VertexIdToRegister>
    <VertexIdToRegister>615</VertexIdToRegister>
    <VertexIdToRegister>617</VertexIdToRegister>
    <VertexIdToRegister>619</VertexIdToRegister>
    <VertexIdToRegister>621</VertexIdToRegister>
    <VertexIdToRegister>623</VertexIdToRegister>
    <VertexIdToRegister>625</VertexIdToRegister>
    <VertexIdToRegister>627</VertexIdToRegister>
    <VertexIdToRegister>629</VertexIdToRegister>
    <VertexIdToRegister>631</VertexIdToRegister>
    <VertexIdToRegister>633</VertexIdToRegister>
    <VertexIdToRegister>635</VertexIdToRegister>
    <VertexIdToRegister>637</VertexIdToRegister>
    <VertexIdToRegister>639</VertexIdToRegister>
    <VertexIdToRegister>641</VertexIdToRegister>
    <VertexIdToRegister>643</VertexIdToRegister>
    <VertexIdToRegister>645</VertexIdToRegister>
    <VertexIdToRegister>647</VertexIdToRegister>
    <VertexIdToRegister>649</VertexIdToRegister>
    <VertexIdToRegister>651</VertexIdToRegister>
    <VertexIdToRegister>653</VertexIdToRegister>
    <VertexIdToRegister>655</VertexIdToRegister>
  </RegisterAssignments>
</Root>