<?xml version="1.0" encoding="utf-8" standalone="yes"?>
<Root>
  <processingTimeInMilliseconds>4.783</processingTimeInMilliseconds>
  <RegisterAssignments>
    <VertexIdToRegister>74</VertexIdToRegister>
    <VertexIdToRegister>89</VertexIdToRegister>
    <VertexIdToRegister>93</VertexIdToRegister>
    <VertexIdToRegister>94</VertexIdToRegister>
    <VertexIdToRegister>96</VertexIdToRegister>
    <VertexIdToRegister>97</VertexIdToRegister>
    <VertexIdToRegister>99</VertexIdToRegister>
    <VertexIdToRegister>100</VertexIdToRegister>
    <VertexIdToRegister>102</VertexIdToRegister>
    <VertexIdToRegister>103</VertexIdToRegister>
    <VertexIdToRegister>105</VertexIdToRegister>
    <VertexIdToRegister>106</VertexIdToRegister>
    <VertexIdToRegister>108</VertexIdToRegister>
    <VertexIdToRegister>109</VertexIdToRegister>
    <VertexIdToRegister>111</VertexIdToRegister>
    <VertexIdToRegister>112</VertexIdToRegister>
    <VertexIdToRegister>114</VertexIdToRegister>
    <VertexIdToRegister>115</VertexIdToRegister>
    <VertexIdToRegister>117</VertexIdToRegister>
    <VertexIdToRegister>118</VertexIdToRegister>
    <VertexIdToRegister>120</VertexIdToRegister>
    <VertexIdToRegister>121</VertexIdToRegister>
    <VertexIdToRegister>123</VertexIdToRegister>
    <VertexIdToRegister>124</VertexIdToRegister>
    <VertexIdToRegister>126</VertexIdToRegister>
    <VertexIdToRegister>127</VertexIdToRegister>
    <VertexIdToRegister>129</VertexIdToRegister>
    <VertexIdToRegister>467</VertexIdToRegister>
    <VertexIdToRegister>469</VertexIdToRegister>
    <VertexIdToRegister>471</VertexIdToRegister>
    <VertexIdToRegister>473</VertexIdToRegister>
    <VertexIdToRegister>475</VertexIdToRegister>
    <VertexIdToRegister>477</VertexIdToRegister>
    <VertexIdToRegister>479</VertexIdToRegister>
    <VertexIdToRegister>481</VertexIdToRegister>
    <VertexIdToRegister>483</VertexIdToRegister>
    <VertexIdToRegister>485</VertexIdToRegister>
    <VertexIdToRegister>487</VertexIdToRegister>
    <VertexIdToRegister>489</VertexIdToRegister>
    <VertexIdToRegister>1503</VertexIdToRegister>
    <VertexIdToRegister>1511</VertexIdToRegister>
    <VertexIdToRegister>2078</VertexIdToRegister>
    <VertexIdToRegister>2082</VertexIdToRegister>
    <VertexIdToRegister>2086</VertexIdToRegister>
    <VertexIdToRegister>2090</VertexIdToRegister>
    <VertexIdToRegister>2094</VertexIdToRegister>
    <VertexIdToRegister>2098</VertexIdToRegister>
    <VertexIdToRegister>2102</VertexIdToRegister>
    <VertexIdToRegister>2106</VertexIdToRegister>
    <VertexIdToRegister>2110</VertexIdToRegister>
    <VertexIdToRegister>2114</VertexIdToRegister>
    <VertexIdToRegister>2118</VertexIdToRegister>
    <VertexIdToRegister>2122</VertexIdToRegister>
    <VertexIdToRegister>2126</VertexIdToRegister>
    <VertexIdToRegister>2130</VertexIdToRegister>
    <VertexIdToRegister>2134</VertexIdToRegister>
    <VertexIdToRegister>2138</VertexIdToRegister>
    <VertexIdToRegister>3029</VertexIdToRegister>
    <VertexIdToRegister>3032</VertexIdToRegister>
    <VertexIdToRegister>3035</VertexIdToRegister>
    <VertexIdToRegister>3038</VertexIdToRegister>
    <VertexIdToRegister>3041</VertexIdToRegister>
    <VertexIdToRegister>3044</VertexIdToRegister>
    <VertexIdToRegister>3047</VertexIdToRegister>
    <VertexIdToRegister>3050</VertexIdToRegister>
    <VertexIdToRegister>3053</VertexIdToRegister>
    <VertexIdToRegister>3056</VertexIdToRegister>
    <VertexIdToRegister>3059</VertexIdToRegister>
    <VertexIdToRegister>3062</VertexIdToRegister>
    <VertexIdToRegister>3065</VertexIdToRegister>
    <VertexIdToRegister>3068</VertexIdToRegister>
    <VertexIdToRegister>3071</VertexIdToRegister>
    <VertexIdToRegister>3074</VertexIdToRegister>
    <VertexIdToRegister>4007</VertexIdToRegister>
    <VertexIdToRegister>4011</VertexIdToRegister>
    <VertexIdToRegister>4015</VertexIdToRegister>
    <VertexIdToRegister>4019</VertexIdToRegister>
    <VertexIdToRegister>4023</VertexIdToRegister>
    <VertexIdToRegister>4027</VertexIdToRegister>
    <VertexIdToRegister>4031</VertexIdToRegister>
    <VertexIdToRegister>4035</VertexIdToRegister>
    <VertexIdToRegister>4039</VertexIdToRegister>
    <VertexIdToRegister>4043</VertexIdToRegister>
    <VertexIdToRegister>4047</VertexIdToRegister>
    <VertexIdToRegister>4051</VertexIdToRegister>
    <VertexIdToRegister>4055</VertexIdToRegister>
    <VertexIdToRegister>4059</VertexIdToRegister>
    <VertexIdToRegister>4063</VertexIdToRegister>
    <VertexIdToRegister>4067</VertexIdToRegister>
    <VertexIdToRegister>4096</VertexIdToRegister>
    <VertexIdToRegister>4097</VertexIdToRegister>
    <VertexIdToRegister>4098</VertexIdToRegister>
    <VertexIdToRegister>4103</VertexIdToRegister>
    <VertexIdToRegister>4104</VertexIdToRegister>
    <VertexIdToRegister>4105</VertexIdToRegister>
    <VertexIdToRegister>4110</VertexIdToRegister>
    <VertexIdToRegister>4111</VertexIdToRegister>
    <VertexIdToRegister>4112</VertexIdToRegister>
    <VertexIdToRegister>4117</VertexIdToRegister>
    <VertexIdToRegister>4118</VertexIdToRegister>
    <VertexIdToRegister>4119</VertexIdToRegister>
    <VertexIdToRegister>4124</VertexIdToRegister>
    <VertexIdToRegister>4125</VertexIdToRegister>
    <VertexIdToRegister>4126</VertexIdToRegister>
    <VertexIdToRegister>4131</VertexIdToRegister>
    <VertexIdToRegister>4132</VertexIdToRegister>
    <VertexIdToRegister>4133</VertexIdToRegister>
    <VertexIdToRegister>4138</VertexIdToRegister>
    <VertexIdToRegister>4139</VertexIdToRegister>
    <VertexIdToRegister>4140</VertexIdToRegister>
    <VertexIdToRegister>4145</VertexIdToRegister>
    <VertexIdToRegister>4146</VertexIdToRegister>
    <VertexIdToRegister>4147</VertexIdToRegister>
    <VertexIdToRegister>4152</VertexIdToRegister>
    <VertexIdToRegister>4153</VertexIdToRegister>
    <VertexIdToRegister>4154</VertexIdToRegister>
    <VertexIdToRegister>4159</VertexIdToRegister>
    <VertexIdToRegister>4160</VertexIdToRegister>
    <VertexIdToRegister>4161</VertexIdToRegister>
    <VertexIdToRegister>4166</VertexIdToRegister>
    <VertexIdToRegister>4167</VertexIdToRegister>
    <VertexIdToRegister>4168</VertexIdToRegister>
    <VertexIdToRegister>4173</VertexIdToRegister>
    <VertexIdToRegister>4174</VertexIdToRegister>
    <VertexIdToRegister>4175</VertexIdToRegister>
    <VertexIdToRegister>4180</VertexIdToRegister>
    <VertexIdToRegister>4181</VertexIdToRegister>
    <VertexIdToRegister>4182</VertexIdToRegister>
    <VertexIdToRegister>4187</VertexIdToRegister>
    <VertexIdToRegister>4188</VertexIdToRegister>
    <VertexIdToRegister>4189</VertexIdToRegister>
    <VertexIdToRegister>4194</VertexIdToRegister>
    <VertexIdToRegister>4195</VertexIdToRegister>
    <VertexIdToRegister>4196</VertexIdToRegister>
    <VertexIdToRegister>4201</VertexIdToRegister>
    <VertexIdToRegister>4202</VertexIdToRegister>
    <VertexIdToRegister>4203</VertexIdToRegister>
    <VertexIdToRegister>4208</VertexIdToRegister>
    <VertexIdToRegister>4209</VertexIdToRegister>
    <VertexIdToRegister>4210</VertexIdToRegister>
    <VertexIdToRegister>4215</VertexIdToRegister>
    <VertexIdToRegister>4216</VertexIdToRegister>
    <VertexIdToRegister>4217</VertexIdToRegister>
    <VertexIdToRegister>4222</VertexIdToRegister>
    <VertexIdToRegister>4223</VertexIdToRegister>
    <VertexIdToRegister>4224</VertexIdToRegister>
    <VertexIdToRegister>4229</VertexIdToRegister>
    <VertexIdToRegister>4230</VertexIdToRegister>
    <VertexIdToRegister>4231</VertexIdToRegister>
    <VertexIdToRegister>4236</VertexIdToRegister>
    <VertexIdToRegister>4237</VertexIdToRegister>
    <VertexIdToRegister>4238</VertexIdToRegister>
    <VertexIdToRegister>4243</VertexIdToRegister>
    <VertexIdToRegister>4244</VertexIdToRegister>
    <VertexIdToRegister>4245</VertexIdToRegister>
    <VertexIdToRegister>4250</VertexIdToRegister>
    <VertexIdToRegister>4251</VertexIdToRegister>
    <VertexIdToRegister>4252</VertexIdToRegister>
    <VertexIdToRegister>4257</VertexIdToRegister>
    <VertexIdToRegister>4258</VertexIdToRegister>
    <VertexIdToRegister>4259</VertexIdToRegister>
    <VertexIdToRegister>4264</VertexIdToRegister>
    <VertexIdToRegister>4265</VertexIdToRegister>
    <VertexIdToRegister>4266</VertexIdToRegister>
    <VertexIdToRegister>4271</VertexIdToRegister>
    <VertexIdToRegister>4272</VertexIdToRegister>
    <VertexIdToRegister>4273</VertexIdToRegister>
    <VertexIdToRegister>4278</VertexIdToRegister>
    <VertexIdToRegister>4279</VertexIdToRegister>
    <VertexIdToRegister>4280</VertexIdToRegister>
    <VertexIdToRegister>4285</VertexIdToRegister>
    <VertexIdToRegister>4286</VertexIdToRegister>
    <VertexIdToRegister>4287</VertexIdToRegister>
    <VertexIdToRegister>4292</VertexIdToRegister>
    <VertexIdToRegister>4293</VertexIdToRegister>
    <VertexIdToRegister>4294</VertexIdToRegister>
    <VertexIdToRegister>4299</VertexIdToRegister>
    <VertexIdToRegister>4300</VertexIdToRegister>
    <VertexIdToRegister>4301</VertexIdToRegister>
    <VertexIdToRegister>4306</VertexIdToRegister>
    <VertexIdToRegister>4307</VertexIdToRegister>
    <VertexIdToRegister>4308</VertexIdToRegister>
    <VertexIdToRegister>4313</VertexIdToRegister>
    <VertexIdToRegister>4314</VertexIdToRegister>
    <VertexIdToRegister>4315</VertexIdToRegister>
    <VertexIdToRegister>4320</VertexIdToRegister>
    <VertexIdToRegister>4321</VertexIdToRegister>
    <VertexIdToRegister>4322</VertexIdToRegister>
    <VertexIdToRegister>4327</VertexIdToRegister>
    <VertexIdToRegister>4328</VertexIdToRegister>
    <VertexIdToRegister>4329</VertexIdToRegister>
    <VertexIdToRegister>4334</VertexIdToRegister>
    <VertexIdToRegister>4335</VertexIdToRegister>
    <VertexIdToRegister>4336</VertexIdToRegister>
    <VertexIdToRegister>4341</VertexIdToRegister>
    <VertexIdToRegister>4342</VertexIdToRegister>
    <VertexIdToRegister>4343</VertexIdToRegister>
    <VertexIdToRegister>4348</VertexIdToRegister>
    <VertexIdToRegister>4349</VertexIdToRegister>
    <VertexIdToRegister>4350</VertexIdToRegister>
    <VertexIdToRegister>4355</VertexIdToRegister>
    <VertexIdToRegister>4356</VertexIdToRegister>
    <VertexIdToRegister>4357</VertexIdToRegister>
    <VertexIdToRegister>4362</VertexIdToRegister>
    <VertexIdToRegister>4363</VertexIdToRegister>
    <VertexIdToRegister>4364</VertexIdToRegister>
    <VertexIdToRegister>4369</VertexIdToRegister>
    <VertexIdToRegister>4370</VertexIdToRegister>
    <VertexIdToRegister>4371</VertexIdToRegister>
    <VertexIdToRegister>4376</VertexIdToRegister>
    <VertexIdToRegister>4377</VertexIdToRegister>
    <VertexIdToRegister>4378</VertexIdToRegister>
    <VertexIdToRegister>4383</VertexIdToRegister>
    <VertexIdToRegister>4384</VertexIdToRegister>
    <VertexIdToRegister>4385</VertexIdToRegister>
    <VertexIdToRegister>4390</VertexIdToRegister>
    <VertexIdToRegister>4391</VertexIdToRegister>
    <VertexIdToRegister>4392</VertexIdToRegister>
    <VertexIdToRegister>4397</VertexIdToRegister>
    <VertexIdToRegister>4398</VertexIdToRegister>
    <VertexIdToRegister>4399</VertexIdToRegister>
    <VertexIdToRegister>4404</VertexIdToRegister>
    <VertexIdToRegister>4405</VertexIdToRegister>
    <VertexIdToRegister>4406</VertexIdToRegister>
    <VertexIdToRegister>4411</VertexIdToRegister>
    <VertexIdToRegister>4412</VertexIdToRegister>
    <VertexIdToRegister>4413</VertexIdToRegister>
    <VertexIdToRegister>4418</VertexIdToRegister>
    <VertexIdToRegister>4419</VertexIdToRegister>
    <VertexIdToRegister>4420</VertexIdToRegister>
    <VertexIdToRegister>4425</VertexIdToRegister>
    <VertexIdToRegister>4426</VertexIdToRegister>
    <VertexIdToRegister>4427</VertexIdToRegister>
    <VertexIdToRegister>4432</VertexIdToRegister>
    <VertexIdToRegister>4433</VertexIdToRegister>
    <VertexIdToRegister>4434</VertexIdToRegister>
    <VertexIdToRegister>4439</VertexIdToRegister>
    <VertexIdToRegister>4440</VertexIdToRegister>
    <VertexIdToRegister>4441</VertexIdToRegister>
    <VertexIdToRegister>4446</VertexIdToRegister>
    <VertexIdToRegister>4447</VertexIdToRegister>
    <VertexIdToRegister>4448</VertexIdToRegister>
    <VertexIdToRegister>4453</VertexIdToRegister>
    <VertexIdToRegister>4454</VertexIdToRegister>
    <VertexIdToRegister>4455</VertexIdToRegister>
    <VertexIdToRegister>4460</VertexIdToRegister>
    <VertexIdToRegister>4461</VertexIdToRegister>
    <VertexIdToRegister>4462</VertexIdToRegister>
    <VertexIdToRegister>4467</VertexIdToRegister>
    <VertexIdToRegister>4468</VertexIdToRegister>
    <VertexIdToRegister>4469</VertexIdToRegister>
    <VertexIdToRegister>4474</VertexIdToRegister>
    <VertexIdToRegister>4475</VertexIdToRegister>
    <VertexIdToRegister>4476</VertexIdToRegister>
    <VertexIdToRegister>4481</VertexIdToRegister>
    <VertexIdToRegister>4482</VertexIdToRegister>
    <VertexIdToRegister>4483</VertexIdToRegister>
    <VertexIdToRegister>4488</VertexIdToRegister>
    <VertexIdToRegister>4489</VertexIdToRegister>
    <VertexIdToRegister>4490</VertexIdToRegister>
    <VertexIdToRegister>4495</VertexIdToRegister>
    <VertexIdToRegister>4496</VertexIdToRegister>
    <VertexIdToRegister>4497</VertexIdToRegister>
    <VertexIdToRegister>4502</VertexIdToRegister>
    <VertexIdToRegister>4503</VertexIdToRegister>
    <VertexIdToRegister>4504</VertexIdToRegister>
    <VertexIdToRegister>4509</VertexIdToRegister>
    <VertexIdToRegister>4510</VertexIdToRegister>
    <VertexIdToRegister>4511</VertexIdToRegister>
    <VertexIdToRegister>4516</VertexIdToRegister>
    <VertexIdToRegister>4517</VertexIdToRegister>
    <VertexIdToRegister>4518</VertexIdToRegister>
    <VertexIdToRegister>4523</VertexIdToRegister>
    <VertexIdToRegister>4524</VertexIdToRegister>
    <VertexIdToRegister>4525</VertexIdToRegister>
    <VertexIdToRegister>4530</VertexIdToRegister>
    <VertexIdToRegister>4531</VertexIdToRegister>
    <VertexIdToRegister>4532</VertexIdToRegister>
    <VertexIdToRegister>4537</VertexIdToRegister>
    <VertexIdToRegister>4538</VertexIdToRegister>
    <VertexIdToRegister>4539</VertexIdToRegister>
    <VertexIdToRegister>4601</VertexIdToRegister>
    <VertexIdToRegister>4602</VertexIdToRegister>
    <VertexIdToRegister>4604</VertexIdToRegister>
    <VertexIdToRegister>4605</VertexIdToRegister>
    <VertexIdToRegister>4607</VertexIdToRegister>
    <VertexIdToRegister>4608</VertexIdToRegister>
    <VertexIdToRegister>4610</VertexIdToRegister>
    <VertexIdToRegister>4611</VertexIdToRegister>
    <VertexIdToRegister>4613</VertexIdToRegister>
    <VertexIdToRegister>4614</VertexIdToRegister>
    <VertexIdToRegister>4616</VertexIdToRegister>
    <VertexIdToRegister>4617</VertexIdToRegister>
    <VertexIdToRegister>4619</VertexIdToRegister>
    <VertexIdToRegister>4620</VertexIdToRegister>
    <VertexIdToRegister>4622</VertexIdToRegister>
    <VertexIdToRegister>4623</VertexIdToRegister>
    <VertexIdToRegister>4625</VertexIdToRegister>
    <VertexIdToRegister>4626</VertexIdToRegister>
    <VertexIdToRegister>4628</VertexIdToRegister>
    <VertexIdToRegister>4629</VertexIdToRegister>
    <VertexIdToRegister>4631</VertexIdToRegister>
    <VertexIdToRegister>4632</VertexIdToRegister>
    <VertexIdToRegister>4634</VertexIdToRegister>
    <VertexIdToRegister>4635</VertexIdToRegister>
    <VertexIdToRegister>4637</VertexIdToRegister>
    <VertexIdToRegister>4638</VertexIdToRegister>
    <VertexIdToRegister>4640</VertexIdToRegister>
    <VertexIdToRegister>4641</VertexIdToRegister>
    <VertexIdToRegister>4643</VertexIdToRegister>
    <VertexIdToRegister>4644</VertexIdToRegister>
    <VertexIdToRegister>4646</VertexIdToRegister>
    <VertexIdToRegister>4647</VertexIdToRegister>
    <VertexIdToRegister>4649</VertexIdToRegister>
    <VertexIdToRegister>4650</VertexIdToRegister>
    <VertexIdToRegister>4652</VertexIdToRegister>
    <VertexIdToRegister>4653</VertexIdToRegister>
    <VertexIdToRegister>4655</VertexIdToRegister>
    <VertexIdToRegister>4656</VertexIdToRegister>
    <VertexIdToRegister>4658</VertexIdToRegister>
    <VertexIdToRegister>4659</VertexIdToRegister>
    <VertexIdToRegister>4661</VertexIdToRegister>
    <VertexIdToRegister>4662</VertexIdToRegister>
    <VertexIdToRegister>4664</VertexIdToRegister>
    <VertexIdToRegister>4665</VertexIdToRegister>
    <VertexIdToRegister>4667</VertexIdToRegister>
    <VertexIdToRegister>4668</VertexIdToRegister>
    <VertexIdToRegister>4670</VertexIdToRegister>
    <VertexIdToRegister>4671</VertexIdToRegister>
    <VertexIdToRegister>4673</VertexIdToRegister>
    <VertexIdToRegister>4674</VertexIdToRegister>
    <VertexIdToRegister>4676</VertexIdToRegister>
    <VertexIdToRegister>4677</VertexIdToRegister>
    <VertexIdToRegister>4679</VertexIdToRegister>
    <VertexIdToRegister>4680</VertexIdToRegister>
    <VertexIdToRegister>4682</VertexIdToRegister>
    <VertexIdToRegister>4683</VertexIdToRegister>
    <VertexIdToRegister>4685</VertexIdToRegister>
    <VertexIdToRegister>4686</VertexIdToRegister>
    <VertexIdToRegister>4688</VertexIdToRegister>
    <VertexIdToRegister>4689</VertexIdToRegister>
    <VertexIdToRegister>4691</VertexIdToRegister>
    <VertexIdToRegister>4692</VertexIdToRegister>
    <VertexIdToRegister>4694</VertexIdToRegister>
    <VertexIdToRegister>4695</VertexIdToRegister>
    <VertexIdToRegister>4697</VertexIdToRegister>
    <VertexIdToRegister>4698</VertexIdToRegister>
    <VertexIdToRegister>4700</VertexIdToRegister>
    <VertexIdToRegister>4701</VertexIdToRegister>
    <VertexIdToRegister>4703</VertexIdToRegister>
    <VertexIdToRegister>4704</VertexIdToRegister>
    <VertexIdToRegister>4706</VertexIdToRegister>
    <VertexIdToRegister>4707</VertexIdToRegister>
    <VertexIdToRegister>4709</VertexIdToRegister>
    <VertexIdToRegister>4710</VertexIdToRegister>
    <VertexIdToRegister>4712</VertexIdToRegister>
    <VertexIdToRegister>4713</VertexIdToRegister>
    <VertexIdToRegister>4715</VertexIdToRegister>
    <VertexIdToRegister>4716</VertexIdToRegister>
    <VertexIdToRegister>4718</VertexIdToRegister>
    <VertexIdToRegister>4719</VertexIdToRegister>
    <VertexIdToRegister>4721</VertexIdToRegister>
    <VertexIdToRegister>4722</VertexIdToRegister>
    <VertexIdToRegister>4724</VertexIdToRegister>
    <VertexIdToRegister>4725</VertexIdToRegister>
    <VertexIdToRegister>4727</VertexIdToRegister>
    <VertexIdToRegister>4728</VertexIdToRegister>
    <VertexIdToRegister>4730</VertexIdToRegister>
    <VertexIdToRegister>4731</VertexIdToRegister>
    <VertexIdToRegister>4733</VertexIdToRegister>
    <VertexIdToRegister>4734</VertexIdToRegister>
    <VertexIdToRegister>4736</VertexIdToRegister>
    <VertexIdToRegister>4737</VertexIdToRegister>
    <VertexIdToRegister>4739</VertexIdToRegister>
    <VertexIdToRegister>4740</VertexIdToRegister>
    <VertexIdToRegister>4742</VertexIdToRegister>
    <VertexIdToRegister>4743</VertexIdToRegister>
    <VertexIdToRegister>4745</VertexIdToRegister>
    <VertexIdToRegister>4746</VertexIdToRegister>
    <VertexIdToRegister>4748</VertexIdToRegister>
    <VertexIdToRegister>4749</VertexIdToRegister>
    <VertexIdToRegister>4751</VertexIdToRegister>
    <VertexIdToRegister>4752</VertexIdToRegister>
    <VertexIdToRegister>4754</VertexIdToRegister>
    <VertexIdToRegister>4755</VertexIdToRegister>
    <VertexIdToRegister>4757</VertexIdToRegister>
    <VertexIdToRegister>4758</VertexIdToRegister>
    <VertexIdToRegister>4760</VertexIdToRegister>
    <VertexIdToRegister>4761</VertexIdToRegister>
    <VertexIdToRegister>4763</VertexIdToRegister>
    <VertexIdToRegister>4764</VertexIdToRegister>
    <VertexIdToRegister>4766</VertexIdToRegister>
    <VertexIdToRegister>4767</VertexIdToRegister>
    <VertexIdToRegister>4769</VertexIdToRegister>
    <VertexIdToRegister>4770</VertexIdToRegister>
    <VertexIdToRegister>4772</VertexIdToRegister>
    <VertexIdToRegister>4773</VertexIdToRegister>
    <VertexIdToRegister>4775</VertexIdToRegister>
    <VertexIdToRegister>4776</VertexIdToRegister>
    <VertexIdToRegister>4778</VertexIdToRegister>
    <VertexIdToRegister>4779</VertexIdToRegister>
    <VertexIdToRegister>4781</VertexIdToRegister>
    <VertexIdToRegister>4782</VertexIdToRegister>
    <VertexIdToRegister>4784</VertexIdToRegister>
    <VertexIdToRegister>4785</VertexIdToRegister>
    <VertexIdToRegister>4787</VertexIdToRegister>
    <VertexIdToRegister>4788</VertexIdToRegister>
    <VertexIdToRegister>4790</VertexIdToRegister>
    <VertexIdToRegister>4791</VertexIdToRegister>
    <VertexIdToRegister>4793</VertexIdToRegister>
    <VertexIdToRegister>4796</VertexIdToRegister>
    <VertexIdToRegister>4799</VertexIdToRegister>
    <VertexIdToRegister>4802</VertexIdToRegister>
    <VertexIdToRegister>4805</VertexIdToRegister>
    <VertexIdToRegister>4808</VertexIdToRegister>
    <VertexIdToRegister>4811</VertexIdToRegister>
    <VertexIdToRegister>4814</VertexIdToRegister>
    <VertexIdToRegister>4817</VertexIdToRegister>
    <VertexIdToRegister>4820</VertexIdToRegister>
    <VertexIdToRegister>4823</VertexIdToRegister>
    <VertexIdToRegister>4826</VertexIdToRegister>
    <VertexIdToRegister>4829</VertexIdToRegister>
    <VertexIdToRegister>4832</VertexIdToRegister>
    <VertexIdToRegister>4835</VertexIdToRegister>
    <VertexIdToRegister>4838</VertexIdToRegister>
    <VertexIdToRegister>5007</VertexIdToRegister>
    <VertexIdToRegister>5008</VertexIdToRegister>
    <VertexIdToRegister>5131</VertexIdToRegister>
    <VertexIdToRegister>5135</VertexIdToRegister>
    <VertexIdToRegister>5139</VertexIdToRegister>
    <VertexIdToRegister>5143</VertexIdToRegister>
    <VertexIdToRegister>5147</VertexIdToRegister>
    <VertexIdToRegister>5151</VertexIdToRegister>
    <VertexIdToRegister>5155</VertexIdToRegister>
    <VertexIdToRegister>5159</VertexIdToRegister>
    <VertexIdToRegister>5163</VertexIdToRegister>
    <VertexIdToRegister>5167</VertexIdToRegister>
    <VertexIdToRegister>5171</VertexIdToRegister>
    <VertexIdToRegister>5175</VertexIdToRegister>
    <VertexIdToRegister>5179</VertexIdToRegister>
    <VertexIdToRegister>5183</VertexIdToRegister>
    <VertexIdToRegister>5187</VertexIdToRegister>
    <VertexIdToRegister>5191</VertexIdToRegister>
    <VertexIdToRegister>5195</VertexIdToRegister>
    <VertexIdToRegister>5199</VertexIdToRegister>
    <VertexIdToRegister>5203</VertexIdToRegister>
    <VertexIdToRegister>5207</VertexIdToRegister>
    <VertexIdToRegister>5211</VertexIdToRegister>
    <VertexIdToRegister>5215</VertexIdToRegister>
    <VertexIdToRegister>5219</VertexIdToRegister>
    <VertexIdToRegister>5223</VertexIdToRegister>
    <VertexIdToRegister>5227</VertexIdToRegister>
    <VertexIdToRegister>5231</VertexIdToRegister>
    <VertexIdToRegister>5235</VertexIdToRegister>
    <VertexIdToRegister>5239</VertexIdToRegister>
    <VertexIdToRegister>5243</VertexIdToRegister>
    <VertexIdToRegister>5247</VertexIdToRegister>
    <VertexIdToRegister>5251</VertexIdToRegister>
    <VertexIdToRegister>5255</VertexIdToRegister>
    <VertexIdToRegister>5259</VertexIdToRegister>
    <VertexIdToRegister>5263</VertexIdToRegister>
    <VertexIdToRegister>5267</VertexIdToRegister>
    <VertexIdToRegister>5271</VertexIdToRegister>
    <VertexIdToRegister>5275</VertexIdToRegister>
    <VertexIdToRegister>5279</VertexIdToRegister>
    <VertexIdToRegister>5283</VertexIdToRegister>
    <VertexIdToRegister>5287</VertexIdToRegister>
    <VertexIdToRegister>5291</VertexIdToRegister>
    <VertexIdToRegister>5295</VertexIdToRegister>
    <VertexIdToRegister>5299</VertexIdToRegister>
    <VertexIdToRegister>5303</VertexIdToRegister>
    <VertexIdToRegister>5307</VertexIdToRegister>
    <VertexIdToRegister>5311</VertexIdToRegister>
    <VertexIdToRegister>5315</VertexIdToRegister>
    <VertexIdToRegister>5319</VertexIdToRegister>
    <VertexIdToRegister>5323</VertexIdToRegister>
    <VertexIdToRegister>5327</VertexIdToRegister>
    <VertexIdToRegister>5331</VertexIdToRegister>
    <VertexIdToRegister>5335</VertexIdToRegister>
    <VertexIdToRegister>5339</VertexIdToRegister>
    <VertexIdToRegister>5343</VertexIdToRegister>
    <VertexIdToRegister>5347</VertexIdToRegister>
    <VertexIdToRegister>5351</VertexIdToRegister>
    <VertexIdToRegister>5355</VertexIdToRegister>
    <VertexIdToRegister>5359</VertexIdToRegister>
    <VertexIdToRegister>5363</VertexIdToRegister>
    <VertexIdToRegister>5367</VertexIdToRegister>
    <VertexIdToRegister>5371</VertexIdToRegister>
    <VertexIdToRegister>5375</VertexIdToRegister>
    <VertexIdToRegister>5379</VertexIdToRegister>
    <VertexIdToRegister>5383</VertexIdToRegister>
    <VertexIdToRegister>5570</VertexIdToRegister>
    <VertexIdToRegister>5578</VertexIdToRegister>
    <VertexIdToRegister>5586</VertexIdToRegister>
    <VertexIdToRegister>5594</VertexIdToRegister>
    <VertexIdToRegister>5602</VertexIdToRegister>
    <VertexIdToRegister>5610</VertexIdToRegister>
    <VertexIdToRegister>5618</VertexIdToRegister>
    <VertexIdToRegister>5626</VertexIdToRegister>
    <VertexIdToRegister>5634</VertexIdToRegister>
    <VertexIdToRegister>5642</VertexIdToRegister>
    <VertexIdToRegister>5650</VertexIdToRegister>
    <VertexIdToRegister>5658</VertexIdToRegister>
    <VertexIdToRegister>5666</VertexIdToRegister>
    <VertexIdToRegister>5674</VertexIdToRegister>
    <VertexIdToRegister>5682</VertexIdToRegister>
    <VertexIdToRegister>5690</VertexIdToRegister>
    <VertexIdToRegister>5692</VertexIdToRegister>
    <VertexIdToRegister>5693</VertexIdToRegister>
    <VertexIdToRegister>5725</VertexIdToRegister>
    <VertexIdToRegister>5726</VertexIdToRegister>
    <VertexIdToRegister>5727</VertexIdToRegister>
    <VertexIdToRegister>5728</VertexIdToRegister>
    <VertexIdToRegister>5729</VertexIdToRegister>
    <VertexIdToRegister>5730</VertexIdToRegister>
    <VertexIdToRegister>5731</VertexIdToRegister>
    <VertexIdToRegister>5732</VertexIdToRegister>
    <VertexIdToRegister>5733</VertexIdToRegister>
    <VertexIdToRegister>5734</VertexIdToRegister>
    <VertexIdToRegister>5735</VertexIdToRegister>
    <VertexIdToRegister>5736</VertexIdToRegister>
    <VertexIdToRegister>5737</VertexIdToRegister>
    <VertexIdToRegister>5738</VertexIdToRegister>
    <VertexIdToRegister>5739</VertexIdToRegister>
    <VertexIdToRegister>5740</VertexIdToRegister>
    <VertexIdToRegister>5742</VertexIdToRegister>
    <VertexIdToRegister>5743</VertexIdToRegister>
    <VertexIdToRegister>5744</VertexIdToRegister>
    <VertexIdToRegister>5745</VertexIdToRegister>
    <VertexIdToRegister>5746</VertexIdToRegister>
    <VertexIdToRegister>5747</VertexIdToRegister>
    <VertexIdToRegister>5748</VertexIdToRegister>
    <VertexIdToRegister>5749</VertexIdToRegister>
    <VertexIdToRegister>5750</VertexIdToRegister>
    <VertexIdToRegister>5751</VertexIdToRegister>
    <VertexIdToRegister>5752</VertexIdToRegister>
    <VertexIdToRegister>5753</VertexIdToRegister>
    <VertexIdToRegister>5754</VertexIdToRegister>
    <VertexIdToRegister>5755</VertexIdToRegister>
    <VertexIdToRegister>5756</VertexIdToRegister>
    <VertexIdToRegister>5757</VertexIdToRegister>
    <VertexIdToRegister>5759</VertexIdToRegister>
    <VertexIdToRegister>5760</VertexIdToRegister>
    <VertexIdToRegister>5761</VertexIdToRegister>
    <VertexIdToRegister>5762</VertexIdToRegister>
    <VertexIdToRegister>5763</VertexIdToRegister>
    <VertexIdToRegister>5764</VertexIdToRegister>
    <VertexIdToRegister>5765</VertexIdToRegister>
    <VertexIdToRegister>5766</VertexIdToRegister>
    <VertexIdToRegister>5767</VertexIdToRegister>
    <VertexIdToRegister>5768</VertexIdToRegister>
    <VertexIdToRegister>5769</VertexIdToRegister>
    <VertexIdToRegister>5770</VertexIdToRegister>
    <VertexIdToRegister>5771</VertexIdToRegister>
    <VertexIdToRegister>5772</VertexIdToRegister>
    <VertexIdToRegister>5773</VertexIdToRegister>
    <VertexIdToRegister>5774</VertexIdToRegister>
    <VertexIdToRegister>5813</VertexIdToRegister>
    <VertexIdToRegister>5814</VertexIdToRegister>
    <VertexIdToRegister>5815</VertexIdToRegister>
    <VertexIdToRegister>5816</VertexIdToRegister>
    <VertexIdToRegister>5817</VertexIdToRegister>
    <VertexIdToRegister>5818</VertexIdToRegister>
    <VertexIdToRegister>5819</VertexIdToRegister>
    <VertexIdToRegister>5820</VertexIdToRegister>
    <VertexIdToRegister>5821</VertexIdToRegister>
    <VertexIdToRegister>5822</VertexIdToRegister>
    <VertexIdToRegister>5823</VertexIdToRegister>
    <VertexIdToRegister>5824</VertexIdToRegister>
    <VertexIdToRegister>5825</VertexIdToRegister>
    <VertexIdToRegister>5826</VertexIdToRegister>
    <VertexIdToRegister>5827</VertexIdToRegister>
    <VertexIdToRegister>5828</VertexIdToRegister>
    <VertexIdToRegister>5879</VertexIdToRegister>
    <VertexIdToRegister>5914</VertexIdToRegister>
    <VertexIdToRegister>5918</VertexIdToRegister>
    <VertexIdToRegister>5922</VertexIdToRegister>
    <VertexIdToRegister>5926</VertexIdToRegister>
    <VertexIdToRegister>5930</VertexIdToRegister>
    <VertexIdToRegister>5934</VertexIdToRegister>
  </RegisterAssignments>
</Root>