<?xml version="1.0" encoding="utf-8" standalone="yes"?>
<Root>
  <processingTimeInMilliseconds>2.2302</processingTimeInMilliseconds>
  <RegisterAssignments>
    <VertexIdToRegister>73</VertexIdToRegister>
    <VertexIdToRegister>86</VertexIdToRegister>
    <VertexIdToRegister>90</VertexIdToRegister>
    <VertexIdToRegister>91</VertexIdToRegister>
    <VertexIdToRegister>93</VertexIdToRegister>
    <VertexIdToRegister>94</VertexIdToRegister>
    <VertexIdToRegister>96</VertexIdToRegister>
    <VertexIdToRegister>97</VertexIdToRegister>
    <VertexIdToRegister>99</VertexIdToRegister>
    <VertexIdToRegister>100</VertexIdToRegister>
    <VertexIdToRegister>102</VertexIdToRegister>
    <VertexIdToRegister>103</VertexIdToRegister>
    <VertexIdToRegister>105</VertexIdToRegister>
    <VertexIdToRegister>106</VertexIdToRegister>
    <VertexIdToRegister>108</VertexIdToRegister>
    <VertexIdToRegister>109</VertexIdToRegister>
    <VertexIdToRegister>111</VertexIdToRegister>
    <VertexIdToRegister>112</VertexIdToRegister>
    <VertexIdToRegister>114</VertexIdToRegister>
    <VertexIdToRegister>115</VertexIdToRegister>
    <VertexIdToRegister>117</VertexIdToRegister>
    <VertexIdToRegister>118</VertexIdToRegister>
    <VertexIdToRegister>120</VertexIdToRegister>
    <VertexIdToRegister>121</VertexIdToRegister>
    <VertexIdToRegister>123</VertexIdToRegister>
    <VertexIdToRegister>124</VertexIdToRegister>
    <VertexIdToRegister>126</VertexIdToRegister>
    <VertexIdToRegister>236</VertexIdToRegister>
    <VertexIdToRegister>238</VertexIdToRegister>
    <VertexIdToRegister>240</VertexIdToRegister>
    <VertexIdToRegister>242</VertexIdToRegister>
    <VertexIdToRegister>244</VertexIdToRegister>
    <VertexIdToRegister>246</VertexIdToRegister>
    <VertexIdToRegister>248</VertexIdToRegister>
    <VertexIdToRegister>250</VertexIdToRegister>
    <VertexIdToRegister>252</VertexIdToRegister>
    <VertexIdToRegister>254</VertexIdToRegister>
    <VertexIdToRegister>256</VertexIdToRegister>
    <VertexIdToRegister>258</VertexIdToRegister>
    <VertexIdToRegister>1104</VertexIdToRegister>
    <VertexIdToRegister>1112</VertexIdToRegister>
    <VertexIdToRegister>1394</VertexIdToRegister>
    <VertexIdToRegister>1398</VertexIdToRegister>
    <VertexIdToRegister>1402</VertexIdToRegister>
    <VertexIdToRegister>1406</VertexIdToRegister>
    <VertexIdToRegister>1637</VertexIdToRegister>
    <VertexIdToRegister>1640</VertexIdToRegister>
    <VertexIdToRegister>1643</VertexIdToRegister>
    <VertexIdToRegister>1646</VertexIdToRegister>
    <VertexIdToRegister>1883</VertexIdToRegister>
    <VertexIdToRegister>1887</VertexIdToRegister>
    <VertexIdToRegister>1891</VertexIdToRegister>
    <VertexIdToRegister>1895</VertexIdToRegister>
    <VertexIdToRegister>1906</VertexIdToRegister>
    <VertexIdToRegister>1907</VertexIdToRegister>
    <VertexIdToRegister>1908</VertexIdToRegister>
    <VertexIdToRegister>1913</VertexIdToRegister>
    <VertexIdToRegister>1914</VertexIdToRegister>
    <VertexIdToRegister>1915</VertexIdToRegister>
    <VertexIdToRegister>1920</VertexIdToRegister>
    <VertexIdToRegister>1921</VertexIdToRegister>
    <VertexIdToRegister>1922</VertexIdToRegister>
    <VertexIdToRegister>1927</VertexIdToRegister>
    <VertexIdToRegister>1928</VertexIdToRegister>
    <VertexIdToRegister>1929</VertexIdToRegister>
    <VertexIdToRegister>1934</VertexIdToRegister>
    <VertexIdToRegister>1935</VertexIdToRegister>
    <VertexIdToRegister>1936</VertexIdToRegister>
    <VertexIdToRegister>1941</VertexIdToRegister>
    <VertexIdToRegister>1942</VertexIdToRegister>
    <VertexIdToRegister>1943</VertexIdToRegister>
    <VertexIdToRegister>1948</VertexIdToRegister>
    <VertexIdToRegister>1949</VertexIdToRegister>
    <VertexIdToRegister>1950</VertexIdToRegister>
    <VertexIdToRegister>1955</VertexIdToRegister>
    <VertexIdToRegister>1956</VertexIdToRegister>
    <VertexIdToRegister>1957</VertexIdToRegister>
    <VertexIdToRegister>1962</VertexIdToRegister>
    <VertexIdToRegister>1963</VertexIdToRegister>
    <VertexIdToRegister>1964</VertexIdToRegister>
    <VertexIdToRegister>1969</VertexIdToRegister>
    <VertexIdToRegister>1970</VertexIdToRegister>
    <VertexIdToRegister>1971</VertexIdToRegister>
    <VertexIdToRegister>1976</VertexIdToRegister>
    <VertexIdToRegister>1977</VertexIdToRegister>
    <VertexIdToRegister>1978</VertexIdToRegister>
    <VertexIdToRegister>1983</VertexIdToRegister>
    <VertexIdToRegister>1984</VertexIdToRegister>
    <VertexIdToRegister>1985</VertexIdToRegister>
    <VertexIdToRegister>1990</VertexIdToRegister>
    <VertexIdToRegister>1991</VertexIdToRegister>
    <VertexIdToRegister>1992</VertexIdToRegister>
    <VertexIdToRegister>1997</VertexIdToRegister>
    <VertexIdToRegister>1998</VertexIdToRegister>
    <VertexIdToRegister>1999</VertexIdToRegister>
    <VertexIdToRegister>2004</VertexIdToRegister>
    <VertexIdToRegister>2005</VertexIdToRegister>
    <VertexIdToRegister>2006</VertexIdToRegister>
    <VertexIdToRegister>2011</VertexIdToRegister>
    <VertexIdToRegister>2012</VertexIdToRegister>
    <VertexIdToRegister>2013</VertexIdToRegister>
    <VertexIdToRegister>2030</VertexIdToRegister>
    <VertexIdToRegister>2031</VertexIdToRegister>
    <VertexIdToRegister>2033</VertexIdToRegister>
    <VertexIdToRegister>2034</VertexIdToRegister>
    <VertexIdToRegister>2036</VertexIdToRegister>
    <VertexIdToRegister>2037</VertexIdToRegister>
    <VertexIdToRegister>2039</VertexIdToRegister>
    <VertexIdToRegister>2040</VertexIdToRegister>
    <VertexIdToRegister>2042</VertexIdToRegister>
    <VertexIdToRegister>2043</VertexIdToRegister>
    <VertexIdToRegister>2045</VertexIdToRegister>
    <VertexIdToRegister>2046</VertexIdToRegister>
    <VertexIdToRegister>2048</VertexIdToRegister>
    <VertexIdToRegister>2049</VertexIdToRegister>
    <VertexIdToRegister>2051</VertexIdToRegister>
    <VertexIdToRegister>2052</VertexIdToRegister>
    <VertexIdToRegister>2054</VertexIdToRegister>
    <VertexIdToRegister>2055</VertexIdToRegister>
    <VertexIdToRegister>2057</VertexIdToRegister>
    <VertexIdToRegister>2058</VertexIdToRegister>
    <VertexIdToRegister>2060</VertexIdToRegister>
    <VertexIdToRegister>2061</VertexIdToRegister>
    <VertexIdToRegister>2063</VertexIdToRegister>
    <VertexIdToRegister>2064</VertexIdToRegister>
    <VertexIdToRegister>2066</VertexIdToRegister>
    <VertexIdToRegister>2067</VertexIdToRegister>
    <VertexIdToRegister>2069</VertexIdToRegister>
    <VertexIdToRegister>2070</VertexIdToRegister>
    <VertexIdToRegister>2072</VertexIdToRegister>
    <VertexIdToRegister>2073</VertexIdToRegister>
    <VertexIdToRegister>2075</VertexIdToRegister>
    <VertexIdToRegister>2076</VertexIdToRegister>
    <VertexIdToRegister>2078</VertexIdToRegister>
    <VertexIdToRegister>2081</VertexIdToRegister>
    <VertexIdToRegister>2084</VertexIdToRegister>
    <VertexIdToRegister>2087</VertexIdToRegister>
    <VertexIdToRegister>2161</VertexIdToRegister>
    <VertexIdToRegister>2165</VertexIdToRegister>
    <VertexIdToRegister>2169</VertexIdToRegister>
    <VertexIdToRegister>2173</VertexIdToRegister>
    <VertexIdToRegister>2177</VertexIdToRegister>
    <VertexIdToRegister>2181</VertexIdToRegister>
    <VertexIdToRegister>2185</VertexIdToRegister>
    <VertexIdToRegister>2189</VertexIdToRegister>
    <VertexIdToRegister>2193</VertexIdToRegister>
    <VertexIdToRegister>2197</VertexIdToRegister>
    <VertexIdToRegister>2201</VertexIdToRegister>
    <VertexIdToRegister>2205</VertexIdToRegister>
    <VertexIdToRegister>2209</VertexIdToRegister>
    <VertexIdToRegister>2213</VertexIdToRegister>
    <VertexIdToRegister>2217</VertexIdToRegister>
    <VertexIdToRegister>2221</VertexIdToRegister>
    <VertexIdToRegister>2276</VertexIdToRegister>
    <VertexIdToRegister>2284</VertexIdToRegister>
    <VertexIdToRegister>2292</VertexIdToRegister>
    <VertexIdToRegister>2300</VertexIdToRegister>
    <VertexIdToRegister>2302</VertexIdToRegister>
    <VertexIdToRegister>2311</VertexIdToRegister>
    <VertexIdToRegister>2312</VertexIdToRegister>
    <VertexIdToRegister>2313</VertexIdToRegister>
    <VertexIdToRegister>2314</VertexIdToRegister>
    <VertexIdToRegister>2316</VertexIdToRegister>
    <VertexIdToRegister>2317</VertexIdToRegister>
    <VertexIdToRegister>2318</VertexIdToRegister>
    <VertexIdToRegister>2319</VertexIdToRegister>
    <VertexIdToRegister>2321</VertexIdToRegister>
    <VertexIdToRegister>2322</VertexIdToRegister>
    <VertexIdToRegister>2323</VertexIdToRegister>
    <VertexIdToRegister>2324</VertexIdToRegister>
    <VertexIdToRegister>2360</VertexIdToRegister>
    <VertexIdToRegister>2361</VertexIdToRegister>
    <VertexIdToRegister>2362</VertexIdToRegister>
    <VertexIdToRegister>2363</VertexIdToRegister>
    <VertexIdToRegister>2411</VertexIdToRegister>
    <VertexIdToRegister>2446</VertexIdToRegister>
    <VertexIdToRegister>2450</VertexIdToRegister>
    <VertexIdToRegister>2454</VertexIdToRegister>
    <VertexIdToRegister>2458</VertexIdToRegister>
    <VertexIdToRegister>2462</VertexIdToRegister>
    <VertexIdToRegister>2466</VertexIdToRegister>
  </RegisterAssignments>
</Root>