<?xml version="1.0" encoding="utf-8" standalone="yes"?>
<Root>
  <processingTimeInMilliseconds>1.2699</processingTimeInMilliseconds>
  <RegisterAssignments>
    <VertexIdToRegister>94</VertexIdToRegister>
    <VertexIdToRegister>100</VertexIdToRegister>
    <VertexIdToRegister>108</VertexIdToRegister>
    <VertexIdToRegister>112</VertexIdToRegister>
    <VertexIdToRegister>113</VertexIdToRegister>
    <VertexIdToRegister>115</VertexIdToRegister>
    <VertexIdToRegister>116</VertexIdToRegister>
    <VertexIdToRegister>118</VertexIdToRegister>
    <VertexIdToRegister>119</VertexIdToRegister>
    <VertexIdToRegister>121</VertexIdToRegister>
    <VertexIdToRegister>122</VertexIdToRegister>
    <VertexIdToRegister>124</VertexIdToRegister>
    <VertexIdToRegister>125</VertexIdToRegister>
    <VertexIdToRegister>127</VertexIdToRegister>
    <VertexIdToRegister>128</VertexIdToRegister>
    <VertexIdToRegister>130</VertexIdToRegister>
    <VertexIdToRegister>131</VertexIdToRegister>
    <VertexIdToRegister>133</VertexIdToRegister>
    <VertexIdToRegister>134</VertexIdToRegister>
    <VertexIdToRegister>136</VertexIdToRegister>
    <VertexIdToRegister>137</VertexIdToRegister>
    <VertexIdToRegister>139</VertexIdToRegister>
    <VertexIdToRegister>140</VertexIdToRegister>
    <VertexIdToRegister>142</VertexIdToRegister>
    <VertexIdToRegister>143</VertexIdToRegister>
    <VertexIdToRegister>145</VertexIdToRegister>
    <VertexIdToRegister>146</VertexIdToRegister>
    <VertexIdToRegister>148</VertexIdToRegister>
    <VertexIdToRegister>149</VertexIdToRegister>
    <VertexIdToRegister>151</VertexIdToRegister>
    <VertexIdToRegister>152</VertexIdToRegister>
    <VertexIdToRegister>154</VertexIdToRegister>
    <VertexIdToRegister>155</VertexIdToRegister>
    <VertexIdToRegister>157</VertexIdToRegister>
    <VertexIdToRegister>158</VertexIdToRegister>
    <VertexIdToRegister>160</VertexIdToRegister>
    <VertexIdToRegister>210</VertexIdToRegister>
    <VertexIdToRegister>212</VertexIdToRegister>
    <VertexIdToRegister>214</VertexIdToRegister>
    <VertexIdToRegister>216</VertexIdToRegister>
    <VertexIdToRegister>218</VertexIdToRegister>
    <VertexIdToRegister>220</VertexIdToRegister>
    <VertexIdToRegister>222</VertexIdToRegister>
    <VertexIdToRegister>224</VertexIdToRegister>
    <VertexIdToRegister>226</VertexIdToRegister>
    <VertexIdToRegister>228</VertexIdToRegister>
    <VertexIdToRegister>230</VertexIdToRegister>
    <VertexIdToRegister>232</VertexIdToRegister>
    <VertexIdToRegister>234</VertexIdToRegister>
    <VertexIdToRegister>236</VertexIdToRegister>
    <VertexIdToRegister>238</VertexIdToRegister>
    <VertexIdToRegister>240</VertexIdToRegister>
    <VertexIdToRegister>1297</VertexIdToRegister>
    <VertexIdToRegister>1301</VertexIdToRegister>
    <VertexIdToRegister>1366</VertexIdToRegister>
    <VertexIdToRegister>1367</VertexIdToRegister>
    <VertexIdToRegister>1368</VertexIdToRegister>
    <VertexIdToRegister>1373</VertexIdToRegister>
    <VertexIdToRegister>1374</VertexIdToRegister>
    <VertexIdToRegister>1375</VertexIdToRegister>
    <VertexIdToRegister>1380</VertexIdToRegister>
    <VertexIdToRegister>1381</VertexIdToRegister>
    <VertexIdToRegister>1382</VertexIdToRegister>
    <VertexIdToRegister>1387</VertexIdToRegister>
    <VertexIdToRegister>1388</VertexIdToRegister>
    <VertexIdToRegister>1389</VertexIdToRegister>
    <VertexIdToRegister>1396</VertexIdToRegister>
    <VertexIdToRegister>1399</VertexIdToRegister>
    <VertexIdToRegister>1402</VertexIdToRegister>
    <VertexIdToRegister>1405</VertexIdToRegister>
    <VertexIdToRegister>1410</VertexIdToRegister>
    <VertexIdToRegister>1411</VertexIdToRegister>
    <VertexIdToRegister>1413</VertexIdToRegister>
    <VertexIdToRegister>1414</VertexIdToRegister>
    <VertexIdToRegister>1416</VertexIdToRegister>
    <VertexIdToRegister>1420</VertexIdToRegister>
    <VertexIdToRegister>1424</VertexIdToRegister>
    <VertexIdToRegister>1428</VertexIdToRegister>
    <VertexIdToRegister>1432</VertexIdToRegister>
    <VertexIdToRegister>1475</VertexIdToRegister>
    <VertexIdToRegister>1484</VertexIdToRegister>
    <VertexIdToRegister>1511</VertexIdToRegister>
    <VertexIdToRegister>1520</VertexIdToRegister>
    <VertexIdToRegister>1578</VertexIdToRegister>
    <VertexIdToRegister>1582</VertexIdToRegister>
    <VertexIdToRegister>1586</VertexIdToRegister>
    <VertexIdToRegister>1590</VertexIdToRegister>
    <VertexIdToRegister>1594</VertexIdToRegister>
    <VertexIdToRegister>1598</VertexIdToRegister>
    <VertexIdToRegister>1602</VertexIdToRegister>
    <VertexIdToRegister>1606</VertexIdToRegister>
    <VertexIdToRegister>80</VertexIdToRegister>
    <VertexIdToRegister>83</VertexIdToRegister>
    <VertexIdToRegister>101</VertexIdToRegister>
  </RegisterAssignments>
</Root>