<?xml version="1.0" encoding="utf-8" standalone="yes"?>
<Root>
  <processingTimeInMilliseconds>0.042</processingTimeInMilliseconds>
  <RegisterAssignments>
    <VertexIdToRegister>28</VertexIdToRegister>
    <VertexIdToRegister>29</VertexIdToRegister>
    <VertexIdToRegister>31</VertexIdToRegister>
    <VertexIdToRegister>32</VertexIdToRegister>
    <VertexIdToRegister>33</VertexIdToRegister>
    <VertexIdToRegister>34</VertexIdToRegister>
    <VertexIdToRegister>36</VertexIdToRegister>
    <VertexIdToRegister>37</VertexIdToRegister>
    <VertexIdToRegister>38</VertexIdToRegister>
    <VertexIdToRegister>39</VertexIdToRegister>
    <VertexIdToRegister>40</VertexIdToRegister>
    <VertexIdToRegister>42</VertexIdToRegister>
    <VertexIdToRegister>43</VertexIdToRegister>
    <VertexIdToRegister>44</VertexIdToRegister>
  </RegisterAssignments>
</Root>