<?xml version="1.0" encoding="utf-8" standalone="yes"?>
<Root>
  <processingTimeInMilliseconds>7.9810000000000008</processingTimeInMilliseconds>
  <RegisterAssignments>
    <VertexIdToRegister>0</VertexIdToRegister>
    <VertexIdToRegister>199</VertexIdToRegister>
    <VertexIdToRegister>212</VertexIdToRegister>
    <VertexIdToRegister>215</VertexIdToRegister>
    <VertexIdToRegister>218</VertexIdToRegister>
    <VertexIdToRegister>221</VertexIdToRegister>
    <VertexIdToRegister>224</VertexIdToRegister>
    <VertexIdToRegister>227</VertexIdToRegister>
    <VertexIdToRegister>230</VertexIdToRegister>
    <VertexIdToRegister>233</VertexIdToRegister>
    <VertexIdToRegister>236</VertexIdToRegister>
    <VertexIdToRegister>239</VertexIdToRegister>
    <VertexIdToRegister>242</VertexIdToRegister>
    <VertexIdToRegister>245</VertexIdToRegister>
    <VertexIdToRegister>248</VertexIdToRegister>
    <VertexIdToRegister>251</VertexIdToRegister>
    <VertexIdToRegister>254</VertexIdToRegister>
    <VertexIdToRegister>257</VertexIdToRegister>
    <VertexIdToRegister>259</VertexIdToRegister>
    <VertexIdToRegister>260</VertexIdToRegister>
    <VertexIdToRegister>266</VertexIdToRegister>
    <VertexIdToRegister>269</VertexIdToRegister>
    <VertexIdToRegister>272</VertexIdToRegister>
    <VertexIdToRegister>275</VertexIdToRegister>
    <VertexIdToRegister>278</VertexIdToRegister>
    <VertexIdToRegister>281</VertexIdToRegister>
    <VertexIdToRegister>284</VertexIdToRegister>
    <VertexIdToRegister>287</VertexIdToRegister>
    <VertexIdToRegister>290</VertexIdToRegister>
    <VertexIdToRegister>293</VertexIdToRegister>
    <VertexIdToRegister>295</VertexIdToRegister>
    <VertexIdToRegister>301</VertexIdToRegister>
    <VertexIdToRegister>313</VertexIdToRegister>
    <VertexIdToRegister>326</VertexIdToRegister>
    <VertexIdToRegister>338</VertexIdToRegister>
    <VertexIdToRegister>351</VertexIdToRegister>
    <VertexIdToRegister>363</VertexIdToRegister>
    <VertexIdToRegister>376</VertexIdToRegister>
    <VertexIdToRegister>388</VertexIdToRegister>
    <VertexIdToRegister>401</VertexIdToRegister>
    <VertexIdToRegister>413</VertexIdToRegister>
    <VertexIdToRegister>426</VertexIdToRegister>
    <VertexIdToRegister>438</VertexIdToRegister>
    <VertexIdToRegister>451</VertexIdToRegister>
    <VertexIdToRegister>463</VertexIdToRegister>
    <VertexIdToRegister>476</VertexIdToRegister>
    <VertexIdToRegister>488</VertexIdToRegister>
    <VertexIdToRegister>501</VertexIdToRegister>
    <VertexIdToRegister>513</VertexIdToRegister>
    <VertexIdToRegister>526</VertexIdToRegister>
    <VertexIdToRegister>538</VertexIdToRegister>
    <VertexIdToRegister>551</VertexIdToRegister>
    <VertexIdToRegister>563</VertexIdToRegister>
    <VertexIdToRegister>576</VertexIdToRegister>
    <VertexIdToRegister>588</VertexIdToRegister>
    <VertexIdToRegister>601</VertexIdToRegister>
    <VertexIdToRegister>613</VertexIdToRegister>
    <VertexIdToRegister>626</VertexIdToRegister>
    <VertexIdToRegister>638</VertexIdToRegister>
    <VertexIdToRegister>651</VertexIdToRegister>
    <VertexIdToRegister>663</VertexIdToRegister>
    <VertexIdToRegister>676</VertexIdToRegister>
    <VertexIdToRegister>688</VertexIdToRegister>
    <VertexIdToRegister>701</VertexIdToRegister>
    <VertexIdToRegister>713</VertexIdToRegister>
    <VertexIdToRegister>726</VertexIdToRegister>
    <VertexIdToRegister>738</VertexIdToRegister>
    <VertexIdToRegister>751</VertexIdToRegister>
    <VertexIdToRegister>763</VertexIdToRegister>
    <VertexIdToRegister>776</VertexIdToRegister>
    <VertexIdToRegister>788</VertexIdToRegister>
    <VertexIdToRegister>801</VertexIdToRegister>
    <VertexIdToRegister>813</VertexIdToRegister>
    <VertexIdToRegister>826</VertexIdToRegister>
    <VertexIdToRegister>838</VertexIdToRegister>
    <VertexIdToRegister>851</VertexIdToRegister>
    <VertexIdToRegister>863</VertexIdToRegister>
    <VertexIdToRegister>876</VertexIdToRegister>
    <VertexIdToRegister>888</VertexIdToRegister>
    <VertexIdToRegister>901</VertexIdToRegister>
    <VertexIdToRegister>913</VertexIdToRegister>
    <VertexIdToRegister>926</VertexIdToRegister>
    <VertexIdToRegister>938</VertexIdToRegister>
    <VertexIdToRegister>951</VertexIdToRegister>
    <VertexIdToRegister>963</VertexIdToRegister>
    <VertexIdToRegister>976</VertexIdToRegister>
    <VertexIdToRegister>988</VertexIdToRegister>
    <VertexIdToRegister>1001</VertexIdToRegister>
    <VertexIdToRegister>1013</VertexIdToRegister>
    <VertexIdToRegister>1026</VertexIdToRegister>
    <VertexIdToRegister>1038</VertexIdToRegister>
    <VertexIdToRegister>1052</VertexIdToRegister>
  </RegisterAssignments>
</Root>