<?xml version="1.0" encoding="utf-8" standalone="yes"?>
<Root>
  <processingTimeInMilliseconds>0.609</processingTimeInMilliseconds>
  <RegisterAssignments>
    <VertexIdToRegister>12</VertexIdToRegister>
    <VertexIdToRegister>15</VertexIdToRegister>
    <VertexIdToRegister>18</VertexIdToRegister>
    <VertexIdToRegister>21</VertexIdToRegister>
    <VertexIdToRegister>35</VertexIdToRegister>
    <VertexIdToRegister>41</VertexIdToRegister>
    <VertexIdToRegister>44</VertexIdToRegister>
    <VertexIdToRegister>51</VertexIdToRegister>
    <VertexIdToRegister>55</VertexIdToRegister>
    <VertexIdToRegister>64</VertexIdToRegister>
    <VertexIdToRegister>67</VertexIdToRegister>
    <VertexIdToRegister>70</VertexIdToRegister>
    <VertexIdToRegister>73</VertexIdToRegister>
    <VertexIdToRegister>87</VertexIdToRegister>
    <VertexIdToRegister>93</VertexIdToRegister>
    <VertexIdToRegister>96</VertexIdToRegister>
    <VertexIdToRegister>103</VertexIdToRegister>
    <VertexIdToRegister>107</VertexIdToRegister>
    <VertexIdToRegister>116</VertexIdToRegister>
    <VertexIdToRegister>119</VertexIdToRegister>
    <VertexIdToRegister>122</VertexIdToRegister>
    <VertexIdToRegister>125</VertexIdToRegister>
    <VertexIdToRegister>139</VertexIdToRegister>
    <VertexIdToRegister>145</VertexIdToRegister>
    <VertexIdToRegister>148</VertexIdToRegister>
    <VertexIdToRegister>155</VertexIdToRegister>
    <VertexIdToRegister>159</VertexIdToRegister>
    <VertexIdToRegister>168</VertexIdToRegister>
    <VertexIdToRegister>171</VertexIdToRegister>
    <VertexIdToRegister>174</VertexIdToRegister>
    <VertexIdToRegister>177</VertexIdToRegister>
    <VertexIdToRegister>191</VertexIdToRegister>
    <VertexIdToRegister>197</VertexIdToRegister>
    <VertexIdToRegister>200</VertexIdToRegister>
    <VertexIdToRegister>207</VertexIdToRegister>
    <VertexIdToRegister>211</VertexIdToRegister>
    <VertexIdToRegister>220</VertexIdToRegister>
    <VertexIdToRegister>223</VertexIdToRegister>
    <VertexIdToRegister>226</VertexIdToRegister>
    <VertexIdToRegister>229</VertexIdToRegister>
    <VertexIdToRegister>243</VertexIdToRegister>
    <VertexIdToRegister>249</VertexIdToRegister>
    <VertexIdToRegister>252</VertexIdToRegister>
    <VertexIdToRegister>259</VertexIdToRegister>
    <VertexIdToRegister>263</VertexIdToRegister>
    <VertexIdToRegister>272</VertexIdToRegister>
    <VertexIdToRegister>275</VertexIdToRegister>
    <VertexIdToRegister>278</VertexIdToRegister>
    <VertexIdToRegister>281</VertexIdToRegister>
    <VertexIdToRegister>295</VertexIdToRegister>
    <VertexIdToRegister>301</VertexIdToRegister>
    <VertexIdToRegister>304</VertexIdToRegister>
    <VertexIdToRegister>311</VertexIdToRegister>
    <VertexIdToRegister>315</VertexIdToRegister>
    <VertexIdToRegister>324</VertexIdToRegister>
    <VertexIdToRegister>327</VertexIdToRegister>
    <VertexIdToRegister>330</VertexIdToRegister>
    <VertexIdToRegister>333</VertexIdToRegister>
    <VertexIdToRegister>347</VertexIdToRegister>
    <VertexIdToRegister>353</VertexIdToRegister>
    <VertexIdToRegister>356</VertexIdToRegister>
    <VertexIdToRegister>363</VertexIdToRegister>
    <VertexIdToRegister>367</VertexIdToRegister>
    <VertexIdToRegister>376</VertexIdToRegister>
    <VertexIdToRegister>379</VertexIdToRegister>
    <VertexIdToRegister>382</VertexIdToRegister>
    <VertexIdToRegister>385</VertexIdToRegister>
    <VertexIdToRegister>399</VertexIdToRegister>
    <VertexIdToRegister>405</VertexIdToRegister>
    <VertexIdToRegister>408</VertexIdToRegister>
    <VertexIdToRegister>415</VertexIdToRegister>
    <VertexIdToRegister>419</VertexIdToRegister>
    <VertexIdToRegister>428</VertexIdToRegister>
    <VertexIdToRegister>431</VertexIdToRegister>
    <VertexIdToRegister>434</VertexIdToRegister>
    <VertexIdToRegister>437</VertexIdToRegister>
    <VertexIdToRegister>451</VertexIdToRegister>
    <VertexIdToRegister>457</VertexIdToRegister>
    <VertexIdToRegister>460</VertexIdToRegister>
    <VertexIdToRegister>467</VertexIdToRegister>
    <VertexIdToRegister>471</VertexIdToRegister>
    <VertexIdToRegister>480</VertexIdToRegister>
    <VertexIdToRegister>483</VertexIdToRegister>
    <VertexIdToRegister>486</VertexIdToRegister>
    <VertexIdToRegister>489</VertexIdToRegister>
    <VertexIdToRegister>503</VertexIdToRegister>
    <VertexIdToRegister>509</VertexIdToRegister>
    <VertexIdToRegister>512</VertexIdToRegister>
    <VertexIdToRegister>519</VertexIdToRegister>
    <VertexIdToRegister>523</VertexIdToRegister>
    <VertexIdToRegister>532</VertexIdToRegister>
    <VertexIdToRegister>535</VertexIdToRegister>
    <VertexIdToRegister>538</VertexIdToRegister>
    <VertexIdToRegister>541</VertexIdToRegister>
    <VertexIdToRegister>555</VertexIdToRegister>
    <VertexIdToRegister>561</VertexIdToRegister>
    <VertexIdToRegister>564</VertexIdToRegister>
    <VertexIdToRegister>571</VertexIdToRegister>
    <VertexIdToRegister>575</VertexIdToRegister>
    <VertexIdToRegister>584</VertexIdToRegister>
    <VertexIdToRegister>587</VertexIdToRegister>
    <VertexIdToRegister>590</VertexIdToRegister>
    <VertexIdToRegister>593</VertexIdToRegister>
    <VertexIdToRegister>607</VertexIdToRegister>
    <VertexIdToRegister>613</VertexIdToRegister>
    <VertexIdToRegister>616</VertexIdToRegister>
    <VertexIdToRegister>623</VertexIdToRegister>
    <VertexIdToRegister>627</VertexIdToRegister>
    <VertexIdToRegister>636</VertexIdToRegister>
    <VertexIdToRegister>639</VertexIdToRegister>
    <VertexIdToRegister>642</VertexIdToRegister>
    <VertexIdToRegister>645</VertexIdToRegister>
    <VertexIdToRegister>659</VertexIdToRegister>
    <VertexIdToRegister>665</VertexIdToRegister>
    <VertexIdToRegister>668</VertexIdToRegister>
    <VertexIdToRegister>675</VertexIdToRegister>
    <VertexIdToRegister>679</VertexIdToRegister>
    <VertexIdToRegister>688</VertexIdToRegister>
    <VertexIdToRegister>691</VertexIdToRegister>
    <VertexIdToRegister>694</VertexIdToRegister>
    <VertexIdToRegister>697</VertexIdToRegister>
    <VertexIdToRegister>711</VertexIdToRegister>
    <VertexIdToRegister>717</VertexIdToRegister>
    <VertexIdToRegister>720</VertexIdToRegister>
    <VertexIdToRegister>727</VertexIdToRegister>
    <VertexIdToRegister>731</VertexIdToRegister>
    <VertexIdToRegister>740</VertexIdToRegister>
    <VertexIdToRegister>743</VertexIdToRegister>
    <VertexIdToRegister>746</VertexIdToRegister>
    <VertexIdToRegister>749</VertexIdToRegister>
    <VertexIdToRegister>763</VertexIdToRegister>
    <VertexIdToRegister>769</VertexIdToRegister>
    <VertexIdToRegister>772</VertexIdToRegister>
    <VertexIdToRegister>779</VertexIdToRegister>
    <VertexIdToRegister>783</VertexIdToRegister>
    <VertexIdToRegister>792</VertexIdToRegister>
    <VertexIdToRegister>795</VertexIdToRegister>
    <VertexIdToRegister>798</VertexIdToRegister>
    <VertexIdToRegister>801</VertexIdToRegister>
    <VertexIdToRegister>815</VertexIdToRegister>
    <VertexIdToRegister>821</VertexIdToRegister>
    <VertexIdToRegister>824</VertexIdToRegister>
    <VertexIdToRegister>831</VertexIdToRegister>
    <VertexIdToRegister>835</VertexIdToRegister>
  </RegisterAssignments>
</Root>