<?xml version="1.0" encoding="utf-8" standalone="yes"?>
<Root>
  <processingTimeInMilliseconds>0.0</processingTimeInMilliseconds>
  <RegisterAssignments>
    <VertexIdToRegister>61</VertexIdToRegister>
    <VertexIdToRegister>424</VertexIdToRegister>
    <VertexIdToRegister>269</VertexIdToRegister>
    <VertexIdToRegister>442</VertexIdToRegister>
    <VertexIdToRegister>331</VertexIdToRegister>
    <VertexIdToRegister>184</VertexIdToRegister>
    <VertexIdToRegister>187</VertexIdToRegister>
    <VertexIdToRegister>126</VertexIdToRegister>
    <VertexIdToRegister>71</VertexIdToRegister>
    <VertexIdToRegister>263</VertexIdToRegister>
    <VertexIdToRegister>364</VertexIdToRegister>
    <VertexIdToRegister>380</VertexIdToRegister>
    <VertexIdToRegister>56</VertexIdToRegister>
    <VertexIdToRegister>436</VertexIdToRegister>
  </RegisterAssignments>
</Root>
