<?xml version="1.0" encoding="utf-8" standalone="yes"?>
<Root>
  <processingTimeInMilliseconds>0.36260000000000003</processingTimeInMilliseconds>
  <RegisterAssignments>
    <VertexIdToRegister>17</VertexIdToRegister>
    <VertexIdToRegister>19</VertexIdToRegister>
    <VertexIdToRegister>23</VertexIdToRegister>
    <VertexIdToRegister>52</VertexIdToRegister>
    <VertexIdToRegister>54</VertexIdToRegister>
    <VertexIdToRegister>55</VertexIdToRegister>
    <VertexIdToRegister>59</VertexIdToRegister>
    <VertexIdToRegister>60</VertexIdToRegister>
    <VertexIdToRegister>68</VertexIdToRegister>
    <VertexIdToRegister>71</VertexIdToRegister>
    <VertexIdToRegister>73</VertexIdToRegister>
    <VertexIdToRegister>98</VertexIdToRegister>
    <VertexIdToRegister>112</VertexIdToRegister>
    <VertexIdToRegister>113</VertexIdToRegister>
    <VertexIdToRegister>123</VertexIdToRegister>
    <VertexIdToRegister>126</VertexIdToRegister>
    <VertexIdToRegister>128</VertexIdToRegister>
    <VertexIdToRegister>153</VertexIdToRegister>
    <VertexIdToRegister>167</VertexIdToRegister>
    <VertexIdToRegister>168</VertexIdToRegister>
    <VertexIdToRegister>178</VertexIdToRegister>
    <VertexIdToRegister>181</VertexIdToRegister>
    <VertexIdToRegister>184</VertexIdToRegister>
    <VertexIdToRegister>187</VertexIdToRegister>
    <VertexIdToRegister>189</VertexIdToRegister>
    <VertexIdToRegister>218</VertexIdToRegister>
    <VertexIdToRegister>222</VertexIdToRegister>
    <VertexIdToRegister>236</VertexIdToRegister>
    <VertexIdToRegister>237</VertexIdToRegister>
    <VertexIdToRegister>250</VertexIdToRegister>
    <VertexIdToRegister>251</VertexIdToRegister>
    <VertexIdToRegister>263</VertexIdToRegister>
    <VertexIdToRegister>265</VertexIdToRegister>
    <VertexIdToRegister>269</VertexIdToRegister>
    <VertexIdToRegister>298</VertexIdToRegister>
    <VertexIdToRegister>300</VertexIdToRegister>
    <VertexIdToRegister>301</VertexIdToRegister>
    <VertexIdToRegister>305</VertexIdToRegister>
    <VertexIdToRegister>306</VertexIdToRegister>
    <VertexIdToRegister>325</VertexIdToRegister>
    <VertexIdToRegister>327</VertexIdToRegister>
    <VertexIdToRegister>331</VertexIdToRegister>
    <VertexIdToRegister>360</VertexIdToRegister>
    <VertexIdToRegister>362</VertexIdToRegister>
    <VertexIdToRegister>363</VertexIdToRegister>
    <VertexIdToRegister>367</VertexIdToRegister>
    <VertexIdToRegister>368</VertexIdToRegister>
    <VertexIdToRegister>380</VertexIdToRegister>
    <VertexIdToRegister>382</VertexIdToRegister>
    <VertexIdToRegister>386</VertexIdToRegister>
    <VertexIdToRegister>415</VertexIdToRegister>
    <VertexIdToRegister>417</VertexIdToRegister>
    <VertexIdToRegister>418</VertexIdToRegister>
    <VertexIdToRegister>422</VertexIdToRegister>
    <VertexIdToRegister>423</VertexIdToRegister>
    <VertexIdToRegister>433</VertexIdToRegister>
    <VertexIdToRegister>436</VertexIdToRegister>
    <VertexIdToRegister>438</VertexIdToRegister>
    <VertexIdToRegister>442</VertexIdToRegister>
    <VertexIdToRegister>457</VertexIdToRegister>
    <VertexIdToRegister>485</VertexIdToRegister>
    <VertexIdToRegister>487</VertexIdToRegister>
    <VertexIdToRegister>488</VertexIdToRegister>
    <VertexIdToRegister>492</VertexIdToRegister>
    <VertexIdToRegister>493</VertexIdToRegister>
    <VertexIdToRegister>505</VertexIdToRegister>
  </RegisterAssignments>
</Root>