<?xml version="1.0" encoding="utf-8" standalone="yes"?>
<Root>
  <processingTimeInMilliseconds>0.4858</processingTimeInMilliseconds>
  <RegisterAssignments>
    <VertexIdToRegister>96</VertexIdToRegister>
    <VertexIdToRegister>98</VertexIdToRegister>
    <VertexIdToRegister>100</VertexIdToRegister>
    <VertexIdToRegister>103</VertexIdToRegister>
    <VertexIdToRegister>117</VertexIdToRegister>
    <VertexIdToRegister>122</VertexIdToRegister>
    <VertexIdToRegister>123</VertexIdToRegister>
    <VertexIdToRegister>128</VertexIdToRegister>
    <VertexIdToRegister>130</VertexIdToRegister>
    <VertexIdToRegister>132</VertexIdToRegister>
    <VertexIdToRegister>135</VertexIdToRegister>
    <VertexIdToRegister>150</VertexIdToRegister>
    <VertexIdToRegister>155</VertexIdToRegister>
    <VertexIdToRegister>161</VertexIdToRegister>
    <VertexIdToRegister>163</VertexIdToRegister>
    <VertexIdToRegister>165</VertexIdToRegister>
    <VertexIdToRegister>168</VertexIdToRegister>
    <VertexIdToRegister>183</VertexIdToRegister>
    <VertexIdToRegister>188</VertexIdToRegister>
    <VertexIdToRegister>194</VertexIdToRegister>
    <VertexIdToRegister>196</VertexIdToRegister>
    <VertexIdToRegister>198</VertexIdToRegister>
    <VertexIdToRegister>201</VertexIdToRegister>
    <VertexIdToRegister>216</VertexIdToRegister>
    <VertexIdToRegister>221</VertexIdToRegister>
    <VertexIdToRegister>340</VertexIdToRegister>
    <VertexIdToRegister>344</VertexIdToRegister>
    <VertexIdToRegister>351</VertexIdToRegister>
    <VertexIdToRegister>353</VertexIdToRegister>
    <VertexIdToRegister>356</VertexIdToRegister>
    <VertexIdToRegister>370</VertexIdToRegister>
    <VertexIdToRegister>375</VertexIdToRegister>
    <VertexIdToRegister>376</VertexIdToRegister>
    <VertexIdToRegister>383</VertexIdToRegister>
    <VertexIdToRegister>385</VertexIdToRegister>
    <VertexIdToRegister>388</VertexIdToRegister>
    <VertexIdToRegister>403</VertexIdToRegister>
    <VertexIdToRegister>408</VertexIdToRegister>
    <VertexIdToRegister>416</VertexIdToRegister>
    <VertexIdToRegister>418</VertexIdToRegister>
    <VertexIdToRegister>421</VertexIdToRegister>
    <VertexIdToRegister>436</VertexIdToRegister>
    <VertexIdToRegister>441</VertexIdToRegister>
    <VertexIdToRegister>486</VertexIdToRegister>
    <VertexIdToRegister>490</VertexIdToRegister>
    <VertexIdToRegister>494</VertexIdToRegister>
    <VertexIdToRegister>498</VertexIdToRegister>
    <VertexIdToRegister>502</VertexIdToRegister>
    <VertexIdToRegister>506</VertexIdToRegister>
    <VertexIdToRegister>510</VertexIdToRegister>
    <VertexIdToRegister>514</VertexIdToRegister>
    <VertexIdToRegister>518</VertexIdToRegister>
    <VertexIdToRegister>522</VertexIdToRegister>
    <VertexIdToRegister>526</VertexIdToRegister>
    <VertexIdToRegister>530</VertexIdToRegister>
    <VertexIdToRegister>534</VertexIdToRegister>
    <VertexIdToRegister>538</VertexIdToRegister>
    <VertexIdToRegister>542</VertexIdToRegister>
    <VertexIdToRegister>546</VertexIdToRegister>
    <VertexIdToRegister>550</VertexIdToRegister>
    <VertexIdToRegister>554</VertexIdToRegister>
    <VertexIdToRegister>565</VertexIdToRegister>
    <VertexIdToRegister>568</VertexIdToRegister>
    <VertexIdToRegister>570</VertexIdToRegister>
    <VertexIdToRegister>573</VertexIdToRegister>
    <VertexIdToRegister>575</VertexIdToRegister>
    <VertexIdToRegister>578</VertexIdToRegister>
    <VertexIdToRegister>580</VertexIdToRegister>
    <VertexIdToRegister>583</VertexIdToRegister>
    <VertexIdToRegister>585</VertexIdToRegister>
    <VertexIdToRegister>588</VertexIdToRegister>
    <VertexIdToRegister>590</VertexIdToRegister>
    <VertexIdToRegister>593</VertexIdToRegister>
    <VertexIdToRegister>595</VertexIdToRegister>
    <VertexIdToRegister>598</VertexIdToRegister>
    <VertexIdToRegister>600</VertexIdToRegister>
    <VertexIdToRegister>603</VertexIdToRegister>
    <VertexIdToRegister>605</VertexIdToRegister>
    <VertexIdToRegister>608</VertexIdToRegister>
    <VertexIdToRegister>610</VertexIdToRegister>
    <VertexIdToRegister>613</VertexIdToRegister>
    <VertexIdToRegister>615</VertexIdToRegister>
    <VertexIdToRegister>623</VertexIdToRegister>
    <VertexIdToRegister>628</VertexIdToRegister>
    <VertexIdToRegister>629</VertexIdToRegister>
    <VertexIdToRegister>633</VertexIdToRegister>
    <VertexIdToRegister>638</VertexIdToRegister>
    <VertexIdToRegister>639</VertexIdToRegister>
    <VertexIdToRegister>643</VertexIdToRegister>
    <VertexIdToRegister>648</VertexIdToRegister>
    <VertexIdToRegister>649</VertexIdToRegister>
    <VertexIdToRegister>653</VertexIdToRegister>
    <VertexIdToRegister>658</VertexIdToRegister>
    <VertexIdToRegister>659</VertexIdToRegister>
    <VertexIdToRegister>663</VertexIdToRegister>
    <VertexIdToRegister>668</VertexIdToRegister>
    <VertexIdToRegister>669</VertexIdToRegister>
    <VertexIdToRegister>673</VertexIdToRegister>
    <VertexIdToRegister>678</VertexIdToRegister>
    <VertexIdToRegister>679</VertexIdToRegister>
    <VertexIdToRegister>683</VertexIdToRegister>
    <VertexIdToRegister>688</VertexIdToRegister>
    <VertexIdToRegister>689</VertexIdToRegister>
    <VertexIdToRegister>693</VertexIdToRegister>
    <VertexIdToRegister>698</VertexIdToRegister>
    <VertexIdToRegister>699</VertexIdToRegister>
    <VertexIdToRegister>703</VertexIdToRegister>
    <VertexIdToRegister>708</VertexIdToRegister>
    <VertexIdToRegister>709</VertexIdToRegister>
    <VertexIdToRegister>713</VertexIdToRegister>
    <VertexIdToRegister>718</VertexIdToRegister>
    <VertexIdToRegister>719</VertexIdToRegister>
  </RegisterAssignments>
</Root>