<?xml version="1.0" encoding="utf-8" standalone="yes"?>
<Root>
  <processingTimeInMilliseconds>0.1835</processingTimeInMilliseconds>
  <RegisterAssignments>
    <VertexIdToRegister>12</VertexIdToRegister>
    <VertexIdToRegister>15</VertexIdToRegister>
    <VertexIdToRegister>25</VertexIdToRegister>
    <VertexIdToRegister>28</VertexIdToRegister>
    <VertexIdToRegister>103</VertexIdToRegister>
    <VertexIdToRegister>117</VertexIdToRegister>
    <VertexIdToRegister>118</VertexIdToRegister>
    <VertexIdToRegister>128</VertexIdToRegister>
    <VertexIdToRegister>129</VertexIdToRegister>
    <VertexIdToRegister>154</VertexIdToRegister>
    <VertexIdToRegister>155</VertexIdToRegister>
    <VertexIdToRegister>163</VertexIdToRegister>
  </RegisterAssignments>
</Root>