<?xml version="1.0" encoding="utf-8" standalone="yes"?>
<Root>
  <processingTimeInMilliseconds>1.7149</processingTimeInMilliseconds>
  <RegisterAssignments>
    <VertexIdToRegister>251</VertexIdToRegister>
    <VertexIdToRegister>253</VertexIdToRegister>
    <VertexIdToRegister>254</VertexIdToRegister>
    <VertexIdToRegister>256</VertexIdToRegister>
    <VertexIdToRegister>318</VertexIdToRegister>
    <VertexIdToRegister>320</VertexIdToRegister>
    <VertexIdToRegister>321</VertexIdToRegister>
    <VertexIdToRegister>323</VertexIdToRegister>
    <VertexIdToRegister>358</VertexIdToRegister>
    <VertexIdToRegister>360</VertexIdToRegister>
    <VertexIdToRegister>498</VertexIdToRegister>
    <VertexIdToRegister>499</VertexIdToRegister>
    <VertexIdToRegister>500</VertexIdToRegister>
    <VertexIdToRegister>501</VertexIdToRegister>
    <VertexIdToRegister>502</VertexIdToRegister>
    <VertexIdToRegister>503</VertexIdToRegister>
    <VertexIdToRegister>504</VertexIdToRegister>
    <VertexIdToRegister>505</VertexIdToRegister>
    <VertexIdToRegister>506</VertexIdToRegister>
    <VertexIdToRegister>507</VertexIdToRegister>
    <VertexIdToRegister>509</VertexIdToRegister>
    <VertexIdToRegister>510</VertexIdToRegister>
    <VertexIdToRegister>511</VertexIdToRegister>
    <VertexIdToRegister>512</VertexIdToRegister>
    <VertexIdToRegister>513</VertexIdToRegister>
    <VertexIdToRegister>514</VertexIdToRegister>
    <VertexIdToRegister>515</VertexIdToRegister>
    <VertexIdToRegister>516</VertexIdToRegister>
    <VertexIdToRegister>517</VertexIdToRegister>
    <VertexIdToRegister>518</VertexIdToRegister>
    <VertexIdToRegister>520</VertexIdToRegister>
    <VertexIdToRegister>521</VertexIdToRegister>
    <VertexIdToRegister>522</VertexIdToRegister>
    <VertexIdToRegister>523</VertexIdToRegister>
    <VertexIdToRegister>524</VertexIdToRegister>
    <VertexIdToRegister>525</VertexIdToRegister>
    <VertexIdToRegister>526</VertexIdToRegister>
    <VertexIdToRegister>527</VertexIdToRegister>
    <VertexIdToRegister>528</VertexIdToRegister>
    <VertexIdToRegister>529</VertexIdToRegister>
    <VertexIdToRegister>560</VertexIdToRegister>
    <VertexIdToRegister>562</VertexIdToRegister>
    <VertexIdToRegister>563</VertexIdToRegister>
    <VertexIdToRegister>565</VertexIdToRegister>
    <VertexIdToRegister>566</VertexIdToRegister>
    <VertexIdToRegister>568</VertexIdToRegister>
    <VertexIdToRegister>569</VertexIdToRegister>
    <VertexIdToRegister>571</VertexIdToRegister>
    <VertexIdToRegister>575</VertexIdToRegister>
    <VertexIdToRegister>577</VertexIdToRegister>
    <VertexIdToRegister>578</VertexIdToRegister>
    <VertexIdToRegister>580</VertexIdToRegister>
    <VertexIdToRegister>581</VertexIdToRegister>
    <VertexIdToRegister>583</VertexIdToRegister>
    <VertexIdToRegister>584</VertexIdToRegister>
    <VertexIdToRegister>586</VertexIdToRegister>
    <VertexIdToRegister>589</VertexIdToRegister>
    <VertexIdToRegister>591</VertexIdToRegister>
    <VertexIdToRegister>593</VertexIdToRegister>
    <VertexIdToRegister>595</VertexIdToRegister>
    <VertexIdToRegister>637</VertexIdToRegister>
    <VertexIdToRegister>638</VertexIdToRegister>
    <VertexIdToRegister>639</VertexIdToRegister>
    <VertexIdToRegister>659</VertexIdToRegister>
    <VertexIdToRegister>673</VertexIdToRegister>
    <VertexIdToRegister>675</VertexIdToRegister>
    <VertexIdToRegister>676</VertexIdToRegister>
    <VertexIdToRegister>678</VertexIdToRegister>
    <VertexIdToRegister>679</VertexIdToRegister>
    <VertexIdToRegister>681</VertexIdToRegister>
    <VertexIdToRegister>682</VertexIdToRegister>
    <VertexIdToRegister>684</VertexIdToRegister>
    <VertexIdToRegister>685</VertexIdToRegister>
    <VertexIdToRegister>687</VertexIdToRegister>
    <VertexIdToRegister>688</VertexIdToRegister>
    <VertexIdToRegister>690</VertexIdToRegister>
    <VertexIdToRegister>691</VertexIdToRegister>
    <VertexIdToRegister>693</VertexIdToRegister>
    <VertexIdToRegister>694</VertexIdToRegister>
    <VertexIdToRegister>696</VertexIdToRegister>
    <VertexIdToRegister>697</VertexIdToRegister>
    <VertexIdToRegister>699</VertexIdToRegister>
    <VertexIdToRegister>700</VertexIdToRegister>
    <VertexIdToRegister>702</VertexIdToRegister>
    <VertexIdToRegister>703</VertexIdToRegister>
    <VertexIdToRegister>705</VertexIdToRegister>
    <VertexIdToRegister>706</VertexIdToRegister>
    <VertexIdToRegister>708</VertexIdToRegister>
    <VertexIdToRegister>709</VertexIdToRegister>
    <VertexIdToRegister>711</VertexIdToRegister>
    <VertexIdToRegister>712</VertexIdToRegister>
    <VertexIdToRegister>714</VertexIdToRegister>
    <VertexIdToRegister>715</VertexIdToRegister>
    <VertexIdToRegister>717</VertexIdToRegister>
    <VertexIdToRegister>718</VertexIdToRegister>
    <VertexIdToRegister>720</VertexIdToRegister>
    <VertexIdToRegister>721</VertexIdToRegister>
    <VertexIdToRegister>723</VertexIdToRegister>
    <VertexIdToRegister>724</VertexIdToRegister>
    <VertexIdToRegister>726</VertexIdToRegister>
    <VertexIdToRegister>727</VertexIdToRegister>
    <VertexIdToRegister>729</VertexIdToRegister>
    <VertexIdToRegister>730</VertexIdToRegister>
    <VertexIdToRegister>732</VertexIdToRegister>
    <VertexIdToRegister>733</VertexIdToRegister>
    <VertexIdToRegister>735</VertexIdToRegister>
    <VertexIdToRegister>736</VertexIdToRegister>
    <VertexIdToRegister>738</VertexIdToRegister>
    <VertexIdToRegister>739</VertexIdToRegister>
    <VertexIdToRegister>741</VertexIdToRegister>
    <VertexIdToRegister>742</VertexIdToRegister>
    <VertexIdToRegister>744</VertexIdToRegister>
    <VertexIdToRegister>745</VertexIdToRegister>
    <VertexIdToRegister>747</VertexIdToRegister>
    <VertexIdToRegister>748</VertexIdToRegister>
    <VertexIdToRegister>750</VertexIdToRegister>
    <VertexIdToRegister>751</VertexIdToRegister>
    <VertexIdToRegister>753</VertexIdToRegister>
    <VertexIdToRegister>754</VertexIdToRegister>
    <VertexIdToRegister>756</VertexIdToRegister>
    <VertexIdToRegister>757</VertexIdToRegister>
    <VertexIdToRegister>759</VertexIdToRegister>
    <VertexIdToRegister>760</VertexIdToRegister>
    <VertexIdToRegister>762</VertexIdToRegister>
    <VertexIdToRegister>763</VertexIdToRegister>
    <VertexIdToRegister>765</VertexIdToRegister>
    <VertexIdToRegister>766</VertexIdToRegister>
    <VertexIdToRegister>768</VertexIdToRegister>
    <VertexIdToRegister>769</VertexIdToRegister>
    <VertexIdToRegister>771</VertexIdToRegister>
    <VertexIdToRegister>772</VertexIdToRegister>
    <VertexIdToRegister>774</VertexIdToRegister>
    <VertexIdToRegister>775</VertexIdToRegister>
    <VertexIdToRegister>777</VertexIdToRegister>
    <VertexIdToRegister>778</VertexIdToRegister>
    <VertexIdToRegister>780</VertexIdToRegister>
    <VertexIdToRegister>781</VertexIdToRegister>
    <VertexIdToRegister>783</VertexIdToRegister>
    <VertexIdToRegister>784</VertexIdToRegister>
    <VertexIdToRegister>786</VertexIdToRegister>
    <VertexIdToRegister>787</VertexIdToRegister>
    <VertexIdToRegister>789</VertexIdToRegister>
    <VertexIdToRegister>790</VertexIdToRegister>
    <VertexIdToRegister>792</VertexIdToRegister>
    <VertexIdToRegister>793</VertexIdToRegister>
    <VertexIdToRegister>795</VertexIdToRegister>
    <VertexIdToRegister>796</VertexIdToRegister>
    <VertexIdToRegister>798</VertexIdToRegister>
    <VertexIdToRegister>799</VertexIdToRegister>
    <VertexIdToRegister>801</VertexIdToRegister>
    <VertexIdToRegister>802</VertexIdToRegister>
    <VertexIdToRegister>804</VertexIdToRegister>
    <VertexIdToRegister>805</VertexIdToRegister>
    <VertexIdToRegister>807</VertexIdToRegister>
    <VertexIdToRegister>808</VertexIdToRegister>
    <VertexIdToRegister>810</VertexIdToRegister>
    <VertexIdToRegister>811</VertexIdToRegister>
    <VertexIdToRegister>813</VertexIdToRegister>
    <VertexIdToRegister>814</VertexIdToRegister>
    <VertexIdToRegister>816</VertexIdToRegister>
    <VertexIdToRegister>817</VertexIdToRegister>
    <VertexIdToRegister>819</VertexIdToRegister>
    <VertexIdToRegister>820</VertexIdToRegister>
    <VertexIdToRegister>822</VertexIdToRegister>
    <VertexIdToRegister>823</VertexIdToRegister>
    <VertexIdToRegister>825</VertexIdToRegister>
    <VertexIdToRegister>826</VertexIdToRegister>
    <VertexIdToRegister>828</VertexIdToRegister>
    <VertexIdToRegister>829</VertexIdToRegister>
    <VertexIdToRegister>831</VertexIdToRegister>
    <VertexIdToRegister>832</VertexIdToRegister>
    <VertexIdToRegister>834</VertexIdToRegister>
    <VertexIdToRegister>862</VertexIdToRegister>
    <VertexIdToRegister>864</VertexIdToRegister>
    <VertexIdToRegister>866</VertexIdToRegister>
    <VertexIdToRegister>868</VertexIdToRegister>
    <VertexIdToRegister>870</VertexIdToRegister>
    <VertexIdToRegister>872</VertexIdToRegister>
    <VertexIdToRegister>874</VertexIdToRegister>
    <VertexIdToRegister>876</VertexIdToRegister>
    <VertexIdToRegister>878</VertexIdToRegister>
    <VertexIdToRegister>880</VertexIdToRegister>
    <VertexIdToRegister>882</VertexIdToRegister>
    <VertexIdToRegister>884</VertexIdToRegister>
    <VertexIdToRegister>886</VertexIdToRegister>
    <VertexIdToRegister>888</VertexIdToRegister>
    <VertexIdToRegister>890</VertexIdToRegister>
    <VertexIdToRegister>892</VertexIdToRegister>
    <VertexIdToRegister>894</VertexIdToRegister>
    <VertexIdToRegister>896</VertexIdToRegister>
    <VertexIdToRegister>898</VertexIdToRegister>
    <VertexIdToRegister>900</VertexIdToRegister>
    <VertexIdToRegister>902</VertexIdToRegister>
    <VertexIdToRegister>904</VertexIdToRegister>
    <VertexIdToRegister>906</VertexIdToRegister>
    <VertexIdToRegister>908</VertexIdToRegister>
    <VertexIdToRegister>910</VertexIdToRegister>
    <VertexIdToRegister>912</VertexIdToRegister>
    <VertexIdToRegister>914</VertexIdToRegister>
    <VertexIdToRegister>916</VertexIdToRegister>
    <VertexIdToRegister>918</VertexIdToRegister>
    <VertexIdToRegister>920</VertexIdToRegister>
    <VertexIdToRegister>922</VertexIdToRegister>
    <VertexIdToRegister>924</VertexIdToRegister>
    <VertexIdToRegister>926</VertexIdToRegister>
    <VertexIdToRegister>928</VertexIdToRegister>
    <VertexIdToRegister>930</VertexIdToRegister>
    <VertexIdToRegister>932</VertexIdToRegister>
    <VertexIdToRegister>934</VertexIdToRegister>
    <VertexIdToRegister>936</VertexIdToRegister>
    <VertexIdToRegister>938</VertexIdToRegister>
    <VertexIdToRegister>940</VertexIdToRegister>
    <VertexIdToRegister>942</VertexIdToRegister>
    <VertexIdToRegister>944</VertexIdToRegister>
    <VertexIdToRegister>946</VertexIdToRegister>
    <VertexIdToRegister>948</VertexIdToRegister>
    <VertexIdToRegister>950</VertexIdToRegister>
    <VertexIdToRegister>952</VertexIdToRegister>
    <VertexIdToRegister>954</VertexIdToRegister>
    <VertexIdToRegister>956</VertexIdToRegister>
    <VertexIdToRegister>958</VertexIdToRegister>
    <VertexIdToRegister>960</VertexIdToRegister>
    <VertexIdToRegister>962</VertexIdToRegister>
    <VertexIdToRegister>964</VertexIdToRegister>
    <VertexIdToRegister>966</VertexIdToRegister>
    <VertexIdToRegister>968</VertexIdToRegister>
    <VertexIdToRegister>1672</VertexIdToRegister>
    <VertexIdToRegister>1674</VertexIdToRegister>
    <VertexIdToRegister>1676</VertexIdToRegister>
    <VertexIdToRegister>1678</VertexIdToRegister>
    <VertexIdToRegister>1680</VertexIdToRegister>
    <VertexIdToRegister>1682</VertexIdToRegister>
    <VertexIdToRegister>1684</VertexIdToRegister>
    <VertexIdToRegister>1686</VertexIdToRegister>
    <VertexIdToRegister>1688</VertexIdToRegister>
    <VertexIdToRegister>1690</VertexIdToRegister>
    <VertexIdToRegister>1692</VertexIdToRegister>
    <VertexIdToRegister>1694</VertexIdToRegister>
    <VertexIdToRegister>1696</VertexIdToRegister>
    <VertexIdToRegister>1698</VertexIdToRegister>
    <VertexIdToRegister>1700</VertexIdToRegister>
    <VertexIdToRegister>1702</VertexIdToRegister>
    <VertexIdToRegister>1704</VertexIdToRegister>
    <VertexIdToRegister>1706</VertexIdToRegister>
    <VertexIdToRegister>1708</VertexIdToRegister>
    <VertexIdToRegister>1710</VertexIdToRegister>
    <VertexIdToRegister>1712</VertexIdToRegister>
    <VertexIdToRegister>1714</VertexIdToRegister>
    <VertexIdToRegister>1716</VertexIdToRegister>
    <VertexIdToRegister>1718</VertexIdToRegister>
    <VertexIdToRegister>1720</VertexIdToRegister>
    <VertexIdToRegister>1722</VertexIdToRegister>
    <VertexIdToRegister>1724</VertexIdToRegister>
    <VertexIdToRegister>1726</VertexIdToRegister>
    <VertexIdToRegister>1728</VertexIdToRegister>
    <VertexIdToRegister>1730</VertexIdToRegister>
    <VertexIdToRegister>1732</VertexIdToRegister>
    <VertexIdToRegister>1734</VertexIdToRegister>
    <VertexIdToRegister>1736</VertexIdToRegister>
    <VertexIdToRegister>1738</VertexIdToRegister>
    <VertexIdToRegister>1740</VertexIdToRegister>
    <VertexIdToRegister>1742</VertexIdToRegister>
    <VertexIdToRegister>1744</VertexIdToRegister>
    <VertexIdToRegister>1746</VertexIdToRegister>
    <VertexIdToRegister>1748</VertexIdToRegister>
    <VertexIdToRegister>1750</VertexIdToRegister>
    <VertexIdToRegister>1752</VertexIdToRegister>
    <VertexIdToRegister>1754</VertexIdToRegister>
    <VertexIdToRegister>1756</VertexIdToRegister>
    <VertexIdToRegister>1758</VertexIdToRegister>
    <VertexIdToRegister>1760</VertexIdToRegister>
    <VertexIdToRegister>1762</VertexIdToRegister>
    <VertexIdToRegister>1764</VertexIdToRegister>
    <VertexIdToRegister>1766</VertexIdToRegister>
    <VertexIdToRegister>1768</VertexIdToRegister>
    <VertexIdToRegister>1770</VertexIdToRegister>
    <VertexIdToRegister>1772</VertexIdToRegister>
    <VertexIdToRegister>1774</VertexIdToRegister>
    <VertexIdToRegister>1776</VertexIdToRegister>
    <VertexIdToRegister>1778</VertexIdToRegister>
    <VertexIdToRegister>1780</VertexIdToRegister>
    <VertexIdToRegister>1782</VertexIdToRegister>
    <VertexIdToRegister>1784</VertexIdToRegister>
    <VertexIdToRegister>1786</VertexIdToRegister>
    <VertexIdToRegister>1788</VertexIdToRegister>
    <VertexIdToRegister>1790</VertexIdToRegister>
    <VertexIdToRegister>1792</VertexIdToRegister>
    <VertexIdToRegister>1794</VertexIdToRegister>
    <VertexIdToRegister>1796</VertexIdToRegister>
    <VertexIdToRegister>1798</VertexIdToRegister>
    <VertexIdToRegister>1800</VertexIdToRegister>
    <VertexIdToRegister>1802</VertexIdToRegister>
    <VertexIdToRegister>1804</VertexIdToRegister>
    <VertexIdToRegister>1806</VertexIdToRegister>
    <VertexIdToRegister>1808</VertexIdToRegister>
    <VertexIdToRegister>1810</VertexIdToRegister>
    <VertexIdToRegister>1812</VertexIdToRegister>
    <VertexIdToRegister>1814</VertexIdToRegister>
    <VertexIdToRegister>1816</VertexIdToRegister>
    <VertexIdToRegister>1818</VertexIdToRegister>
    <VertexIdToRegister>1820</VertexIdToRegister>
    <VertexIdToRegister>1822</VertexIdToRegister>
    <VertexIdToRegister>1824</VertexIdToRegister>
    <VertexIdToRegister>1826</VertexIdToRegister>
    <VertexIdToRegister>1828</VertexIdToRegister>
    <VertexIdToRegister>1830</VertexIdToRegister>
    <VertexIdToRegister>1832</VertexIdToRegister>
    <VertexIdToRegister>1834</VertexIdToRegister>
    <VertexIdToRegister>1835</VertexIdToRegister>
    <VertexIdToRegister>1836</VertexIdToRegister>
    <VertexIdToRegister>1838</VertexIdToRegister>
    <VertexIdToRegister>1839</VertexIdToRegister>
    <VertexIdToRegister>1840</VertexIdToRegister>
    <VertexIdToRegister>1842</VertexIdToRegister>
    <VertexIdToRegister>1843</VertexIdToRegister>
    <VertexIdToRegister>1844</VertexIdToRegister>
    <VertexIdToRegister>1846</VertexIdToRegister>
    <VertexIdToRegister>1847</VertexIdToRegister>
    <VertexIdToRegister>1848</VertexIdToRegister>
    <VertexIdToRegister>1850</VertexIdToRegister>
    <VertexIdToRegister>1851</VertexIdToRegister>
    <VertexIdToRegister>1852</VertexIdToRegister>
    <VertexIdToRegister>1854</VertexIdToRegister>
    <VertexIdToRegister>1855</VertexIdToRegister>
    <VertexIdToRegister>1856</VertexIdToRegister>
    <VertexIdToRegister>1858</VertexIdToRegister>
    <VertexIdToRegister>1859</VertexIdToRegister>
    <VertexIdToRegister>1860</VertexIdToRegister>
    <VertexIdToRegister>1862</VertexIdToRegister>
    <VertexIdToRegister>1863</VertexIdToRegister>
    <VertexIdToRegister>1864</VertexIdToRegister>
    <VertexIdToRegister>1866</VertexIdToRegister>
    <VertexIdToRegister>1867</VertexIdToRegister>
    <VertexIdToRegister>1868</VertexIdToRegister>
    <VertexIdToRegister>1870</VertexIdToRegister>
    <VertexIdToRegister>1871</VertexIdToRegister>
    <VertexIdToRegister>1872</VertexIdToRegister>
    <VertexIdToRegister>1874</VertexIdToRegister>
    <VertexIdToRegister>1875</VertexIdToRegister>
    <VertexIdToRegister>1876</VertexIdToRegister>
    <VertexIdToRegister>1878</VertexIdToRegister>
    <VertexIdToRegister>1879</VertexIdToRegister>
    <VertexIdToRegister>1880</VertexIdToRegister>
    <VertexIdToRegister>1882</VertexIdToRegister>
    <VertexIdToRegister>1883</VertexIdToRegister>
    <VertexIdToRegister>1884</VertexIdToRegister>
    <VertexIdToRegister>1886</VertexIdToRegister>
    <VertexIdToRegister>1887</VertexIdToRegister>
    <VertexIdToRegister>1888</VertexIdToRegister>
    <VertexIdToRegister>1890</VertexIdToRegister>
    <VertexIdToRegister>1891</VertexIdToRegister>
    <VertexIdToRegister>1892</VertexIdToRegister>
    <VertexIdToRegister>1894</VertexIdToRegister>
    <VertexIdToRegister>1895</VertexIdToRegister>
    <VertexIdToRegister>1896</VertexIdToRegister>
    <VertexIdToRegister>1898</VertexIdToRegister>
    <VertexIdToRegister>1899</VertexIdToRegister>
    <VertexIdToRegister>1900</VertexIdToRegister>
    <VertexIdToRegister>1902</VertexIdToRegister>
    <VertexIdToRegister>1903</VertexIdToRegister>
    <VertexIdToRegister>1904</VertexIdToRegister>
    <VertexIdToRegister>1906</VertexIdToRegister>
    <VertexIdToRegister>1907</VertexIdToRegister>
    <VertexIdToRegister>1908</VertexIdToRegister>
    <VertexIdToRegister>1910</VertexIdToRegister>
    <VertexIdToRegister>1911</VertexIdToRegister>
    <VertexIdToRegister>1912</VertexIdToRegister>
    <VertexIdToRegister>1914</VertexIdToRegister>
    <VertexIdToRegister>1915</VertexIdToRegister>
    <VertexIdToRegister>1916</VertexIdToRegister>
    <VertexIdToRegister>1918</VertexIdToRegister>
    <VertexIdToRegister>1919</VertexIdToRegister>
    <VertexIdToRegister>1920</VertexIdToRegister>
    <VertexIdToRegister>1922</VertexIdToRegister>
    <VertexIdToRegister>1923</VertexIdToRegister>
    <VertexIdToRegister>1924</VertexIdToRegister>
    <VertexIdToRegister>1926</VertexIdToRegister>
    <VertexIdToRegister>1927</VertexIdToRegister>
    <VertexIdToRegister>1928</VertexIdToRegister>
    <VertexIdToRegister>1930</VertexIdToRegister>
    <VertexIdToRegister>1931</VertexIdToRegister>
    <VertexIdToRegister>1932</VertexIdToRegister>
    <VertexIdToRegister>1934</VertexIdToRegister>
    <VertexIdToRegister>1935</VertexIdToRegister>
    <VertexIdToRegister>1936</VertexIdToRegister>
    <VertexIdToRegister>1938</VertexIdToRegister>
    <VertexIdToRegister>1939</VertexIdToRegister>
    <VertexIdToRegister>1940</VertexIdToRegister>
    <VertexIdToRegister>2081</VertexIdToRegister>
    <VertexIdToRegister>2085</VertexIdToRegister>
    <VertexIdToRegister>2203</VertexIdToRegister>
    <VertexIdToRegister>2207</VertexIdToRegister>
    <VertexIdToRegister>2211</VertexIdToRegister>
    <VertexIdToRegister>2215</VertexIdToRegister>
    <VertexIdToRegister>2219</VertexIdToRegister>
    <VertexIdToRegister>2223</VertexIdToRegister>
    <VertexIdToRegister>2227</VertexIdToRegister>
    <VertexIdToRegister>2231</VertexIdToRegister>
    <VertexIdToRegister>2235</VertexIdToRegister>
    <VertexIdToRegister>2239</VertexIdToRegister>
    <VertexIdToRegister>2243</VertexIdToRegister>
    <VertexIdToRegister>2247</VertexIdToRegister>
    <VertexIdToRegister>2251</VertexIdToRegister>
    <VertexIdToRegister>2255</VertexIdToRegister>
    <VertexIdToRegister>2259</VertexIdToRegister>
    <VertexIdToRegister>2263</VertexIdToRegister>
    <VertexIdToRegister>2267</VertexIdToRegister>
    <VertexIdToRegister>2271</VertexIdToRegister>
    <VertexIdToRegister>2275</VertexIdToRegister>
    <VertexIdToRegister>2279</VertexIdToRegister>
    <VertexIdToRegister>2283</VertexIdToRegister>
    <VertexIdToRegister>2287</VertexIdToRegister>
    <VertexIdToRegister>2291</VertexIdToRegister>
    <VertexIdToRegister>2295</VertexIdToRegister>
    <VertexIdToRegister>2299</VertexIdToRegister>
    <VertexIdToRegister>2303</VertexIdToRegister>
    <VertexIdToRegister>2307</VertexIdToRegister>
  </RegisterAssignments>
</Root>