<?xml version="1.0" encoding="utf-8" standalone="yes"?>
<Root>
  <processingTimeInMilliseconds>16.6933</processingTimeInMilliseconds>
  <RegisterAssignments>
    <VertexIdToRegister>37</VertexIdToRegister>
    <VertexIdToRegister>40</VertexIdToRegister>
    <VertexIdToRegister>98</VertexIdToRegister>
    <VertexIdToRegister>107</VertexIdToRegister>
    <VertexIdToRegister>278</VertexIdToRegister>
    <VertexIdToRegister>317</VertexIdToRegister>
    <VertexIdToRegister>318</VertexIdToRegister>
    <VertexIdToRegister>357</VertexIdToRegister>
    <VertexIdToRegister>396</VertexIdToRegister>
    <VertexIdToRegister>397</VertexIdToRegister>
    <VertexIdToRegister>436</VertexIdToRegister>
    <VertexIdToRegister>437</VertexIdToRegister>
    <VertexIdToRegister>510</VertexIdToRegister>
    <VertexIdToRegister>511</VertexIdToRegister>
    <VertexIdToRegister>584</VertexIdToRegister>
    <VertexIdToRegister>585</VertexIdToRegister>
    <VertexIdToRegister>658</VertexIdToRegister>
    <VertexIdToRegister>659</VertexIdToRegister>
    <VertexIdToRegister>1160</VertexIdToRegister>
    <VertexIdToRegister>1161</VertexIdToRegister>
    <VertexIdToRegister>1162</VertexIdToRegister>
    <VertexIdToRegister>1163</VertexIdToRegister>
    <VertexIdToRegister>1164</VertexIdToRegister>
    <VertexIdToRegister>1171</VertexIdToRegister>
    <VertexIdToRegister>1172</VertexIdToRegister>
    <VertexIdToRegister>1179</VertexIdToRegister>
    <VertexIdToRegister>1180</VertexIdToRegister>
    <VertexIdToRegister>1181</VertexIdToRegister>
    <VertexIdToRegister>1182</VertexIdToRegister>
    <VertexIdToRegister>1183</VertexIdToRegister>
    <VertexIdToRegister>1190</VertexIdToRegister>
    <VertexIdToRegister>1191</VertexIdToRegister>
    <VertexIdToRegister>1413</VertexIdToRegister>
    <VertexIdToRegister>1414</VertexIdToRegister>
    <VertexIdToRegister>1416</VertexIdToRegister>
    <VertexIdToRegister>1417</VertexIdToRegister>
    <VertexIdToRegister>1419</VertexIdToRegister>
    <VertexIdToRegister>1441</VertexIdToRegister>
    <VertexIdToRegister>1453</VertexIdToRegister>
    <VertexIdToRegister>1471</VertexIdToRegister>
    <VertexIdToRegister>1472</VertexIdToRegister>
    <VertexIdToRegister>1480</VertexIdToRegister>
    <VertexIdToRegister>1481</VertexIdToRegister>
    <VertexIdToRegister>1491</VertexIdToRegister>
    <VertexIdToRegister>1492</VertexIdToRegister>
    <VertexIdToRegister>1494</VertexIdToRegister>
    <VertexIdToRegister>1500</VertexIdToRegister>
    <VertexIdToRegister>1501</VertexIdToRegister>
    <VertexIdToRegister>1503</VertexIdToRegister>
    <VertexIdToRegister>1509</VertexIdToRegister>
    <VertexIdToRegister>1510</VertexIdToRegister>
    <VertexIdToRegister>1518</VertexIdToRegister>
    <VertexIdToRegister>1519</VertexIdToRegister>
    <VertexIdToRegister>1527</VertexIdToRegister>
    <VertexIdToRegister>1528</VertexIdToRegister>
    <VertexIdToRegister>1530</VertexIdToRegister>
    <VertexIdToRegister>1536</VertexIdToRegister>
    <VertexIdToRegister>1537</VertexIdToRegister>
    <VertexIdToRegister>1539</VertexIdToRegister>
    <VertexIdToRegister>1541</VertexIdToRegister>
    <VertexIdToRegister>1543</VertexIdToRegister>
    <VertexIdToRegister>1545</VertexIdToRegister>
    <VertexIdToRegister>1547</VertexIdToRegister>
    <VertexIdToRegister>1549</VertexIdToRegister>
    <VertexIdToRegister>1551</VertexIdToRegister>
    <VertexIdToRegister>1553</VertexIdToRegister>
    <VertexIdToRegister>1555</VertexIdToRegister>
    <VertexIdToRegister>1557</VertexIdToRegister>
    <VertexIdToRegister>1597</VertexIdToRegister>
    <VertexIdToRegister>1601</VertexIdToRegister>
    <VertexIdToRegister>1605</VertexIdToRegister>
    <VertexIdToRegister>1609</VertexIdToRegister>
    <VertexIdToRegister>1613</VertexIdToRegister>
    <VertexIdToRegister>1617</VertexIdToRegister>
    <VertexIdToRegister>1621</VertexIdToRegister>
    <VertexIdToRegister>1625</VertexIdToRegister>
    <VertexIdToRegister>1639</VertexIdToRegister>
  </RegisterAssignments>
</Root>