<?xml version="1.0" encoding="utf-8" standalone="yes"?>
<Root>
  <processingTimeInMilliseconds>1.0377</processingTimeInMilliseconds>
  <RegisterAssignments>
    <VertexIdToRegister>6</VertexIdToRegister>
    <VertexIdToRegister>8</VertexIdToRegister>
    <VertexIdToRegister>26</VertexIdToRegister>
    <VertexIdToRegister>28</VertexIdToRegister>
    <VertexIdToRegister>57</VertexIdToRegister>
    <VertexIdToRegister>58</VertexIdToRegister>
    <VertexIdToRegister>62</VertexIdToRegister>
    <VertexIdToRegister>63</VertexIdToRegister>
    <VertexIdToRegister>87</VertexIdToRegister>
    <VertexIdToRegister>88</VertexIdToRegister>
    <VertexIdToRegister>121</VertexIdToRegister>
    <VertexIdToRegister>123</VertexIdToRegister>
  </RegisterAssignments>
</Root>