<?xml version="1.0" encoding="utf-8" standalone="yes"?>
<Root>
  <processingTimeInMilliseconds>4.598</processingTimeInMilliseconds>
  <RegisterAssignments>
    <VertexIdToRegister>6</VertexIdToRegister>
    <VertexIdToRegister>8</VertexIdToRegister>
    <VertexIdToRegister>10</VertexIdToRegister>
    <VertexIdToRegister>12</VertexIdToRegister>
    <VertexIdToRegister>34</VertexIdToRegister>
    <VertexIdToRegister>37</VertexIdToRegister>
    <VertexIdToRegister>40</VertexIdToRegister>
    <VertexIdToRegister>43</VertexIdToRegister>
    <VertexIdToRegister>46</VertexIdToRegister>
    <VertexIdToRegister>54</VertexIdToRegister>
    <VertexIdToRegister>128</VertexIdToRegister>
    <VertexIdToRegister>135</VertexIdToRegister>
    <VertexIdToRegister>147</VertexIdToRegister>
    <VertexIdToRegister>167</VertexIdToRegister>
    <VertexIdToRegister>170</VertexIdToRegister>
    <VertexIdToRegister>173</VertexIdToRegister>
    <VertexIdToRegister>186</VertexIdToRegister>
    <VertexIdToRegister>190</VertexIdToRegister>
    <VertexIdToRegister>197</VertexIdToRegister>
    <VertexIdToRegister>204</VertexIdToRegister>
    <VertexIdToRegister>211</VertexIdToRegister>
    <VertexIdToRegister>220</VertexIdToRegister>
    <VertexIdToRegister>227</VertexIdToRegister>
    <VertexIdToRegister>239</VertexIdToRegister>
    <VertexIdToRegister>244</VertexIdToRegister>
    <VertexIdToRegister>246</VertexIdToRegister>
    <VertexIdToRegister>247</VertexIdToRegister>
    <VertexIdToRegister>250</VertexIdToRegister>
    <VertexIdToRegister>255</VertexIdToRegister>
    <VertexIdToRegister>257</VertexIdToRegister>
    <VertexIdToRegister>258</VertexIdToRegister>
    <VertexIdToRegister>264</VertexIdToRegister>
    <VertexIdToRegister>265</VertexIdToRegister>
    <VertexIdToRegister>272</VertexIdToRegister>
    <VertexIdToRegister>273</VertexIdToRegister>
    <VertexIdToRegister>274</VertexIdToRegister>
    <VertexIdToRegister>275</VertexIdToRegister>
    <VertexIdToRegister>276</VertexIdToRegister>
    <VertexIdToRegister>277</VertexIdToRegister>
    <VertexIdToRegister>278</VertexIdToRegister>
    <VertexIdToRegister>279</VertexIdToRegister>
    <VertexIdToRegister>281</VertexIdToRegister>
    <VertexIdToRegister>289</VertexIdToRegister>
    <VertexIdToRegister>290</VertexIdToRegister>
    <VertexIdToRegister>291</VertexIdToRegister>
    <VertexIdToRegister>292</VertexIdToRegister>
    <VertexIdToRegister>293</VertexIdToRegister>
    <VertexIdToRegister>294</VertexIdToRegister>
    <VertexIdToRegister>295</VertexIdToRegister>
    <VertexIdToRegister>296</VertexIdToRegister>
    <VertexIdToRegister>298</VertexIdToRegister>
    <VertexIdToRegister>306</VertexIdToRegister>
    <VertexIdToRegister>307</VertexIdToRegister>
    <VertexIdToRegister>314</VertexIdToRegister>
    <VertexIdToRegister>315</VertexIdToRegister>
    <VertexIdToRegister>316</VertexIdToRegister>
    <VertexIdToRegister>317</VertexIdToRegister>
    <VertexIdToRegister>318</VertexIdToRegister>
    <VertexIdToRegister>319</VertexIdToRegister>
    <VertexIdToRegister>320</VertexIdToRegister>
    <VertexIdToRegister>321</VertexIdToRegister>
    <VertexIdToRegister>323</VertexIdToRegister>
    <VertexIdToRegister>331</VertexIdToRegister>
    <VertexIdToRegister>332</VertexIdToRegister>
    <VertexIdToRegister>333</VertexIdToRegister>
    <VertexIdToRegister>334</VertexIdToRegister>
    <VertexIdToRegister>335</VertexIdToRegister>
    <VertexIdToRegister>336</VertexIdToRegister>
    <VertexIdToRegister>337</VertexIdToRegister>
    <VertexIdToRegister>338</VertexIdToRegister>
    <VertexIdToRegister>340</VertexIdToRegister>
    <VertexIdToRegister>348</VertexIdToRegister>
    <VertexIdToRegister>349</VertexIdToRegister>
    <VertexIdToRegister>350</VertexIdToRegister>
    <VertexIdToRegister>351</VertexIdToRegister>
    <VertexIdToRegister>352</VertexIdToRegister>
    <VertexIdToRegister>353</VertexIdToRegister>
    <VertexIdToRegister>363</VertexIdToRegister>
    <VertexIdToRegister>364</VertexIdToRegister>
    <VertexIdToRegister>365</VertexIdToRegister>
    <VertexIdToRegister>366</VertexIdToRegister>
    <VertexIdToRegister>367</VertexIdToRegister>
    <VertexIdToRegister>368</VertexIdToRegister>
    <VertexIdToRegister>378</VertexIdToRegister>
    <VertexIdToRegister>379</VertexIdToRegister>
    <VertexIdToRegister>380</VertexIdToRegister>
    <VertexIdToRegister>381</VertexIdToRegister>
    <VertexIdToRegister>382</VertexIdToRegister>
    <VertexIdToRegister>383</VertexIdToRegister>
    <VertexIdToRegister>393</VertexIdToRegister>
    <VertexIdToRegister>394</VertexIdToRegister>
    <VertexIdToRegister>395</VertexIdToRegister>
    <VertexIdToRegister>396</VertexIdToRegister>
    <VertexIdToRegister>397</VertexIdToRegister>
    <VertexIdToRegister>398</VertexIdToRegister>
    <VertexIdToRegister>408</VertexIdToRegister>
    <VertexIdToRegister>409</VertexIdToRegister>
    <VertexIdToRegister>410</VertexIdToRegister>
    <VertexIdToRegister>411</VertexIdToRegister>
    <VertexIdToRegister>412</VertexIdToRegister>
    <VertexIdToRegister>413</VertexIdToRegister>
    <VertexIdToRegister>414</VertexIdToRegister>
    <VertexIdToRegister>415</VertexIdToRegister>
    <VertexIdToRegister>425</VertexIdToRegister>
    <VertexIdToRegister>426</VertexIdToRegister>
    <VertexIdToRegister>427</VertexIdToRegister>
    <VertexIdToRegister>428</VertexIdToRegister>
    <VertexIdToRegister>429</VertexIdToRegister>
    <VertexIdToRegister>430</VertexIdToRegister>
    <VertexIdToRegister>431</VertexIdToRegister>
    <VertexIdToRegister>432</VertexIdToRegister>
    <VertexIdToRegister>450</VertexIdToRegister>
    <VertexIdToRegister>452</VertexIdToRegister>
    <VertexIdToRegister>454</VertexIdToRegister>
    <VertexIdToRegister>456</VertexIdToRegister>
    <VertexIdToRegister>458</VertexIdToRegister>
    <VertexIdToRegister>461</VertexIdToRegister>
    <VertexIdToRegister>462</VertexIdToRegister>
  </RegisterAssignments>
</Root>