<?xml version="1.0" encoding="utf-8" standalone="yes"?>
<Root>
  <processingTimeInMilliseconds>1.4313</processingTimeInMilliseconds>
  <RegisterAssignments>
    <VertexIdToRegister>713</VertexIdToRegister>
    <VertexIdToRegister>734</VertexIdToRegister>
    <VertexIdToRegister>753</VertexIdToRegister>
    <VertexIdToRegister>756</VertexIdToRegister>
    <VertexIdToRegister>853</VertexIdToRegister>
    <VertexIdToRegister>874</VertexIdToRegister>
    <VertexIdToRegister>893</VertexIdToRegister>
    <VertexIdToRegister>896</VertexIdToRegister>
    <VertexIdToRegister>923</VertexIdToRegister>
    <VertexIdToRegister>963</VertexIdToRegister>
    <VertexIdToRegister>1014</VertexIdToRegister>
    <VertexIdToRegister>1015</VertexIdToRegister>
    <VertexIdToRegister>1036</VertexIdToRegister>
    <VertexIdToRegister>1063</VertexIdToRegister>
    <VertexIdToRegister>1064</VertexIdToRegister>
    <VertexIdToRegister>1103</VertexIdToRegister>
    <VertexIdToRegister>1154</VertexIdToRegister>
    <VertexIdToRegister>1155</VertexIdToRegister>
    <VertexIdToRegister>1176</VertexIdToRegister>
    <VertexIdToRegister>1177</VertexIdToRegister>
    <VertexIdToRegister>1203</VertexIdToRegister>
    <VertexIdToRegister>1204</VertexIdToRegister>
    <VertexIdToRegister>1224</VertexIdToRegister>
    <VertexIdToRegister>1225</VertexIdToRegister>
    <VertexIdToRegister>1243</VertexIdToRegister>
    <VertexIdToRegister>1244</VertexIdToRegister>
    <VertexIdToRegister>1246</VertexIdToRegister>
    <VertexIdToRegister>1294</VertexIdToRegister>
    <VertexIdToRegister>1316</VertexIdToRegister>
    <VertexIdToRegister>1317</VertexIdToRegister>
    <VertexIdToRegister>1343</VertexIdToRegister>
    <VertexIdToRegister>1344</VertexIdToRegister>
    <VertexIdToRegister>1364</VertexIdToRegister>
    <VertexIdToRegister>1365</VertexIdToRegister>
    <VertexIdToRegister>1383</VertexIdToRegister>
    <VertexIdToRegister>1384</VertexIdToRegister>
    <VertexIdToRegister>1386</VertexIdToRegister>
    <VertexIdToRegister>1387</VertexIdToRegister>
    <VertexIdToRegister>1483</VertexIdToRegister>
    <VertexIdToRegister>1484</VertexIdToRegister>
    <VertexIdToRegister>1504</VertexIdToRegister>
    <VertexIdToRegister>1505</VertexIdToRegister>
    <VertexIdToRegister>1523</VertexIdToRegister>
    <VertexIdToRegister>1524</VertexIdToRegister>
    <VertexIdToRegister>1526</VertexIdToRegister>
    <VertexIdToRegister>1527</VertexIdToRegister>
    <VertexIdToRegister>1553</VertexIdToRegister>
    <VertexIdToRegister>1554</VertexIdToRegister>
    <VertexIdToRegister>1593</VertexIdToRegister>
    <VertexIdToRegister>1623</VertexIdToRegister>
    <VertexIdToRegister>1624</VertexIdToRegister>
    <VertexIdToRegister>1644</VertexIdToRegister>
    <VertexIdToRegister>1645</VertexIdToRegister>
    <VertexIdToRegister>1663</VertexIdToRegister>
    <VertexIdToRegister>1664</VertexIdToRegister>
    <VertexIdToRegister>1666</VertexIdToRegister>
    <VertexIdToRegister>1667</VertexIdToRegister>
    <VertexIdToRegister>1693</VertexIdToRegister>
    <VertexIdToRegister>1694</VertexIdToRegister>
    <VertexIdToRegister>1733</VertexIdToRegister>
    <VertexIdToRegister>1734</VertexIdToRegister>
    <VertexIdToRegister>1775</VertexIdToRegister>
    <VertexIdToRegister>1776</VertexIdToRegister>
    <VertexIdToRegister>1791</VertexIdToRegister>
    <VertexIdToRegister>1793</VertexIdToRegister>
    <VertexIdToRegister>1794</VertexIdToRegister>
    <VertexIdToRegister>1811</VertexIdToRegister>
    <VertexIdToRegister>1812</VertexIdToRegister>
    <VertexIdToRegister>1824</VertexIdToRegister>
    <VertexIdToRegister>1834</VertexIdToRegister>
    <VertexIdToRegister>1835</VertexIdToRegister>
    <VertexIdToRegister>1867</VertexIdToRegister>
    <VertexIdToRegister>1868</VertexIdToRegister>
    <VertexIdToRegister>1881</VertexIdToRegister>
    <VertexIdToRegister>1882</VertexIdToRegister>
    <VertexIdToRegister>1899</VertexIdToRegister>
    <VertexIdToRegister>1900</VertexIdToRegister>
    <VertexIdToRegister>1911</VertexIdToRegister>
    <VertexIdToRegister>1912</VertexIdToRegister>
    <VertexIdToRegister>1922</VertexIdToRegister>
    <VertexIdToRegister>1923</VertexIdToRegister>
    <VertexIdToRegister>1925</VertexIdToRegister>
    <VertexIdToRegister>1926</VertexIdToRegister>
    <VertexIdToRegister>1967</VertexIdToRegister>
    <VertexIdToRegister>2001</VertexIdToRegister>
    <VertexIdToRegister>2002</VertexIdToRegister>
    <VertexIdToRegister>2004</VertexIdToRegister>
    <VertexIdToRegister>2005</VertexIdToRegister>
    <VertexIdToRegister>2067</VertexIdToRegister>
    <VertexIdToRegister>2068</VertexIdToRegister>
    <VertexIdToRegister>2069</VertexIdToRegister>
    <VertexIdToRegister>2070</VertexIdToRegister>
    <VertexIdToRegister>2071</VertexIdToRegister>
    <VertexIdToRegister>2072</VertexIdToRegister>
    <VertexIdToRegister>2073</VertexIdToRegister>
    <VertexIdToRegister>2074</VertexIdToRegister>
    <VertexIdToRegister>2075</VertexIdToRegister>
    <VertexIdToRegister>2076</VertexIdToRegister>
    <VertexIdToRegister>2077</VertexIdToRegister>
    <VertexIdToRegister>2078</VertexIdToRegister>
    <VertexIdToRegister>2079</VertexIdToRegister>
    <VertexIdToRegister>2080</VertexIdToRegister>
    <VertexIdToRegister>2081</VertexIdToRegister>
    <VertexIdToRegister>2082</VertexIdToRegister>
    <VertexIdToRegister>2083</VertexIdToRegister>
    <VertexIdToRegister>2084</VertexIdToRegister>
    <VertexIdToRegister>2085</VertexIdToRegister>
    <VertexIdToRegister>2086</VertexIdToRegister>
    <VertexIdToRegister>2087</VertexIdToRegister>
    <VertexIdToRegister>2088</VertexIdToRegister>
    <VertexIdToRegister>2089</VertexIdToRegister>
    <VertexIdToRegister>2090</VertexIdToRegister>
    <VertexIdToRegister>2091</VertexIdToRegister>
    <VertexIdToRegister>2092</VertexIdToRegister>
    <VertexIdToRegister>2093</VertexIdToRegister>
    <VertexIdToRegister>2094</VertexIdToRegister>
    <VertexIdToRegister>2095</VertexIdToRegister>
    <VertexIdToRegister>2096</VertexIdToRegister>
    <VertexIdToRegister>2097</VertexIdToRegister>
    <VertexIdToRegister>2098</VertexIdToRegister>
    <VertexIdToRegister>2099</VertexIdToRegister>
    <VertexIdToRegister>2100</VertexIdToRegister>
    <VertexIdToRegister>2101</VertexIdToRegister>
    <VertexIdToRegister>2102</VertexIdToRegister>
    <VertexIdToRegister>2103</VertexIdToRegister>
    <VertexIdToRegister>2104</VertexIdToRegister>
    <VertexIdToRegister>2105</VertexIdToRegister>
    <VertexIdToRegister>2106</VertexIdToRegister>
    <VertexIdToRegister>2107</VertexIdToRegister>
    <VertexIdToRegister>2108</VertexIdToRegister>
    <VertexIdToRegister>2109</VertexIdToRegister>
    <VertexIdToRegister>2110</VertexIdToRegister>
    <VertexIdToRegister>2111</VertexIdToRegister>
    <VertexIdToRegister>2112</VertexIdToRegister>
    <VertexIdToRegister>2113</VertexIdToRegister>
    <VertexIdToRegister>2114</VertexIdToRegister>
  </RegisterAssignments>
</Root>