<?xml version="1.0" encoding="utf-8" standalone="yes"?>
<Root>
  <processingTimeInMilliseconds>0.7538</processingTimeInMilliseconds>
  <RegisterAssignments>
    <VertexIdToRegister>0</VertexIdToRegister>
    <VertexIdToRegister>2</VertexIdToRegister>
    <VertexIdToRegister>41</VertexIdToRegister>
    <VertexIdToRegister>67</VertexIdToRegister>
    <VertexIdToRegister>89</VertexIdToRegister>
    <VertexIdToRegister>107</VertexIdToRegister>
    <VertexIdToRegister>125</VertexIdToRegister>
    <VertexIdToRegister>143</VertexIdToRegister>
    <VertexIdToRegister>156</VertexIdToRegister>
  </RegisterAssignments>
</Root>