<?xml version="1.0" encoding="utf-8" standalone="yes"?>
<Root>
  <processingTimeInMilliseconds>0.4509</processingTimeInMilliseconds>
  <RegisterAssignments>
    <VertexIdToRegister>5</VertexIdToRegister>
    <VertexIdToRegister>26</VertexIdToRegister>
    <VertexIdToRegister>29</VertexIdToRegister>
    <VertexIdToRegister>32</VertexIdToRegister>
    <VertexIdToRegister>35</VertexIdToRegister>
    <VertexIdToRegister>38</VertexIdToRegister>
    <VertexIdToRegister>42</VertexIdToRegister>
    <VertexIdToRegister>49</VertexIdToRegister>
    <VertexIdToRegister>53</VertexIdToRegister>
    <VertexIdToRegister>58</VertexIdToRegister>
    <VertexIdToRegister>63</VertexIdToRegister>
    <VertexIdToRegister>68</VertexIdToRegister>
    <VertexIdToRegister>78</VertexIdToRegister>
    <VertexIdToRegister>80</VertexIdToRegister>
    <VertexIdToRegister>82</VertexIdToRegister>
    <VertexIdToRegister>84</VertexIdToRegister>
  </RegisterAssignments>
</Root>