<?xml version="1.0" encoding="utf-8" standalone="yes"?>
<Root>
  <processingTimeInMilliseconds>22.259900000000002</processingTimeInMilliseconds>
  <RegisterAssignments>
    <VertexIdToRegister>9</VertexIdToRegister>
    <VertexIdToRegister>19</VertexIdToRegister>
    <VertexIdToRegister>67</VertexIdToRegister>
    <VertexIdToRegister>70</VertexIdToRegister>
    <VertexIdToRegister>160</VertexIdToRegister>
    <VertexIdToRegister>199</VertexIdToRegister>
    <VertexIdToRegister>336</VertexIdToRegister>
    <VertexIdToRegister>1004</VertexIdToRegister>
    <VertexIdToRegister>1309</VertexIdToRegister>
    <VertexIdToRegister>1317</VertexIdToRegister>
    <VertexIdToRegister>1325</VertexIdToRegister>
    <VertexIdToRegister>1333</VertexIdToRegister>
    <VertexIdToRegister>1343</VertexIdToRegister>
    <VertexIdToRegister>1351</VertexIdToRegister>
    <VertexIdToRegister>1359</VertexIdToRegister>
    <VertexIdToRegister>1367</VertexIdToRegister>
    <VertexIdToRegister>1370</VertexIdToRegister>
    <VertexIdToRegister>1371</VertexIdToRegister>
    <VertexIdToRegister>1373</VertexIdToRegister>
    <VertexIdToRegister>1391</VertexIdToRegister>
    <VertexIdToRegister>1392</VertexIdToRegister>
    <VertexIdToRegister>1393</VertexIdToRegister>
    <VertexIdToRegister>1399</VertexIdToRegister>
    <VertexIdToRegister>1401</VertexIdToRegister>
  </RegisterAssignments>
</Root>