<?xml version="1.0" encoding="utf-8" standalone="yes"?>
<Root>
  <processingTimeInMilliseconds>0.0</processingTimeInMilliseconds>
  <RegisterAssignments>
    <VertexIdToRegister>1563</VertexIdToRegister>
    <VertexIdToRegister>246</VertexIdToRegister>
    <VertexIdToRegister>1402</VertexIdToRegister>
    <VertexIdToRegister>1405</VertexIdToRegister>
    <VertexIdToRegister>1587</VertexIdToRegister>
    <VertexIdToRegister>249</VertexIdToRegister>
    <VertexIdToRegister>133</VertexIdToRegister>
    <VertexIdToRegister>1399</VertexIdToRegister>
    <VertexIdToRegister>1575</VertexIdToRegister>
    <VertexIdToRegister>1571</VertexIdToRegister>
    <VertexIdToRegister>261</VertexIdToRegister>
    <VertexIdToRegister>1408</VertexIdToRegister>
    <VertexIdToRegister>264</VertexIdToRegister>
    <VertexIdToRegister>102</VertexIdToRegister>
    <VertexIdToRegister>1591</VertexIdToRegister>
    <VertexIdToRegister>1583</VertexIdToRegister>
    <VertexIdToRegister>252</VertexIdToRegister>
    <VertexIdToRegister>1579</VertexIdToRegister>
    <VertexIdToRegister>139</VertexIdToRegister>
    <VertexIdToRegister>267</VertexIdToRegister>
    <VertexIdToRegister>1452</VertexIdToRegister>
    <VertexIdToRegister>1567</VertexIdToRegister>
  </RegisterAssignments>
</Root>
