<?xml version="1.0" encoding="utf-8" standalone="yes"?>
<Root>
  <processingTimeInMilliseconds>1.0557</processingTimeInMilliseconds>
  <RegisterAssignments>
    <VertexIdToRegister>2</VertexIdToRegister>
    <VertexIdToRegister>32</VertexIdToRegister>
    <VertexIdToRegister>44</VertexIdToRegister>
    <VertexIdToRegister>70</VertexIdToRegister>
    <VertexIdToRegister>76</VertexIdToRegister>
    <VertexIdToRegister>80</VertexIdToRegister>
    <VertexIdToRegister>84</VertexIdToRegister>
    <VertexIdToRegister>88</VertexIdToRegister>
    <VertexIdToRegister>101</VertexIdToRegister>
    <VertexIdToRegister>107</VertexIdToRegister>
    <VertexIdToRegister>109</VertexIdToRegister>
    <VertexIdToRegister>111</VertexIdToRegister>
    <VertexIdToRegister>113</VertexIdToRegister>
    <VertexIdToRegister>117</VertexIdToRegister>
    <VertexIdToRegister>119</VertexIdToRegister>
    <VertexIdToRegister>121</VertexIdToRegister>
    <VertexIdToRegister>145</VertexIdToRegister>
    <VertexIdToRegister>147</VertexIdToRegister>
    <VertexIdToRegister>150</VertexIdToRegister>
    <VertexIdToRegister>155</VertexIdToRegister>
    <VertexIdToRegister>162</VertexIdToRegister>
    <VertexIdToRegister>163</VertexIdToRegister>
    <VertexIdToRegister>164</VertexIdToRegister>
    <VertexIdToRegister>165</VertexIdToRegister>
    <VertexIdToRegister>168</VertexIdToRegister>
    <VertexIdToRegister>169</VertexIdToRegister>
    <VertexIdToRegister>170</VertexIdToRegister>
  </RegisterAssignments>
</Root>