<?xml version="1.0" encoding="utf-8" standalone="yes"?>
<Root>
  <processingTimeInMilliseconds>151.61700000000002</processingTimeInMilliseconds>
  <RegisterAssignments>
    <VertexIdToRegister>29</VertexIdToRegister>
    <VertexIdToRegister>31</VertexIdToRegister>
    <VertexIdToRegister>81</VertexIdToRegister>
    <VertexIdToRegister>88</VertexIdToRegister>
    <VertexIdToRegister>1143</VertexIdToRegister>
    <VertexIdToRegister>1144</VertexIdToRegister>
    <VertexIdToRegister>1145</VertexIdToRegister>
    <VertexIdToRegister>1146</VertexIdToRegister>
    <VertexIdToRegister>1147</VertexIdToRegister>
    <VertexIdToRegister>1148</VertexIdToRegister>
    <VertexIdToRegister>1149</VertexIdToRegister>
    <VertexIdToRegister>1150</VertexIdToRegister>
    <VertexIdToRegister>1151</VertexIdToRegister>
    <VertexIdToRegister>1152</VertexIdToRegister>
    <VertexIdToRegister>1153</VertexIdToRegister>
    <VertexIdToRegister>1154</VertexIdToRegister>
    <VertexIdToRegister>1155</VertexIdToRegister>
    <VertexIdToRegister>1156</VertexIdToRegister>
    <VertexIdToRegister>1157</VertexIdToRegister>
    <VertexIdToRegister>1158</VertexIdToRegister>
    <VertexIdToRegister>1159</VertexIdToRegister>
    <VertexIdToRegister>1160</VertexIdToRegister>
    <VertexIdToRegister>1161</VertexIdToRegister>
    <VertexIdToRegister>1162</VertexIdToRegister>
    <VertexIdToRegister>1163</VertexIdToRegister>
    <VertexIdToRegister>1164</VertexIdToRegister>
    <VertexIdToRegister>1165</VertexIdToRegister>
    <VertexIdToRegister>1166</VertexIdToRegister>
    <VertexIdToRegister>1167</VertexIdToRegister>
    <VertexIdToRegister>1168</VertexIdToRegister>
    <VertexIdToRegister>1169</VertexIdToRegister>
    <VertexIdToRegister>1170</VertexIdToRegister>
    <VertexIdToRegister>1171</VertexIdToRegister>
    <VertexIdToRegister>1172</VertexIdToRegister>
    <VertexIdToRegister>1173</VertexIdToRegister>
    <VertexIdToRegister>1174</VertexIdToRegister>
    <VertexIdToRegister>1515</VertexIdToRegister>
    <VertexIdToRegister>1780</VertexIdToRegister>
    <VertexIdToRegister>1781</VertexIdToRegister>
    <VertexIdToRegister>1782</VertexIdToRegister>
    <VertexIdToRegister>1783</VertexIdToRegister>
    <VertexIdToRegister>1784</VertexIdToRegister>
    <VertexIdToRegister>1785</VertexIdToRegister>
    <VertexIdToRegister>1786</VertexIdToRegister>
    <VertexIdToRegister>1787</VertexIdToRegister>
    <VertexIdToRegister>1788</VertexIdToRegister>
    <VertexIdToRegister>1789</VertexIdToRegister>
    <VertexIdToRegister>1790</VertexIdToRegister>
    <VertexIdToRegister>1791</VertexIdToRegister>
    <VertexIdToRegister>1792</VertexIdToRegister>
    <VertexIdToRegister>1793</VertexIdToRegister>
    <VertexIdToRegister>1794</VertexIdToRegister>
    <VertexIdToRegister>1795</VertexIdToRegister>
    <VertexIdToRegister>1796</VertexIdToRegister>
    <VertexIdToRegister>1797</VertexIdToRegister>
    <VertexIdToRegister>1798</VertexIdToRegister>
    <VertexIdToRegister>1799</VertexIdToRegister>
    <VertexIdToRegister>1800</VertexIdToRegister>
    <VertexIdToRegister>1801</VertexIdToRegister>
    <VertexIdToRegister>1802</VertexIdToRegister>
    <VertexIdToRegister>1803</VertexIdToRegister>
    <VertexIdToRegister>1804</VertexIdToRegister>
    <VertexIdToRegister>1805</VertexIdToRegister>
    <VertexIdToRegister>1806</VertexIdToRegister>
    <VertexIdToRegister>1807</VertexIdToRegister>
    <VertexIdToRegister>1808</VertexIdToRegister>
    <VertexIdToRegister>1809</VertexIdToRegister>
    <VertexIdToRegister>1810</VertexIdToRegister>
    <VertexIdToRegister>1811</VertexIdToRegister>
    <VertexIdToRegister>2078</VertexIdToRegister>
    <VertexIdToRegister>2082</VertexIdToRegister>
    <VertexIdToRegister>2086</VertexIdToRegister>
    <VertexIdToRegister>2090</VertexIdToRegister>
    <VertexIdToRegister>2094</VertexIdToRegister>
    <VertexIdToRegister>2098</VertexIdToRegister>
    <VertexIdToRegister>2102</VertexIdToRegister>
    <VertexIdToRegister>2106</VertexIdToRegister>
    <VertexIdToRegister>2110</VertexIdToRegister>
    <VertexIdToRegister>2114</VertexIdToRegister>
    <VertexIdToRegister>2118</VertexIdToRegister>
    <VertexIdToRegister>2122</VertexIdToRegister>
    <VertexIdToRegister>2126</VertexIdToRegister>
    <VertexIdToRegister>2130</VertexIdToRegister>
    <VertexIdToRegister>2134</VertexIdToRegister>
    <VertexIdToRegister>2138</VertexIdToRegister>
    <VertexIdToRegister>2142</VertexIdToRegister>
    <VertexIdToRegister>3029</VertexIdToRegister>
    <VertexIdToRegister>3032</VertexIdToRegister>
    <VertexIdToRegister>3035</VertexIdToRegister>
    <VertexIdToRegister>3038</VertexIdToRegister>
    <VertexIdToRegister>3041</VertexIdToRegister>
    <VertexIdToRegister>3044</VertexIdToRegister>
    <VertexIdToRegister>3047</VertexIdToRegister>
    <VertexIdToRegister>3050</VertexIdToRegister>
    <VertexIdToRegister>3053</VertexIdToRegister>
    <VertexIdToRegister>3056</VertexIdToRegister>
    <VertexIdToRegister>3059</VertexIdToRegister>
    <VertexIdToRegister>3062</VertexIdToRegister>
    <VertexIdToRegister>3065</VertexIdToRegister>
    <VertexIdToRegister>3068</VertexIdToRegister>
    <VertexIdToRegister>3071</VertexIdToRegister>
    <VertexIdToRegister>3074</VertexIdToRegister>
    <VertexIdToRegister>4007</VertexIdToRegister>
    <VertexIdToRegister>4011</VertexIdToRegister>
    <VertexIdToRegister>4015</VertexIdToRegister>
    <VertexIdToRegister>4019</VertexIdToRegister>
    <VertexIdToRegister>4023</VertexIdToRegister>
    <VertexIdToRegister>4027</VertexIdToRegister>
    <VertexIdToRegister>4031</VertexIdToRegister>
    <VertexIdToRegister>4035</VertexIdToRegister>
    <VertexIdToRegister>4039</VertexIdToRegister>
    <VertexIdToRegister>4043</VertexIdToRegister>
    <VertexIdToRegister>4047</VertexIdToRegister>
    <VertexIdToRegister>4051</VertexIdToRegister>
    <VertexIdToRegister>4055</VertexIdToRegister>
    <VertexIdToRegister>4059</VertexIdToRegister>
    <VertexIdToRegister>4063</VertexIdToRegister>
    <VertexIdToRegister>4067</VertexIdToRegister>
    <VertexIdToRegister>4793</VertexIdToRegister>
    <VertexIdToRegister>4796</VertexIdToRegister>
    <VertexIdToRegister>4799</VertexIdToRegister>
    <VertexIdToRegister>4802</VertexIdToRegister>
    <VertexIdToRegister>4805</VertexIdToRegister>
    <VertexIdToRegister>4808</VertexIdToRegister>
    <VertexIdToRegister>4811</VertexIdToRegister>
    <VertexIdToRegister>4814</VertexIdToRegister>
    <VertexIdToRegister>4817</VertexIdToRegister>
    <VertexIdToRegister>4820</VertexIdToRegister>
    <VertexIdToRegister>4823</VertexIdToRegister>
    <VertexIdToRegister>4826</VertexIdToRegister>
    <VertexIdToRegister>4829</VertexIdToRegister>
    <VertexIdToRegister>4832</VertexIdToRegister>
    <VertexIdToRegister>4835</VertexIdToRegister>
    <VertexIdToRegister>4838</VertexIdToRegister>
    <VertexIdToRegister>5007</VertexIdToRegister>
    <VertexIdToRegister>5008</VertexIdToRegister>
    <VertexIdToRegister>5131</VertexIdToRegister>
    <VertexIdToRegister>5135</VertexIdToRegister>
    <VertexIdToRegister>5139</VertexIdToRegister>
    <VertexIdToRegister>5143</VertexIdToRegister>
    <VertexIdToRegister>5147</VertexIdToRegister>
    <VertexIdToRegister>5151</VertexIdToRegister>
    <VertexIdToRegister>5155</VertexIdToRegister>
    <VertexIdToRegister>5159</VertexIdToRegister>
    <VertexIdToRegister>5163</VertexIdToRegister>
    <VertexIdToRegister>5167</VertexIdToRegister>
    <VertexIdToRegister>5171</VertexIdToRegister>
    <VertexIdToRegister>5175</VertexIdToRegister>
    <VertexIdToRegister>5179</VertexIdToRegister>
    <VertexIdToRegister>5183</VertexIdToRegister>
    <VertexIdToRegister>5187</VertexIdToRegister>
    <VertexIdToRegister>5191</VertexIdToRegister>
    <VertexIdToRegister>5195</VertexIdToRegister>
    <VertexIdToRegister>5199</VertexIdToRegister>
    <VertexIdToRegister>5203</VertexIdToRegister>
    <VertexIdToRegister>5207</VertexIdToRegister>
    <VertexIdToRegister>5211</VertexIdToRegister>
    <VertexIdToRegister>5215</VertexIdToRegister>
    <VertexIdToRegister>5219</VertexIdToRegister>
    <VertexIdToRegister>5223</VertexIdToRegister>
    <VertexIdToRegister>5227</VertexIdToRegister>
    <VertexIdToRegister>5231</VertexIdToRegister>
    <VertexIdToRegister>5235</VertexIdToRegister>
    <VertexIdToRegister>5239</VertexIdToRegister>
    <VertexIdToRegister>5243</VertexIdToRegister>
    <VertexIdToRegister>5247</VertexIdToRegister>
    <VertexIdToRegister>5251</VertexIdToRegister>
    <VertexIdToRegister>5255</VertexIdToRegister>
    <VertexIdToRegister>5259</VertexIdToRegister>
    <VertexIdToRegister>5263</VertexIdToRegister>
    <VertexIdToRegister>5267</VertexIdToRegister>
    <VertexIdToRegister>5271</VertexIdToRegister>
    <VertexIdToRegister>5275</VertexIdToRegister>
    <VertexIdToRegister>5279</VertexIdToRegister>
    <VertexIdToRegister>5283</VertexIdToRegister>
    <VertexIdToRegister>5287</VertexIdToRegister>
    <VertexIdToRegister>5291</VertexIdToRegister>
    <VertexIdToRegister>5295</VertexIdToRegister>
    <VertexIdToRegister>5299</VertexIdToRegister>
    <VertexIdToRegister>5303</VertexIdToRegister>
    <VertexIdToRegister>5307</VertexIdToRegister>
    <VertexIdToRegister>5311</VertexIdToRegister>
    <VertexIdToRegister>5315</VertexIdToRegister>
    <VertexIdToRegister>5319</VertexIdToRegister>
    <VertexIdToRegister>5323</VertexIdToRegister>
    <VertexIdToRegister>5327</VertexIdToRegister>
    <VertexIdToRegister>5331</VertexIdToRegister>
    <VertexIdToRegister>5335</VertexIdToRegister>
    <VertexIdToRegister>5339</VertexIdToRegister>
    <VertexIdToRegister>5343</VertexIdToRegister>
    <VertexIdToRegister>5347</VertexIdToRegister>
    <VertexIdToRegister>5351</VertexIdToRegister>
    <VertexIdToRegister>5355</VertexIdToRegister>
    <VertexIdToRegister>5359</VertexIdToRegister>
    <VertexIdToRegister>5363</VertexIdToRegister>
    <VertexIdToRegister>5367</VertexIdToRegister>
    <VertexIdToRegister>5371</VertexIdToRegister>
    <VertexIdToRegister>5375</VertexIdToRegister>
    <VertexIdToRegister>5379</VertexIdToRegister>
    <VertexIdToRegister>5383</VertexIdToRegister>
    <VertexIdToRegister>5692</VertexIdToRegister>
    <VertexIdToRegister>5693</VertexIdToRegister>
    <VertexIdToRegister>5786</VertexIdToRegister>
    <VertexIdToRegister>5794</VertexIdToRegister>
    <VertexIdToRegister>5802</VertexIdToRegister>
    <VertexIdToRegister>5810</VertexIdToRegister>
    <VertexIdToRegister>5838</VertexIdToRegister>
    <VertexIdToRegister>5846</VertexIdToRegister>
    <VertexIdToRegister>5854</VertexIdToRegister>
    <VertexIdToRegister>5862</VertexIdToRegister>
    <VertexIdToRegister>5865</VertexIdToRegister>
    <VertexIdToRegister>5866</VertexIdToRegister>
    <VertexIdToRegister>5868</VertexIdToRegister>
    <VertexIdToRegister>5870</VertexIdToRegister>
    <VertexIdToRegister>5872</VertexIdToRegister>
    <VertexIdToRegister>5874</VertexIdToRegister>
    <VertexIdToRegister>5876</VertexIdToRegister>
    <VertexIdToRegister>5909</VertexIdToRegister>
    <VertexIdToRegister>5946</VertexIdToRegister>
  </RegisterAssignments>
</Root>