<?xml version="1.0" encoding="utf-8" standalone="yes"?>
<Root>
  <processingTimeInMilliseconds>0.6543</processingTimeInMilliseconds>
  <RegisterAssignments>
    <VertexIdToRegister>2</VertexIdToRegister>
    <VertexIdToRegister>21</VertexIdToRegister>
    <VertexIdToRegister>47</VertexIdToRegister>
    <VertexIdToRegister>52</VertexIdToRegister>
    <VertexIdToRegister>55</VertexIdToRegister>
    <VertexIdToRegister>60</VertexIdToRegister>
    <VertexIdToRegister>61</VertexIdToRegister>
    <VertexIdToRegister>65</VertexIdToRegister>
    <VertexIdToRegister>71</VertexIdToRegister>
    <VertexIdToRegister>74</VertexIdToRegister>
    <VertexIdToRegister>100</VertexIdToRegister>
    <VertexIdToRegister>105</VertexIdToRegister>
    <VertexIdToRegister>108</VertexIdToRegister>
    <VertexIdToRegister>113</VertexIdToRegister>
    <VertexIdToRegister>114</VertexIdToRegister>
    <VertexIdToRegister>118</VertexIdToRegister>
    <VertexIdToRegister>124</VertexIdToRegister>
    <VertexIdToRegister>125</VertexIdToRegister>
    <VertexIdToRegister>130</VertexIdToRegister>
  </RegisterAssignments>
</Root>