<?xml version="1.0" encoding="utf-8" standalone="yes"?>
<Root>
  <processingTimeInMilliseconds>20.7222</processingTimeInMilliseconds>
  <RegisterAssignments>
    <VertexIdToRegister>6</VertexIdToRegister>
    <VertexIdToRegister>131</VertexIdToRegister>
    <VertexIdToRegister>137</VertexIdToRegister>
    <VertexIdToRegister>142</VertexIdToRegister>
    <VertexIdToRegister>143</VertexIdToRegister>
    <VertexIdToRegister>144</VertexIdToRegister>
    <VertexIdToRegister>350</VertexIdToRegister>
    <VertexIdToRegister>351</VertexIdToRegister>
    <VertexIdToRegister>352</VertexIdToRegister>
    <VertexIdToRegister>354</VertexIdToRegister>
    <VertexIdToRegister>355</VertexIdToRegister>
    <VertexIdToRegister>357</VertexIdToRegister>
    <VertexIdToRegister>358</VertexIdToRegister>
    <VertexIdToRegister>360</VertexIdToRegister>
    <VertexIdToRegister>361</VertexIdToRegister>
    <VertexIdToRegister>363</VertexIdToRegister>
    <VertexIdToRegister>364</VertexIdToRegister>
    <VertexIdToRegister>373</VertexIdToRegister>
    <VertexIdToRegister>377</VertexIdToRegister>
    <VertexIdToRegister>395</VertexIdToRegister>
    <VertexIdToRegister>427</VertexIdToRegister>
    <VertexIdToRegister>471</VertexIdToRegister>
    <VertexIdToRegister>503</VertexIdToRegister>
    <VertexIdToRegister>540</VertexIdToRegister>
    <VertexIdToRegister>541</VertexIdToRegister>
    <VertexIdToRegister>543</VertexIdToRegister>
    <VertexIdToRegister>544</VertexIdToRegister>
    <VertexIdToRegister>547</VertexIdToRegister>
    <VertexIdToRegister>550</VertexIdToRegister>
    <VertexIdToRegister>551</VertexIdToRegister>
    <VertexIdToRegister>553</VertexIdToRegister>
    <VertexIdToRegister>554</VertexIdToRegister>
    <VertexIdToRegister>557</VertexIdToRegister>
    <VertexIdToRegister>567</VertexIdToRegister>
    <VertexIdToRegister>578</VertexIdToRegister>
    <VertexIdToRegister>579</VertexIdToRegister>
    <VertexIdToRegister>580</VertexIdToRegister>
    <VertexIdToRegister>623</VertexIdToRegister>
    <VertexIdToRegister>655</VertexIdToRegister>
    <VertexIdToRegister>699</VertexIdToRegister>
    <VertexIdToRegister>731</VertexIdToRegister>
    <VertexIdToRegister>734</VertexIdToRegister>
    <VertexIdToRegister>735</VertexIdToRegister>
    <VertexIdToRegister>737</VertexIdToRegister>
    <VertexIdToRegister>738</VertexIdToRegister>
    <VertexIdToRegister>740</VertexIdToRegister>
    <VertexIdToRegister>741</VertexIdToRegister>
    <VertexIdToRegister>743</VertexIdToRegister>
    <VertexIdToRegister>744</VertexIdToRegister>
    <VertexIdToRegister>753</VertexIdToRegister>
    <VertexIdToRegister>757</VertexIdToRegister>
    <VertexIdToRegister>806</VertexIdToRegister>
    <VertexIdToRegister>808</VertexIdToRegister>
    <VertexIdToRegister>866</VertexIdToRegister>
    <VertexIdToRegister>867</VertexIdToRegister>
    <VertexIdToRegister>868</VertexIdToRegister>
    <VertexIdToRegister>869</VertexIdToRegister>
    <VertexIdToRegister>874</VertexIdToRegister>
    <VertexIdToRegister>881</VertexIdToRegister>
  </RegisterAssignments>
</Root>