<?xml version="1.0" encoding="utf-8" standalone="yes"?>
<Root>
  <processingTimeInMilliseconds>0.61740000000000006</processingTimeInMilliseconds>
  <RegisterAssignments>
    <VertexIdToRegister>69</VertexIdToRegister>
    <VertexIdToRegister>73</VertexIdToRegister>
    <VertexIdToRegister>77</VertexIdToRegister>
    <VertexIdToRegister>80</VertexIdToRegister>
    <VertexIdToRegister>84</VertexIdToRegister>
    <VertexIdToRegister>88</VertexIdToRegister>
    <VertexIdToRegister>94</VertexIdToRegister>
    <VertexIdToRegister>99</VertexIdToRegister>
    <VertexIdToRegister>108</VertexIdToRegister>
    <VertexIdToRegister>117</VertexIdToRegister>
    <VertexIdToRegister>123</VertexIdToRegister>
    <VertexIdToRegister>128</VertexIdToRegister>
    <VertexIdToRegister>129</VertexIdToRegister>
    <VertexIdToRegister>130</VertexIdToRegister>
    <VertexIdToRegister>136</VertexIdToRegister>
    <VertexIdToRegister>139</VertexIdToRegister>
    <VertexIdToRegister>140</VertexIdToRegister>
    <VertexIdToRegister>142</VertexIdToRegister>
    <VertexIdToRegister>166</VertexIdToRegister>
    <VertexIdToRegister>172</VertexIdToRegister>
    <VertexIdToRegister>177</VertexIdToRegister>
    <VertexIdToRegister>192</VertexIdToRegister>
    <VertexIdToRegister>196</VertexIdToRegister>
    <VertexIdToRegister>206</VertexIdToRegister>
    <VertexIdToRegister>209</VertexIdToRegister>
    <VertexIdToRegister>212</VertexIdToRegister>
    <VertexIdToRegister>228</VertexIdToRegister>
    <VertexIdToRegister>231</VertexIdToRegister>
    <VertexIdToRegister>243</VertexIdToRegister>
    <VertexIdToRegister>248</VertexIdToRegister>
    <VertexIdToRegister>250</VertexIdToRegister>
    <VertexIdToRegister>253</VertexIdToRegister>
    <VertexIdToRegister>269</VertexIdToRegister>
    <VertexIdToRegister>273</VertexIdToRegister>
    <VertexIdToRegister>277</VertexIdToRegister>
    <VertexIdToRegister>287</VertexIdToRegister>
    <VertexIdToRegister>290</VertexIdToRegister>
    <VertexIdToRegister>293</VertexIdToRegister>
    <VertexIdToRegister>309</VertexIdToRegister>
    <VertexIdToRegister>312</VertexIdToRegister>
    <VertexIdToRegister>327</VertexIdToRegister>
    <VertexIdToRegister>335</VertexIdToRegister>
    <VertexIdToRegister>337</VertexIdToRegister>
    <VertexIdToRegister>340</VertexIdToRegister>
    <VertexIdToRegister>356</VertexIdToRegister>
    <VertexIdToRegister>360</VertexIdToRegister>
    <VertexIdToRegister>364</VertexIdToRegister>
    <VertexIdToRegister>397</VertexIdToRegister>
    <VertexIdToRegister>401</VertexIdToRegister>
    <VertexIdToRegister>405</VertexIdToRegister>
    <VertexIdToRegister>423</VertexIdToRegister>
    <VertexIdToRegister>445</VertexIdToRegister>
    <VertexIdToRegister>449</VertexIdToRegister>
    <VertexIdToRegister>467</VertexIdToRegister>
    <VertexIdToRegister>477</VertexIdToRegister>
    <VertexIdToRegister>487</VertexIdToRegister>
    <VertexIdToRegister>499</VertexIdToRegister>
    <VertexIdToRegister>521</VertexIdToRegister>
    <VertexIdToRegister>525</VertexIdToRegister>
    <VertexIdToRegister>543</VertexIdToRegister>
    <VertexIdToRegister>553</VertexIdToRegister>
    <VertexIdToRegister>563</VertexIdToRegister>
    <VertexIdToRegister>575</VertexIdToRegister>
    <VertexIdToRegister>578</VertexIdToRegister>
    <VertexIdToRegister>579</VertexIdToRegister>
    <VertexIdToRegister>581</VertexIdToRegister>
    <VertexIdToRegister>582</VertexIdToRegister>
    <VertexIdToRegister>584</VertexIdToRegister>
    <VertexIdToRegister>585</VertexIdToRegister>
    <VertexIdToRegister>587</VertexIdToRegister>
    <VertexIdToRegister>588</VertexIdToRegister>
    <VertexIdToRegister>591</VertexIdToRegister>
    <VertexIdToRegister>594</VertexIdToRegister>
    <VertexIdToRegister>597</VertexIdToRegister>
    <VertexIdToRegister>601</VertexIdToRegister>
    <VertexIdToRegister>619</VertexIdToRegister>
    <VertexIdToRegister>629</VertexIdToRegister>
    <VertexIdToRegister>639</VertexIdToRegister>
    <VertexIdToRegister>651</VertexIdToRegister>
    <VertexIdToRegister>673</VertexIdToRegister>
    <VertexIdToRegister>677</VertexIdToRegister>
    <VertexIdToRegister>695</VertexIdToRegister>
    <VertexIdToRegister>705</VertexIdToRegister>
    <VertexIdToRegister>715</VertexIdToRegister>
    <VertexIdToRegister>727</VertexIdToRegister>
    <VertexIdToRegister>749</VertexIdToRegister>
    <VertexIdToRegister>753</VertexIdToRegister>
    <VertexIdToRegister>764</VertexIdToRegister>
    <VertexIdToRegister>765</VertexIdToRegister>
    <VertexIdToRegister>767</VertexIdToRegister>
    <VertexIdToRegister>768</VertexIdToRegister>
    <VertexIdToRegister>771</VertexIdToRegister>
    <VertexIdToRegister>774</VertexIdToRegister>
    <VertexIdToRegister>775</VertexIdToRegister>
    <VertexIdToRegister>777</VertexIdToRegister>
    <VertexIdToRegister>778</VertexIdToRegister>
    <VertexIdToRegister>781</VertexIdToRegister>
    <VertexIdToRegister>791</VertexIdToRegister>
    <VertexIdToRegister>803</VertexIdToRegister>
    <VertexIdToRegister>819</VertexIdToRegister>
    <VertexIdToRegister>822</VertexIdToRegister>
    <VertexIdToRegister>825</VertexIdToRegister>
    <VertexIdToRegister>829</VertexIdToRegister>
    <VertexIdToRegister>852</VertexIdToRegister>
    <VertexIdToRegister>853</VertexIdToRegister>
    <VertexIdToRegister>854</VertexIdToRegister>
    <VertexIdToRegister>857</VertexIdToRegister>
    <VertexIdToRegister>872</VertexIdToRegister>
  </RegisterAssignments>
</Root>