<?xml version="1.0" encoding="utf-8" standalone="yes"?>
<Root>
  <processingTimeInMilliseconds>0.1018</processingTimeInMilliseconds>
  <RegisterAssignments>
    <VertexIdToRegister>28</VertexIdToRegister>
    <VertexIdToRegister>69</VertexIdToRegister>
    <VertexIdToRegister>72</VertexIdToRegister>
    <VertexIdToRegister>75</VertexIdToRegister>
    <VertexIdToRegister>78</VertexIdToRegister>
    <VertexIdToRegister>116</VertexIdToRegister>
    <VertexIdToRegister>117</VertexIdToRegister>
    <VertexIdToRegister>122</VertexIdToRegister>
  </RegisterAssignments>
</Root>