<?xml version="1.0" encoding="utf-8" standalone="yes"?>
<Root>
  <processingTimeInMilliseconds>32.7016</processingTimeInMilliseconds>
  <RegisterAssignments>
    <VertexIdToRegister>28</VertexIdToRegister>
    <VertexIdToRegister>31</VertexIdToRegister>
    <VertexIdToRegister>82</VertexIdToRegister>
    <VertexIdToRegister>91</VertexIdToRegister>
    <VertexIdToRegister>1046</VertexIdToRegister>
    <VertexIdToRegister>1278</VertexIdToRegister>
    <VertexIdToRegister>1733</VertexIdToRegister>
    <VertexIdToRegister>1741</VertexIdToRegister>
    <VertexIdToRegister>1752</VertexIdToRegister>
    <VertexIdToRegister>1760</VertexIdToRegister>
    <VertexIdToRegister>1768</VertexIdToRegister>
    <VertexIdToRegister>1776</VertexIdToRegister>
    <VertexIdToRegister>1784</VertexIdToRegister>
    <VertexIdToRegister>1792</VertexIdToRegister>
    <VertexIdToRegister>1795</VertexIdToRegister>
    <VertexIdToRegister>1796</VertexIdToRegister>
    <VertexIdToRegister>1798</VertexIdToRegister>
    <VertexIdToRegister>1800</VertexIdToRegister>
    <VertexIdToRegister>1802</VertexIdToRegister>
    <VertexIdToRegister>1804</VertexIdToRegister>
    <VertexIdToRegister>1806</VertexIdToRegister>
    <VertexIdToRegister>1808</VertexIdToRegister>
    <VertexIdToRegister>1872</VertexIdToRegister>
  </RegisterAssignments>
</Root>