<?xml version="1.0" encoding="utf-8" standalone="yes"?>
<Root>
  <processingTimeInMilliseconds>0.83490000000000009</processingTimeInMilliseconds>
  <RegisterAssignments>
    <VertexIdToRegister>47</VertexIdToRegister>
    <VertexIdToRegister>51</VertexIdToRegister>
    <VertexIdToRegister>84</VertexIdToRegister>
    <VertexIdToRegister>99</VertexIdToRegister>
    <VertexIdToRegister>103</VertexIdToRegister>
    <VertexIdToRegister>136</VertexIdToRegister>
    <VertexIdToRegister>151</VertexIdToRegister>
    <VertexIdToRegister>155</VertexIdToRegister>
    <VertexIdToRegister>188</VertexIdToRegister>
    <VertexIdToRegister>203</VertexIdToRegister>
    <VertexIdToRegister>207</VertexIdToRegister>
    <VertexIdToRegister>240</VertexIdToRegister>
    <VertexIdToRegister>255</VertexIdToRegister>
    <VertexIdToRegister>259</VertexIdToRegister>
    <VertexIdToRegister>292</VertexIdToRegister>
    <VertexIdToRegister>307</VertexIdToRegister>
    <VertexIdToRegister>311</VertexIdToRegister>
    <VertexIdToRegister>344</VertexIdToRegister>
    <VertexIdToRegister>359</VertexIdToRegister>
    <VertexIdToRegister>363</VertexIdToRegister>
    <VertexIdToRegister>396</VertexIdToRegister>
    <VertexIdToRegister>411</VertexIdToRegister>
    <VertexIdToRegister>415</VertexIdToRegister>
    <VertexIdToRegister>448</VertexIdToRegister>
    <VertexIdToRegister>463</VertexIdToRegister>
    <VertexIdToRegister>467</VertexIdToRegister>
    <VertexIdToRegister>500</VertexIdToRegister>
    <VertexIdToRegister>515</VertexIdToRegister>
    <VertexIdToRegister>519</VertexIdToRegister>
    <VertexIdToRegister>552</VertexIdToRegister>
    <VertexIdToRegister>566</VertexIdToRegister>
    <VertexIdToRegister>570</VertexIdToRegister>
    <VertexIdToRegister>587</VertexIdToRegister>
    <VertexIdToRegister>594</VertexIdToRegister>
    <VertexIdToRegister>598</VertexIdToRegister>
    <VertexIdToRegister>615</VertexIdToRegister>
    <VertexIdToRegister>622</VertexIdToRegister>
    <VertexIdToRegister>626</VertexIdToRegister>
    <VertexIdToRegister>643</VertexIdToRegister>
    <VertexIdToRegister>650</VertexIdToRegister>
    <VertexIdToRegister>654</VertexIdToRegister>
    <VertexIdToRegister>671</VertexIdToRegister>
    <VertexIdToRegister>678</VertexIdToRegister>
    <VertexIdToRegister>682</VertexIdToRegister>
    <VertexIdToRegister>699</VertexIdToRegister>
    <VertexIdToRegister>706</VertexIdToRegister>
    <VertexIdToRegister>710</VertexIdToRegister>
    <VertexIdToRegister>727</VertexIdToRegister>
    <VertexIdToRegister>734</VertexIdToRegister>
    <VertexIdToRegister>738</VertexIdToRegister>
    <VertexIdToRegister>755</VertexIdToRegister>
    <VertexIdToRegister>762</VertexIdToRegister>
    <VertexIdToRegister>766</VertexIdToRegister>
    <VertexIdToRegister>783</VertexIdToRegister>
    <VertexIdToRegister>790</VertexIdToRegister>
    <VertexIdToRegister>794</VertexIdToRegister>
    <VertexIdToRegister>811</VertexIdToRegister>
    <VertexIdToRegister>818</VertexIdToRegister>
    <VertexIdToRegister>822</VertexIdToRegister>
    <VertexIdToRegister>839</VertexIdToRegister>
    <VertexIdToRegister>846</VertexIdToRegister>
    <VertexIdToRegister>850</VertexIdToRegister>
    <VertexIdToRegister>867</VertexIdToRegister>
    <VertexIdToRegister>874</VertexIdToRegister>
    <VertexIdToRegister>878</VertexIdToRegister>
    <VertexIdToRegister>895</VertexIdToRegister>
    <VertexIdToRegister>902</VertexIdToRegister>
    <VertexIdToRegister>906</VertexIdToRegister>
    <VertexIdToRegister>923</VertexIdToRegister>
    <VertexIdToRegister>930</VertexIdToRegister>
    <VertexIdToRegister>934</VertexIdToRegister>
    <VertexIdToRegister>951</VertexIdToRegister>
    <VertexIdToRegister>958</VertexIdToRegister>
    <VertexIdToRegister>962</VertexIdToRegister>
    <VertexIdToRegister>979</VertexIdToRegister>
    <VertexIdToRegister>986</VertexIdToRegister>
    <VertexIdToRegister>990</VertexIdToRegister>
    <VertexIdToRegister>1007</VertexIdToRegister>
    <VertexIdToRegister>1014</VertexIdToRegister>
    <VertexIdToRegister>1018</VertexIdToRegister>
    <VertexIdToRegister>1035</VertexIdToRegister>
    <VertexIdToRegister>1042</VertexIdToRegister>
    <VertexIdToRegister>1046</VertexIdToRegister>
    <VertexIdToRegister>1063</VertexIdToRegister>
    <VertexIdToRegister>1070</VertexIdToRegister>
    <VertexIdToRegister>1074</VertexIdToRegister>
    <VertexIdToRegister>1091</VertexIdToRegister>
    <VertexIdToRegister>1098</VertexIdToRegister>
    <VertexIdToRegister>1102</VertexIdToRegister>
    <VertexIdToRegister>1119</VertexIdToRegister>
    <VertexIdToRegister>1126</VertexIdToRegister>
    <VertexIdToRegister>1130</VertexIdToRegister>
    <VertexIdToRegister>1147</VertexIdToRegister>
    <VertexIdToRegister>1154</VertexIdToRegister>
    <VertexIdToRegister>1158</VertexIdToRegister>
    <VertexIdToRegister>1175</VertexIdToRegister>
    <VertexIdToRegister>1180</VertexIdToRegister>
  </RegisterAssignments>
</Root>