<?xml version="1.0" encoding="utf-8" standalone="yes"?>
<Root>
  <processingTimeInMilliseconds>1.4322000000000001</processingTimeInMilliseconds>
  <RegisterAssignments>
    <VertexIdToRegister>666</VertexIdToRegister>
    <VertexIdToRegister>687</VertexIdToRegister>
    <VertexIdToRegister>706</VertexIdToRegister>
    <VertexIdToRegister>709</VertexIdToRegister>
    <VertexIdToRegister>806</VertexIdToRegister>
    <VertexIdToRegister>827</VertexIdToRegister>
    <VertexIdToRegister>846</VertexIdToRegister>
    <VertexIdToRegister>849</VertexIdToRegister>
    <VertexIdToRegister>876</VertexIdToRegister>
    <VertexIdToRegister>916</VertexIdToRegister>
    <VertexIdToRegister>967</VertexIdToRegister>
    <VertexIdToRegister>968</VertexIdToRegister>
    <VertexIdToRegister>989</VertexIdToRegister>
    <VertexIdToRegister>1016</VertexIdToRegister>
    <VertexIdToRegister>1017</VertexIdToRegister>
    <VertexIdToRegister>1056</VertexIdToRegister>
    <VertexIdToRegister>1107</VertexIdToRegister>
    <VertexIdToRegister>1108</VertexIdToRegister>
    <VertexIdToRegister>1129</VertexIdToRegister>
    <VertexIdToRegister>1130</VertexIdToRegister>
    <VertexIdToRegister>1156</VertexIdToRegister>
    <VertexIdToRegister>1157</VertexIdToRegister>
    <VertexIdToRegister>1177</VertexIdToRegister>
    <VertexIdToRegister>1178</VertexIdToRegister>
    <VertexIdToRegister>1196</VertexIdToRegister>
    <VertexIdToRegister>1197</VertexIdToRegister>
    <VertexIdToRegister>1199</VertexIdToRegister>
    <VertexIdToRegister>1247</VertexIdToRegister>
    <VertexIdToRegister>1269</VertexIdToRegister>
    <VertexIdToRegister>1270</VertexIdToRegister>
    <VertexIdToRegister>1296</VertexIdToRegister>
    <VertexIdToRegister>1297</VertexIdToRegister>
    <VertexIdToRegister>1317</VertexIdToRegister>
    <VertexIdToRegister>1318</VertexIdToRegister>
    <VertexIdToRegister>1336</VertexIdToRegister>
    <VertexIdToRegister>1337</VertexIdToRegister>
    <VertexIdToRegister>1339</VertexIdToRegister>
    <VertexIdToRegister>1340</VertexIdToRegister>
    <VertexIdToRegister>1436</VertexIdToRegister>
    <VertexIdToRegister>1437</VertexIdToRegister>
    <VertexIdToRegister>1457</VertexIdToRegister>
    <VertexIdToRegister>1458</VertexIdToRegister>
    <VertexIdToRegister>1476</VertexIdToRegister>
    <VertexIdToRegister>1477</VertexIdToRegister>
    <VertexIdToRegister>1479</VertexIdToRegister>
    <VertexIdToRegister>1480</VertexIdToRegister>
    <VertexIdToRegister>1506</VertexIdToRegister>
    <VertexIdToRegister>1507</VertexIdToRegister>
    <VertexIdToRegister>1546</VertexIdToRegister>
    <VertexIdToRegister>1576</VertexIdToRegister>
    <VertexIdToRegister>1577</VertexIdToRegister>
    <VertexIdToRegister>1597</VertexIdToRegister>
    <VertexIdToRegister>1598</VertexIdToRegister>
    <VertexIdToRegister>1616</VertexIdToRegister>
    <VertexIdToRegister>1617</VertexIdToRegister>
    <VertexIdToRegister>1619</VertexIdToRegister>
    <VertexIdToRegister>1620</VertexIdToRegister>
    <VertexIdToRegister>1646</VertexIdToRegister>
    <VertexIdToRegister>1647</VertexIdToRegister>
    <VertexIdToRegister>1686</VertexIdToRegister>
    <VertexIdToRegister>1687</VertexIdToRegister>
    <VertexIdToRegister>1728</VertexIdToRegister>
    <VertexIdToRegister>1729</VertexIdToRegister>
    <VertexIdToRegister>1744</VertexIdToRegister>
    <VertexIdToRegister>1746</VertexIdToRegister>
    <VertexIdToRegister>1747</VertexIdToRegister>
    <VertexIdToRegister>1764</VertexIdToRegister>
    <VertexIdToRegister>1765</VertexIdToRegister>
    <VertexIdToRegister>1777</VertexIdToRegister>
    <VertexIdToRegister>1787</VertexIdToRegister>
    <VertexIdToRegister>1788</VertexIdToRegister>
    <VertexIdToRegister>1820</VertexIdToRegister>
    <VertexIdToRegister>1821</VertexIdToRegister>
    <VertexIdToRegister>1834</VertexIdToRegister>
    <VertexIdToRegister>1835</VertexIdToRegister>
    <VertexIdToRegister>1852</VertexIdToRegister>
    <VertexIdToRegister>1853</VertexIdToRegister>
    <VertexIdToRegister>1864</VertexIdToRegister>
    <VertexIdToRegister>1865</VertexIdToRegister>
    <VertexIdToRegister>1875</VertexIdToRegister>
    <VertexIdToRegister>1876</VertexIdToRegister>
    <VertexIdToRegister>1878</VertexIdToRegister>
    <VertexIdToRegister>1879</VertexIdToRegister>
    <VertexIdToRegister>1920</VertexIdToRegister>
    <VertexIdToRegister>1954</VertexIdToRegister>
    <VertexIdToRegister>1955</VertexIdToRegister>
    <VertexIdToRegister>1957</VertexIdToRegister>
    <VertexIdToRegister>1958</VertexIdToRegister>
    <VertexIdToRegister>2020</VertexIdToRegister>
    <VertexIdToRegister>2021</VertexIdToRegister>
    <VertexIdToRegister>2022</VertexIdToRegister>
    <VertexIdToRegister>2023</VertexIdToRegister>
    <VertexIdToRegister>2024</VertexIdToRegister>
    <VertexIdToRegister>2025</VertexIdToRegister>
    <VertexIdToRegister>2026</VertexIdToRegister>
    <VertexIdToRegister>2027</VertexIdToRegister>
    <VertexIdToRegister>2028</VertexIdToRegister>
    <VertexIdToRegister>2029</VertexIdToRegister>
    <VertexIdToRegister>2030</VertexIdToRegister>
    <VertexIdToRegister>2031</VertexIdToRegister>
    <VertexIdToRegister>2032</VertexIdToRegister>
    <VertexIdToRegister>2033</VertexIdToRegister>
    <VertexIdToRegister>2034</VertexIdToRegister>
    <VertexIdToRegister>2035</VertexIdToRegister>
    <VertexIdToRegister>2036</VertexIdToRegister>
    <VertexIdToRegister>2037</VertexIdToRegister>
    <VertexIdToRegister>2038</VertexIdToRegister>
    <VertexIdToRegister>2039</VertexIdToRegister>
    <VertexIdToRegister>2040</VertexIdToRegister>
    <VertexIdToRegister>2041</VertexIdToRegister>
    <VertexIdToRegister>2042</VertexIdToRegister>
    <VertexIdToRegister>2043</VertexIdToRegister>
    <VertexIdToRegister>2044</VertexIdToRegister>
    <VertexIdToRegister>2045</VertexIdToRegister>
    <VertexIdToRegister>2046</VertexIdToRegister>
    <VertexIdToRegister>2047</VertexIdToRegister>
    <VertexIdToRegister>2048</VertexIdToRegister>
    <VertexIdToRegister>2049</VertexIdToRegister>
    <VertexIdToRegister>2050</VertexIdToRegister>
    <VertexIdToRegister>2051</VertexIdToRegister>
    <VertexIdToRegister>2052</VertexIdToRegister>
    <VertexIdToRegister>2053</VertexIdToRegister>
    <VertexIdToRegister>2054</VertexIdToRegister>
    <VertexIdToRegister>2055</VertexIdToRegister>
    <VertexIdToRegister>2056</VertexIdToRegister>
    <VertexIdToRegister>2057</VertexIdToRegister>
    <VertexIdToRegister>2058</VertexIdToRegister>
    <VertexIdToRegister>2059</VertexIdToRegister>
    <VertexIdToRegister>2060</VertexIdToRegister>
    <VertexIdToRegister>2061</VertexIdToRegister>
    <VertexIdToRegister>2062</VertexIdToRegister>
    <VertexIdToRegister>2063</VertexIdToRegister>
    <VertexIdToRegister>2064</VertexIdToRegister>
    <VertexIdToRegister>2065</VertexIdToRegister>
    <VertexIdToRegister>2066</VertexIdToRegister>
    <VertexIdToRegister>2067</VertexIdToRegister>
  </RegisterAssignments>
</Root>