<?xml version="1.0" encoding="utf-8" standalone="yes"?>
<Root>
  <processingTimeInMilliseconds>5.9295</processingTimeInMilliseconds>
  <RegisterAssignments>
    <VertexIdToRegister>43</VertexIdToRegister>
    <VertexIdToRegister>45</VertexIdToRegister>
    <VertexIdToRegister>46</VertexIdToRegister>
    <VertexIdToRegister>48</VertexIdToRegister>
    <VertexIdToRegister>888</VertexIdToRegister>
    <VertexIdToRegister>890</VertexIdToRegister>
    <VertexIdToRegister>5376</VertexIdToRegister>
    <VertexIdToRegister>5378</VertexIdToRegister>
    <VertexIdToRegister>5379</VertexIdToRegister>
    <VertexIdToRegister>5381</VertexIdToRegister>
    <VertexIdToRegister>5382</VertexIdToRegister>
    <VertexIdToRegister>5384</VertexIdToRegister>
    <VertexIdToRegister>5385</VertexIdToRegister>
    <VertexIdToRegister>5387</VertexIdToRegister>
    <VertexIdToRegister>5390</VertexIdToRegister>
    <VertexIdToRegister>5392</VertexIdToRegister>
    <VertexIdToRegister>5394</VertexIdToRegister>
    <VertexIdToRegister>5396</VertexIdToRegister>
    <VertexIdToRegister>5518</VertexIdToRegister>
    <VertexIdToRegister>5519</VertexIdToRegister>
    <VertexIdToRegister>5520</VertexIdToRegister>
    <VertexIdToRegister>5521</VertexIdToRegister>
    <VertexIdToRegister>5522</VertexIdToRegister>
    <VertexIdToRegister>5523</VertexIdToRegister>
    <VertexIdToRegister>5524</VertexIdToRegister>
    <VertexIdToRegister>5525</VertexIdToRegister>
    <VertexIdToRegister>5526</VertexIdToRegister>
    <VertexIdToRegister>5527</VertexIdToRegister>
    <VertexIdToRegister>5528</VertexIdToRegister>
    <VertexIdToRegister>5529</VertexIdToRegister>
    <VertexIdToRegister>5530</VertexIdToRegister>
    <VertexIdToRegister>5531</VertexIdToRegister>
    <VertexIdToRegister>5532</VertexIdToRegister>
    <VertexIdToRegister>5533</VertexIdToRegister>
    <VertexIdToRegister>5534</VertexIdToRegister>
    <VertexIdToRegister>5535</VertexIdToRegister>
    <VertexIdToRegister>5536</VertexIdToRegister>
    <VertexIdToRegister>5537</VertexIdToRegister>
    <VertexIdToRegister>5538</VertexIdToRegister>
    <VertexIdToRegister>5539</VertexIdToRegister>
    <VertexIdToRegister>5540</VertexIdToRegister>
    <VertexIdToRegister>5541</VertexIdToRegister>
    <VertexIdToRegister>5542</VertexIdToRegister>
    <VertexIdToRegister>5543</VertexIdToRegister>
    <VertexIdToRegister>5544</VertexIdToRegister>
    <VertexIdToRegister>5545</VertexIdToRegister>
    <VertexIdToRegister>5546</VertexIdToRegister>
    <VertexIdToRegister>5547</VertexIdToRegister>
    <VertexIdToRegister>5548</VertexIdToRegister>
    <VertexIdToRegister>5549</VertexIdToRegister>
    <VertexIdToRegister>5550</VertexIdToRegister>
    <VertexIdToRegister>5551</VertexIdToRegister>
    <VertexIdToRegister>5552</VertexIdToRegister>
    <VertexIdToRegister>5553</VertexIdToRegister>
    <VertexIdToRegister>5554</VertexIdToRegister>
    <VertexIdToRegister>5555</VertexIdToRegister>
    <VertexIdToRegister>5556</VertexIdToRegister>
    <VertexIdToRegister>5557</VertexIdToRegister>
    <VertexIdToRegister>5558</VertexIdToRegister>
    <VertexIdToRegister>5559</VertexIdToRegister>
    <VertexIdToRegister>5560</VertexIdToRegister>
    <VertexIdToRegister>5561</VertexIdToRegister>
    <VertexIdToRegister>5562</VertexIdToRegister>
    <VertexIdToRegister>5563</VertexIdToRegister>
    <VertexIdToRegister>5564</VertexIdToRegister>
    <VertexIdToRegister>5565</VertexIdToRegister>
    <VertexIdToRegister>5566</VertexIdToRegister>
    <VertexIdToRegister>5567</VertexIdToRegister>
    <VertexIdToRegister>5568</VertexIdToRegister>
    <VertexIdToRegister>5569</VertexIdToRegister>
    <VertexIdToRegister>5570</VertexIdToRegister>
    <VertexIdToRegister>5571</VertexIdToRegister>
    <VertexIdToRegister>5572</VertexIdToRegister>
    <VertexIdToRegister>5573</VertexIdToRegister>
    <VertexIdToRegister>5574</VertexIdToRegister>
    <VertexIdToRegister>5575</VertexIdToRegister>
    <VertexIdToRegister>5576</VertexIdToRegister>
    <VertexIdToRegister>5577</VertexIdToRegister>
    <VertexIdToRegister>5578</VertexIdToRegister>
    <VertexIdToRegister>5579</VertexIdToRegister>
    <VertexIdToRegister>5580</VertexIdToRegister>
    <VertexIdToRegister>5581</VertexIdToRegister>
    <VertexIdToRegister>5582</VertexIdToRegister>
    <VertexIdToRegister>5583</VertexIdToRegister>
    <VertexIdToRegister>5584</VertexIdToRegister>
    <VertexIdToRegister>5585</VertexIdToRegister>
    <VertexIdToRegister>5586</VertexIdToRegister>
    <VertexIdToRegister>5587</VertexIdToRegister>
    <VertexIdToRegister>5588</VertexIdToRegister>
    <VertexIdToRegister>5589</VertexIdToRegister>
    <VertexIdToRegister>5590</VertexIdToRegister>
    <VertexIdToRegister>5591</VertexIdToRegister>
    <VertexIdToRegister>5592</VertexIdToRegister>
    <VertexIdToRegister>5593</VertexIdToRegister>
    <VertexIdToRegister>5594</VertexIdToRegister>
    <VertexIdToRegister>5595</VertexIdToRegister>
    <VertexIdToRegister>5596</VertexIdToRegister>
    <VertexIdToRegister>5597</VertexIdToRegister>
    <VertexIdToRegister>5598</VertexIdToRegister>
    <VertexIdToRegister>5613</VertexIdToRegister>
    <VertexIdToRegister>5627</VertexIdToRegister>
    <VertexIdToRegister>5629</VertexIdToRegister>
    <VertexIdToRegister>5630</VertexIdToRegister>
    <VertexIdToRegister>5632</VertexIdToRegister>
    <VertexIdToRegister>5634</VertexIdToRegister>
    <VertexIdToRegister>5636</VertexIdToRegister>
    <VertexIdToRegister>5906</VertexIdToRegister>
    <VertexIdToRegister>5907</VertexIdToRegister>
    <VertexIdToRegister>5908</VertexIdToRegister>
    <VertexIdToRegister>5910</VertexIdToRegister>
    <VertexIdToRegister>5911</VertexIdToRegister>
    <VertexIdToRegister>5912</VertexIdToRegister>
    <VertexIdToRegister>5914</VertexIdToRegister>
    <VertexIdToRegister>5915</VertexIdToRegister>
    <VertexIdToRegister>5916</VertexIdToRegister>
    <VertexIdToRegister>5918</VertexIdToRegister>
    <VertexIdToRegister>5919</VertexIdToRegister>
    <VertexIdToRegister>5920</VertexIdToRegister>
    <VertexIdToRegister>5922</VertexIdToRegister>
    <VertexIdToRegister>5923</VertexIdToRegister>
    <VertexIdToRegister>5924</VertexIdToRegister>
    <VertexIdToRegister>5926</VertexIdToRegister>
    <VertexIdToRegister>5927</VertexIdToRegister>
    <VertexIdToRegister>5928</VertexIdToRegister>
    <VertexIdToRegister>5930</VertexIdToRegister>
    <VertexIdToRegister>5931</VertexIdToRegister>
    <VertexIdToRegister>5932</VertexIdToRegister>
    <VertexIdToRegister>5934</VertexIdToRegister>
    <VertexIdToRegister>5935</VertexIdToRegister>
    <VertexIdToRegister>5936</VertexIdToRegister>
    <VertexIdToRegister>5938</VertexIdToRegister>
    <VertexIdToRegister>5939</VertexIdToRegister>
    <VertexIdToRegister>5940</VertexIdToRegister>
    <VertexIdToRegister>5942</VertexIdToRegister>
    <VertexIdToRegister>5943</VertexIdToRegister>
    <VertexIdToRegister>5944</VertexIdToRegister>
    <VertexIdToRegister>5946</VertexIdToRegister>
    <VertexIdToRegister>5947</VertexIdToRegister>
    <VertexIdToRegister>5948</VertexIdToRegister>
    <VertexIdToRegister>5950</VertexIdToRegister>
    <VertexIdToRegister>5951</VertexIdToRegister>
    <VertexIdToRegister>5952</VertexIdToRegister>
    <VertexIdToRegister>5954</VertexIdToRegister>
    <VertexIdToRegister>5955</VertexIdToRegister>
    <VertexIdToRegister>5956</VertexIdToRegister>
    <VertexIdToRegister>5958</VertexIdToRegister>
    <VertexIdToRegister>5959</VertexIdToRegister>
    <VertexIdToRegister>5960</VertexIdToRegister>
    <VertexIdToRegister>5962</VertexIdToRegister>
    <VertexIdToRegister>5963</VertexIdToRegister>
    <VertexIdToRegister>5964</VertexIdToRegister>
    <VertexIdToRegister>5966</VertexIdToRegister>
    <VertexIdToRegister>5967</VertexIdToRegister>
    <VertexIdToRegister>5968</VertexIdToRegister>
    <VertexIdToRegister>5970</VertexIdToRegister>
    <VertexIdToRegister>5971</VertexIdToRegister>
    <VertexIdToRegister>5972</VertexIdToRegister>
    <VertexIdToRegister>5974</VertexIdToRegister>
    <VertexIdToRegister>5975</VertexIdToRegister>
    <VertexIdToRegister>5976</VertexIdToRegister>
    <VertexIdToRegister>5978</VertexIdToRegister>
    <VertexIdToRegister>5979</VertexIdToRegister>
    <VertexIdToRegister>5980</VertexIdToRegister>
    <VertexIdToRegister>5982</VertexIdToRegister>
    <VertexIdToRegister>5983</VertexIdToRegister>
    <VertexIdToRegister>5984</VertexIdToRegister>
    <VertexIdToRegister>5986</VertexIdToRegister>
    <VertexIdToRegister>5987</VertexIdToRegister>
    <VertexIdToRegister>5988</VertexIdToRegister>
    <VertexIdToRegister>5990</VertexIdToRegister>
    <VertexIdToRegister>5991</VertexIdToRegister>
    <VertexIdToRegister>5992</VertexIdToRegister>
    <VertexIdToRegister>5994</VertexIdToRegister>
    <VertexIdToRegister>5995</VertexIdToRegister>
    <VertexIdToRegister>5996</VertexIdToRegister>
    <VertexIdToRegister>5998</VertexIdToRegister>
    <VertexIdToRegister>5999</VertexIdToRegister>
    <VertexIdToRegister>6000</VertexIdToRegister>
    <VertexIdToRegister>6002</VertexIdToRegister>
    <VertexIdToRegister>6003</VertexIdToRegister>
    <VertexIdToRegister>6004</VertexIdToRegister>
    <VertexIdToRegister>6006</VertexIdToRegister>
    <VertexIdToRegister>6007</VertexIdToRegister>
    <VertexIdToRegister>6008</VertexIdToRegister>
    <VertexIdToRegister>6010</VertexIdToRegister>
    <VertexIdToRegister>6011</VertexIdToRegister>
    <VertexIdToRegister>6012</VertexIdToRegister>
    <VertexIdToRegister>6101</VertexIdToRegister>
    <VertexIdToRegister>6105</VertexIdToRegister>
    <VertexIdToRegister>6119</VertexIdToRegister>
  </RegisterAssignments>
</Root>