<?xml version="1.0" encoding="utf-8" standalone="yes"?>
<Root>
  <processingTimeInMilliseconds>0.0</processingTimeInMilliseconds>
  <RegisterAssignments>
    <VertexIdToRegister>27</VertexIdToRegister>
    <VertexIdToRegister>367</VertexIdToRegister>
    <VertexIdToRegister>140</VertexIdToRegister>
    <VertexIdToRegister>225</VertexIdToRegister>
    <VertexIdToRegister>62</VertexIdToRegister>
    <VertexIdToRegister>53</VertexIdToRegister>
    <VertexIdToRegister>334</VertexIdToRegister>
    <VertexIdToRegister>116</VertexIdToRegister>
    <VertexIdToRegister>258</VertexIdToRegister>
    <VertexIdToRegister>169</VertexIdToRegister>
    <VertexIdToRegister>86</VertexIdToRegister>
    <VertexIdToRegister>291</VertexIdToRegister>
    <VertexIdToRegister>193</VertexIdToRegister>
    <VertexIdToRegister>156</VertexIdToRegister>
  </RegisterAssignments>
</Root>
