<?xml version="1.0" encoding="utf-8" standalone="yes"?>
<Root>
  <processingTimeInMilliseconds>1.0416</processingTimeInMilliseconds>
  <RegisterAssignments>
    <VertexIdToRegister>19</VertexIdToRegister>
    <VertexIdToRegister>22</VertexIdToRegister>
    <VertexIdToRegister>25</VertexIdToRegister>
    <VertexIdToRegister>26</VertexIdToRegister>
    <VertexIdToRegister>28</VertexIdToRegister>
    <VertexIdToRegister>31</VertexIdToRegister>
    <VertexIdToRegister>34</VertexIdToRegister>
    <VertexIdToRegister>37</VertexIdToRegister>
    <VertexIdToRegister>40</VertexIdToRegister>
    <VertexIdToRegister>62</VertexIdToRegister>
    <VertexIdToRegister>68</VertexIdToRegister>
    <VertexIdToRegister>71</VertexIdToRegister>
    <VertexIdToRegister>75</VertexIdToRegister>
    <VertexIdToRegister>76</VertexIdToRegister>
    <VertexIdToRegister>78</VertexIdToRegister>
    <VertexIdToRegister>79</VertexIdToRegister>
    <VertexIdToRegister>81</VertexIdToRegister>
    <VertexIdToRegister>82</VertexIdToRegister>
    <VertexIdToRegister>84</VertexIdToRegister>
    <VertexIdToRegister>85</VertexIdToRegister>
    <VertexIdToRegister>87</VertexIdToRegister>
    <VertexIdToRegister>134</VertexIdToRegister>
    <VertexIdToRegister>136</VertexIdToRegister>
    <VertexIdToRegister>138</VertexIdToRegister>
    <VertexIdToRegister>140</VertexIdToRegister>
    <VertexIdToRegister>354</VertexIdToRegister>
    <VertexIdToRegister>363</VertexIdToRegister>
    <VertexIdToRegister>522</VertexIdToRegister>
    <VertexIdToRegister>526</VertexIdToRegister>
    <VertexIdToRegister>758</VertexIdToRegister>
    <VertexIdToRegister>1187</VertexIdToRegister>
    <VertexIdToRegister>1188</VertexIdToRegister>
    <VertexIdToRegister>1189</VertexIdToRegister>
    <VertexIdToRegister>1194</VertexIdToRegister>
    <VertexIdToRegister>1195</VertexIdToRegister>
    <VertexIdToRegister>1196</VertexIdToRegister>
    <VertexIdToRegister>1201</VertexIdToRegister>
    <VertexIdToRegister>1202</VertexIdToRegister>
    <VertexIdToRegister>1203</VertexIdToRegister>
    <VertexIdToRegister>1208</VertexIdToRegister>
    <VertexIdToRegister>1209</VertexIdToRegister>
    <VertexIdToRegister>1210</VertexIdToRegister>
    <VertexIdToRegister>1226</VertexIdToRegister>
    <VertexIdToRegister>1230</VertexIdToRegister>
    <VertexIdToRegister>1231</VertexIdToRegister>
    <VertexIdToRegister>1233</VertexIdToRegister>
    <VertexIdToRegister>1234</VertexIdToRegister>
    <VertexIdToRegister>1236</VertexIdToRegister>
    <VertexIdToRegister>1237</VertexIdToRegister>
    <VertexIdToRegister>1239</VertexIdToRegister>
    <VertexIdToRegister>1240</VertexIdToRegister>
    <VertexIdToRegister>1265</VertexIdToRegister>
    <VertexIdToRegister>1269</VertexIdToRegister>
    <VertexIdToRegister>1273</VertexIdToRegister>
    <VertexIdToRegister>1277</VertexIdToRegister>
    <VertexIdToRegister>1293</VertexIdToRegister>
    <VertexIdToRegister>1302</VertexIdToRegister>
    <VertexIdToRegister>1327</VertexIdToRegister>
    <VertexIdToRegister>1335</VertexIdToRegister>
    <VertexIdToRegister>1361</VertexIdToRegister>
    <VertexIdToRegister>1369</VertexIdToRegister>
    <VertexIdToRegister>1377</VertexIdToRegister>
    <VertexIdToRegister>1388</VertexIdToRegister>
  </RegisterAssignments>
</Root>