<?xml version="1.0" encoding="utf-8" standalone="yes"?>
<Root>
  <processingTimeInMilliseconds>0.0772</processingTimeInMilliseconds>
  <RegisterAssignments>
    <VertexIdToRegister>54</VertexIdToRegister>
    <VertexIdToRegister>55</VertexIdToRegister>
    <VertexIdToRegister>56</VertexIdToRegister>
    <VertexIdToRegister>57</VertexIdToRegister>
    <VertexIdToRegister>66</VertexIdToRegister>
    <VertexIdToRegister>67</VertexIdToRegister>
    <VertexIdToRegister>68</VertexIdToRegister>
    <VertexIdToRegister>71</VertexIdToRegister>
    <VertexIdToRegister>72</VertexIdToRegister>
    <VertexIdToRegister>73</VertexIdToRegister>
    <VertexIdToRegister>74</VertexIdToRegister>
    <VertexIdToRegister>76</VertexIdToRegister>
    <VertexIdToRegister>77</VertexIdToRegister>
    <VertexIdToRegister>78</VertexIdToRegister>
    <VertexIdToRegister>79</VertexIdToRegister>
  </RegisterAssignments>
</Root>