<?xml version="1.0" encoding="utf-8" standalone="yes"?>
<Root>
  <processingTimeInMilliseconds>3.2297000000000002</processingTimeInMilliseconds>
  <RegisterAssignments>
    <VertexIdToRegister>5</VertexIdToRegister>
    <VertexIdToRegister>27</VertexIdToRegister>
    <VertexIdToRegister>45</VertexIdToRegister>
    <VertexIdToRegister>102</VertexIdToRegister>
    <VertexIdToRegister>103</VertexIdToRegister>
    <VertexIdToRegister>104</VertexIdToRegister>
    <VertexIdToRegister>179</VertexIdToRegister>
    <VertexIdToRegister>182</VertexIdToRegister>
    <VertexIdToRegister>185</VertexIdToRegister>
    <VertexIdToRegister>213</VertexIdToRegister>
    <VertexIdToRegister>214</VertexIdToRegister>
    <VertexIdToRegister>216</VertexIdToRegister>
    <VertexIdToRegister>217</VertexIdToRegister>
    <VertexIdToRegister>219</VertexIdToRegister>
    <VertexIdToRegister>220</VertexIdToRegister>
    <VertexIdToRegister>222</VertexIdToRegister>
    <VertexIdToRegister>223</VertexIdToRegister>
    <VertexIdToRegister>237</VertexIdToRegister>
    <VertexIdToRegister>240</VertexIdToRegister>
    <VertexIdToRegister>243</VertexIdToRegister>
    <VertexIdToRegister>293</VertexIdToRegister>
    <VertexIdToRegister>295</VertexIdToRegister>
    <VertexIdToRegister>296</VertexIdToRegister>
    <VertexIdToRegister>298</VertexIdToRegister>
    <VertexIdToRegister>299</VertexIdToRegister>
    <VertexIdToRegister>301</VertexIdToRegister>
    <VertexIdToRegister>302</VertexIdToRegister>
    <VertexIdToRegister>304</VertexIdToRegister>
    <VertexIdToRegister>305</VertexIdToRegister>
    <VertexIdToRegister>344</VertexIdToRegister>
    <VertexIdToRegister>345</VertexIdToRegister>
    <VertexIdToRegister>347</VertexIdToRegister>
    <VertexIdToRegister>348</VertexIdToRegister>
    <VertexIdToRegister>367</VertexIdToRegister>
  </RegisterAssignments>
</Root>