<?xml version="1.0" encoding="utf-8" standalone="yes"?>
<Root>
  <processingTimeInMilliseconds>0.0</processingTimeInMilliseconds>
  <RegisterAssignments>
    <VertexIdToRegister>536</VertexIdToRegister>
    <VertexIdToRegister>182</VertexIdToRegister>
    <VertexIdToRegister>1278</VertexIdToRegister>
    <VertexIdToRegister>942</VertexIdToRegister>
    <VertexIdToRegister>926</VertexIdToRegister>
    <VertexIdToRegister>476</VertexIdToRegister>
    <VertexIdToRegister>1248</VertexIdToRegister>
    <VertexIdToRegister>180</VertexIdToRegister>
    <VertexIdToRegister>1308</VertexIdToRegister>
    <VertexIdToRegister>1254</VertexIdToRegister>
    <VertexIdToRegister>1230</VertexIdToRegister>
    <VertexIdToRegister>872</VertexIdToRegister>
    <VertexIdToRegister>1302</VertexIdToRegister>
    <VertexIdToRegister>585</VertexIdToRegister>
    <VertexIdToRegister>966</VertexIdToRegister>
    <VertexIdToRegister>545</VertexIdToRegister>
    <VertexIdToRegister>960</VertexIdToRegister>
    <VertexIdToRegister>1299</VertexIdToRegister>
    <VertexIdToRegister>1296</VertexIdToRegister>
    <VertexIdToRegister>882</VertexIdToRegister>
    <VertexIdToRegister>1335</VertexIdToRegister>
    <VertexIdToRegister>186</VertexIdToRegister>
    <VertexIdToRegister>806</VertexIdToRegister>
    <VertexIdToRegister>178</VertexIdToRegister>
    <VertexIdToRegister>948</VertexIdToRegister>
    <VertexIdToRegister>542</VertexIdToRegister>
    <VertexIdToRegister>1287</VertexIdToRegister>
    <VertexIdToRegister>842</VertexIdToRegister>
    <VertexIdToRegister>1293</VertexIdToRegister>
    <VertexIdToRegister>884</VertexIdToRegister>
    <VertexIdToRegister>838</VertexIdToRegister>
    <VertexIdToRegister>742</VertexIdToRegister>
    <VertexIdToRegister>800</VertexIdToRegister>
    <VertexIdToRegister>329</VertexIdToRegister>
    <VertexIdToRegister>894</VertexIdToRegister>
    <VertexIdToRegister>301</VertexIdToRegister>
    <VertexIdToRegister>184</VertexIdToRegister>
    <VertexIdToRegister>589</VertexIdToRegister>
    <VertexIdToRegister>1314</VertexIdToRegister>
    <VertexIdToRegister>1290</VertexIdToRegister>
    <VertexIdToRegister>912</VertexIdToRegister>
    <VertexIdToRegister>1236</VertexIdToRegister>
    <VertexIdToRegister>317</VertexIdToRegister>
    <VertexIdToRegister>754</VertexIdToRegister>
    <VertexIdToRegister>964</VertexIdToRegister>
    <VertexIdToRegister>1260</VertexIdToRegister>
    <VertexIdToRegister>446</VertexIdToRegister>
    <VertexIdToRegister>962</VertexIdToRegister>
    <VertexIdToRegister>1305</VertexIdToRegister>
    <VertexIdToRegister>413</VertexIdToRegister>
    <VertexIdToRegister>1311</VertexIdToRegister>
    <VertexIdToRegister>950</VertexIdToRegister>
    <VertexIdToRegister>1242</VertexIdToRegister>
    <VertexIdToRegister>325</VertexIdToRegister>
    <VertexIdToRegister>551</VertexIdToRegister>
    <VertexIdToRegister>281</VertexIdToRegister>
    <VertexIdToRegister>828</VertexIdToRegister>
    <VertexIdToRegister>1284</VertexIdToRegister>
    <VertexIdToRegister>651</VertexIdToRegister>
    <VertexIdToRegister>958</VertexIdToRegister>
    <VertexIdToRegister>297</VertexIdToRegister>
    <VertexIdToRegister>900</VertexIdToRegister>
    <VertexIdToRegister>802</VertexIdToRegister>
    <VertexIdToRegister>816</VertexIdToRegister>
    <VertexIdToRegister>452</VertexIdToRegister>
    <VertexIdToRegister>824</VertexIdToRegister>
    <VertexIdToRegister>1338</VertexIdToRegister>
    <VertexIdToRegister>375</VertexIdToRegister>
    <VertexIdToRegister>491</VertexIdToRegister>
    <VertexIdToRegister>506</VertexIdToRegister>
    <VertexIdToRegister>515</VertexIdToRegister>
    <VertexIdToRegister>473</VertexIdToRegister>
    <VertexIdToRegister>938</VertexIdToRegister>
    <VertexIdToRegister>874</VertexIdToRegister>
    <VertexIdToRegister>930</VertexIdToRegister>
    <VertexIdToRegister>435</VertexIdToRegister>
    <VertexIdToRegister>908</VertexIdToRegister>
    <VertexIdToRegister>461</VertexIdToRegister>
    <VertexIdToRegister>810</VertexIdToRegister>
    <VertexIdToRegister>605</VertexIdToRegister>
    <VertexIdToRegister>776</VertexIdToRegister>
    <VertexIdToRegister>928</VertexIdToRegister>
    <VertexIdToRegister>932</VertexIdToRegister>
    <VertexIdToRegister>422</VertexIdToRegister>
    <VertexIdToRegister>820</VertexIdToRegister>
    <VertexIdToRegister>401</VertexIdToRegister>
    <VertexIdToRegister>569</VertexIdToRegister>
    <VertexIdToRegister>321</VertexIdToRegister>
    <VertexIdToRegister>866</VertexIdToRegister>
    <VertexIdToRegister>439</VertexIdToRegister>
    <VertexIdToRegister>764</VertexIdToRegister>
    <VertexIdToRegister>890</VertexIdToRegister>
    <VertexIdToRegister>916</VertexIdToRegister>
    <VertexIdToRegister>822</VertexIdToRegister>
    <VertexIdToRegister>804</VertexIdToRegister>
    <VertexIdToRegister>425</VertexIdToRegister>
    <VertexIdToRegister>892</VertexIdToRegister>
    <VertexIdToRegister>529</VertexIdToRegister>
    <VertexIdToRegister>443</VertexIdToRegister>
    <VertexIdToRegister>257</VertexIdToRegister>
    <VertexIdToRegister>640</VertexIdToRegister>
    <VertexIdToRegister>405</VertexIdToRegister>
    <VertexIdToRegister>852</VertexIdToRegister>
    <VertexIdToRegister>521</VertexIdToRegister>
  </RegisterAssignments>
</Root>
