<?xml version="1.0" encoding="utf-8" standalone="yes"?>
<Root>
  <processingTimeInMilliseconds>24.4784</processingTimeInMilliseconds>
  <RegisterAssignments>
    <VertexIdToRegister>2</VertexIdToRegister>
    <VertexIdToRegister>334</VertexIdToRegister>
    <VertexIdToRegister>338</VertexIdToRegister>
    <VertexIdToRegister>362</VertexIdToRegister>
    <VertexIdToRegister>366</VertexIdToRegister>
    <VertexIdToRegister>390</VertexIdToRegister>
    <VertexIdToRegister>394</VertexIdToRegister>
    <VertexIdToRegister>418</VertexIdToRegister>
    <VertexIdToRegister>422</VertexIdToRegister>
    <VertexIdToRegister>446</VertexIdToRegister>
    <VertexIdToRegister>450</VertexIdToRegister>
    <VertexIdToRegister>474</VertexIdToRegister>
    <VertexIdToRegister>478</VertexIdToRegister>
    <VertexIdToRegister>502</VertexIdToRegister>
    <VertexIdToRegister>506</VertexIdToRegister>
    <VertexIdToRegister>530</VertexIdToRegister>
    <VertexIdToRegister>534</VertexIdToRegister>
    <VertexIdToRegister>558</VertexIdToRegister>
    <VertexIdToRegister>562</VertexIdToRegister>
    <VertexIdToRegister>586</VertexIdToRegister>
    <VertexIdToRegister>590</VertexIdToRegister>
    <VertexIdToRegister>614</VertexIdToRegister>
    <VertexIdToRegister>618</VertexIdToRegister>
    <VertexIdToRegister>643</VertexIdToRegister>
  </RegisterAssignments>
</Root>