<?xml version="1.0" encoding="utf-8" standalone="yes"?>
<Root>
  <processingTimeInMilliseconds>1.4277</processingTimeInMilliseconds>
  <RegisterAssignments>
    <VertexIdToRegister>2</VertexIdToRegister>
    <VertexIdToRegister>114</VertexIdToRegister>
    <VertexIdToRegister>131</VertexIdToRegister>
    <VertexIdToRegister>132</VertexIdToRegister>
    <VertexIdToRegister>155</VertexIdToRegister>
    <VertexIdToRegister>171</VertexIdToRegister>
    <VertexIdToRegister>199</VertexIdToRegister>
    <VertexIdToRegister>207</VertexIdToRegister>
  </RegisterAssignments>
</Root>