<?xml version="1.0" encoding="utf-8" standalone="yes"?>
<Root>
  <processingTimeInMilliseconds>0.89260000000000006</processingTimeInMilliseconds>
  <RegisterAssignments>
    <VertexIdToRegister>20</VertexIdToRegister>
    <VertexIdToRegister>24</VertexIdToRegister>
    <VertexIdToRegister>42</VertexIdToRegister>
    <VertexIdToRegister>48</VertexIdToRegister>
    <VertexIdToRegister>69</VertexIdToRegister>
    <VertexIdToRegister>80</VertexIdToRegister>
    <VertexIdToRegister>83</VertexIdToRegister>
    <VertexIdToRegister>100</VertexIdToRegister>
    <VertexIdToRegister>107</VertexIdToRegister>
    <VertexIdToRegister>108</VertexIdToRegister>
    <VertexIdToRegister>128</VertexIdToRegister>
    <VertexIdToRegister>138</VertexIdToRegister>
    <VertexIdToRegister>145</VertexIdToRegister>
    <VertexIdToRegister>146</VertexIdToRegister>
    <VertexIdToRegister>166</VertexIdToRegister>
    <VertexIdToRegister>176</VertexIdToRegister>
    <VertexIdToRegister>183</VertexIdToRegister>
    <VertexIdToRegister>184</VertexIdToRegister>
    <VertexIdToRegister>204</VertexIdToRegister>
    <VertexIdToRegister>214</VertexIdToRegister>
    <VertexIdToRegister>221</VertexIdToRegister>
    <VertexIdToRegister>222</VertexIdToRegister>
    <VertexIdToRegister>242</VertexIdToRegister>
    <VertexIdToRegister>252</VertexIdToRegister>
    <VertexIdToRegister>259</VertexIdToRegister>
    <VertexIdToRegister>260</VertexIdToRegister>
    <VertexIdToRegister>280</VertexIdToRegister>
    <VertexIdToRegister>290</VertexIdToRegister>
    <VertexIdToRegister>297</VertexIdToRegister>
    <VertexIdToRegister>298</VertexIdToRegister>
    <VertexIdToRegister>318</VertexIdToRegister>
    <VertexIdToRegister>327</VertexIdToRegister>
    <VertexIdToRegister>328</VertexIdToRegister>
    <VertexIdToRegister>335</VertexIdToRegister>
    <VertexIdToRegister>336</VertexIdToRegister>
    <VertexIdToRegister>356</VertexIdToRegister>
    <VertexIdToRegister>366</VertexIdToRegister>
    <VertexIdToRegister>373</VertexIdToRegister>
    <VertexIdToRegister>374</VertexIdToRegister>
    <VertexIdToRegister>389</VertexIdToRegister>
    <VertexIdToRegister>395</VertexIdToRegister>
    <VertexIdToRegister>398</VertexIdToRegister>
    <VertexIdToRegister>399</VertexIdToRegister>
    <VertexIdToRegister>411</VertexIdToRegister>
    <VertexIdToRegister>417</VertexIdToRegister>
    <VertexIdToRegister>420</VertexIdToRegister>
    <VertexIdToRegister>421</VertexIdToRegister>
    <VertexIdToRegister>433</VertexIdToRegister>
    <VertexIdToRegister>439</VertexIdToRegister>
    <VertexIdToRegister>442</VertexIdToRegister>
    <VertexIdToRegister>443</VertexIdToRegister>
    <VertexIdToRegister>455</VertexIdToRegister>
    <VertexIdToRegister>460</VertexIdToRegister>
    <VertexIdToRegister>461</VertexIdToRegister>
    <VertexIdToRegister>464</VertexIdToRegister>
    <VertexIdToRegister>465</VertexIdToRegister>
    <VertexIdToRegister>477</VertexIdToRegister>
    <VertexIdToRegister>483</VertexIdToRegister>
    <VertexIdToRegister>486</VertexIdToRegister>
    <VertexIdToRegister>487</VertexIdToRegister>
    <VertexIdToRegister>499</VertexIdToRegister>
    <VertexIdToRegister>505</VertexIdToRegister>
    <VertexIdToRegister>508</VertexIdToRegister>
    <VertexIdToRegister>509</VertexIdToRegister>
    <VertexIdToRegister>521</VertexIdToRegister>
    <VertexIdToRegister>527</VertexIdToRegister>
    <VertexIdToRegister>530</VertexIdToRegister>
    <VertexIdToRegister>531</VertexIdToRegister>
    <VertexIdToRegister>543</VertexIdToRegister>
    <VertexIdToRegister>549</VertexIdToRegister>
    <VertexIdToRegister>552</VertexIdToRegister>
    <VertexIdToRegister>553</VertexIdToRegister>
    <VertexIdToRegister>565</VertexIdToRegister>
    <VertexIdToRegister>570</VertexIdToRegister>
    <VertexIdToRegister>571</VertexIdToRegister>
    <VertexIdToRegister>574</VertexIdToRegister>
    <VertexIdToRegister>575</VertexIdToRegister>
    <VertexIdToRegister>587</VertexIdToRegister>
    <VertexIdToRegister>593</VertexIdToRegister>
    <VertexIdToRegister>596</VertexIdToRegister>
    <VertexIdToRegister>597</VertexIdToRegister>
    <VertexIdToRegister>609</VertexIdToRegister>
    <VertexIdToRegister>615</VertexIdToRegister>
    <VertexIdToRegister>618</VertexIdToRegister>
    <VertexIdToRegister>619</VertexIdToRegister>
    <VertexIdToRegister>631</VertexIdToRegister>
    <VertexIdToRegister>637</VertexIdToRegister>
    <VertexIdToRegister>640</VertexIdToRegister>
    <VertexIdToRegister>641</VertexIdToRegister>
    <VertexIdToRegister>653</VertexIdToRegister>
    <VertexIdToRegister>659</VertexIdToRegister>
    <VertexIdToRegister>662</VertexIdToRegister>
    <VertexIdToRegister>663</VertexIdToRegister>
    <VertexIdToRegister>675</VertexIdToRegister>
    <VertexIdToRegister>680</VertexIdToRegister>
    <VertexIdToRegister>681</VertexIdToRegister>
    <VertexIdToRegister>684</VertexIdToRegister>
    <VertexIdToRegister>685</VertexIdToRegister>
    <VertexIdToRegister>697</VertexIdToRegister>
    <VertexIdToRegister>703</VertexIdToRegister>
    <VertexIdToRegister>706</VertexIdToRegister>
    <VertexIdToRegister>707</VertexIdToRegister>
    <VertexIdToRegister>719</VertexIdToRegister>
    <VertexIdToRegister>725</VertexIdToRegister>
    <VertexIdToRegister>728</VertexIdToRegister>
    <VertexIdToRegister>729</VertexIdToRegister>
    <VertexIdToRegister>741</VertexIdToRegister>
    <VertexIdToRegister>747</VertexIdToRegister>
    <VertexIdToRegister>750</VertexIdToRegister>
    <VertexIdToRegister>751</VertexIdToRegister>
    <VertexIdToRegister>763</VertexIdToRegister>
    <VertexIdToRegister>769</VertexIdToRegister>
    <VertexIdToRegister>772</VertexIdToRegister>
    <VertexIdToRegister>773</VertexIdToRegister>
    <VertexIdToRegister>785</VertexIdToRegister>
    <VertexIdToRegister>790</VertexIdToRegister>
    <VertexIdToRegister>791</VertexIdToRegister>
    <VertexIdToRegister>794</VertexIdToRegister>
    <VertexIdToRegister>795</VertexIdToRegister>
    <VertexIdToRegister>807</VertexIdToRegister>
    <VertexIdToRegister>813</VertexIdToRegister>
    <VertexIdToRegister>816</VertexIdToRegister>
    <VertexIdToRegister>817</VertexIdToRegister>
    <VertexIdToRegister>829</VertexIdToRegister>
    <VertexIdToRegister>835</VertexIdToRegister>
    <VertexIdToRegister>838</VertexIdToRegister>
    <VertexIdToRegister>839</VertexIdToRegister>
    <VertexIdToRegister>851</VertexIdToRegister>
    <VertexIdToRegister>857</VertexIdToRegister>
    <VertexIdToRegister>860</VertexIdToRegister>
    <VertexIdToRegister>861</VertexIdToRegister>
    <VertexIdToRegister>873</VertexIdToRegister>
    <VertexIdToRegister>879</VertexIdToRegister>
    <VertexIdToRegister>882</VertexIdToRegister>
    <VertexIdToRegister>883</VertexIdToRegister>
    <VertexIdToRegister>895</VertexIdToRegister>
    <VertexIdToRegister>900</VertexIdToRegister>
    <VertexIdToRegister>901</VertexIdToRegister>
    <VertexIdToRegister>904</VertexIdToRegister>
    <VertexIdToRegister>905</VertexIdToRegister>
    <VertexIdToRegister>917</VertexIdToRegister>
    <VertexIdToRegister>923</VertexIdToRegister>
    <VertexIdToRegister>926</VertexIdToRegister>
    <VertexIdToRegister>927</VertexIdToRegister>
    <VertexIdToRegister>939</VertexIdToRegister>
    <VertexIdToRegister>945</VertexIdToRegister>
    <VertexIdToRegister>948</VertexIdToRegister>
    <VertexIdToRegister>949</VertexIdToRegister>
    <VertexIdToRegister>961</VertexIdToRegister>
    <VertexIdToRegister>967</VertexIdToRegister>
    <VertexIdToRegister>970</VertexIdToRegister>
    <VertexIdToRegister>971</VertexIdToRegister>
    <VertexIdToRegister>983</VertexIdToRegister>
    <VertexIdToRegister>989</VertexIdToRegister>
    <VertexIdToRegister>992</VertexIdToRegister>
    <VertexIdToRegister>993</VertexIdToRegister>
    <VertexIdToRegister>1005</VertexIdToRegister>
    <VertexIdToRegister>1010</VertexIdToRegister>
    <VertexIdToRegister>1011</VertexIdToRegister>
    <VertexIdToRegister>1014</VertexIdToRegister>
    <VertexIdToRegister>1015</VertexIdToRegister>
    <VertexIdToRegister>1027</VertexIdToRegister>
    <VertexIdToRegister>1033</VertexIdToRegister>
    <VertexIdToRegister>1036</VertexIdToRegister>
    <VertexIdToRegister>1037</VertexIdToRegister>
    <VertexIdToRegister>1044</VertexIdToRegister>
    <VertexIdToRegister>1054</VertexIdToRegister>
  </RegisterAssignments>
</Root>