<?xml version="1.0" encoding="utf-8" standalone="yes"?>
<Root>
  <processingTimeInMilliseconds>0.0</processingTimeInMilliseconds>
  <RegisterAssignments>
    <VertexIdToRegister>1552</VertexIdToRegister>
    <VertexIdToRegister>127</VertexIdToRegister>
    <VertexIdToRegister>1406</VertexIdToRegister>
    <VertexIdToRegister>1564</VertexIdToRegister>
    <VertexIdToRegister>133</VertexIdToRegister>
    <VertexIdToRegister>1556</VertexIdToRegister>
    <VertexIdToRegister>1548</VertexIdToRegister>
    <VertexIdToRegister>121</VertexIdToRegister>
    <VertexIdToRegister>1400</VertexIdToRegister>
    <VertexIdToRegister>1403</VertexIdToRegister>
    <VertexIdToRegister>115</VertexIdToRegister>
    <VertexIdToRegister>1397</VertexIdToRegister>
    <VertexIdToRegister>102</VertexIdToRegister>
    <VertexIdToRegister>145</VertexIdToRegister>
    <VertexIdToRegister>1544</VertexIdToRegister>
    <VertexIdToRegister>1572</VertexIdToRegister>
    <VertexIdToRegister>244</VertexIdToRegister>
    <VertexIdToRegister>1568</VertexIdToRegister>
    <VertexIdToRegister>151</VertexIdToRegister>
    <VertexIdToRegister>1560</VertexIdToRegister>
    <VertexIdToRegister>253</VertexIdToRegister>
    <VertexIdToRegister>1301</VertexIdToRegister>
    <VertexIdToRegister>1416</VertexIdToRegister>
    <VertexIdToRegister>1297</VertexIdToRegister>
    <VertexIdToRegister>1417</VertexIdToRegister>
  </RegisterAssignments>
</Root>
