<?xml version="1.0" encoding="utf-8" standalone="yes"?>
<Root>
  <processingTimeInMilliseconds>131.5317</processingTimeInMilliseconds>
  <RegisterAssignments>
    <VertexIdToRegister>21</VertexIdToRegister>
    <VertexIdToRegister>23</VertexIdToRegister>
    <VertexIdToRegister>600</VertexIdToRegister>
    <VertexIdToRegister>991</VertexIdToRegister>
    <VertexIdToRegister>994</VertexIdToRegister>
    <VertexIdToRegister>997</VertexIdToRegister>
    <VertexIdToRegister>1065</VertexIdToRegister>
    <VertexIdToRegister>1133</VertexIdToRegister>
    <VertexIdToRegister>1968</VertexIdToRegister>
    <VertexIdToRegister>4212</VertexIdToRegister>
    <VertexIdToRegister>4216</VertexIdToRegister>
    <VertexIdToRegister>4220</VertexIdToRegister>
    <VertexIdToRegister>4224</VertexIdToRegister>
    <VertexIdToRegister>4228</VertexIdToRegister>
    <VertexIdToRegister>4232</VertexIdToRegister>
    <VertexIdToRegister>4236</VertexIdToRegister>
    <VertexIdToRegister>4240</VertexIdToRegister>
    <VertexIdToRegister>4244</VertexIdToRegister>
    <VertexIdToRegister>4248</VertexIdToRegister>
    <VertexIdToRegister>4252</VertexIdToRegister>
    <VertexIdToRegister>4256</VertexIdToRegister>
    <VertexIdToRegister>4260</VertexIdToRegister>
    <VertexIdToRegister>4264</VertexIdToRegister>
    <VertexIdToRegister>4268</VertexIdToRegister>
    <VertexIdToRegister>4272</VertexIdToRegister>
    <VertexIdToRegister>4276</VertexIdToRegister>
    <VertexIdToRegister>4280</VertexIdToRegister>
    <VertexIdToRegister>4284</VertexIdToRegister>
    <VertexIdToRegister>4288</VertexIdToRegister>
    <VertexIdToRegister>4292</VertexIdToRegister>
    <VertexIdToRegister>4296</VertexIdToRegister>
    <VertexIdToRegister>4300</VertexIdToRegister>
    <VertexIdToRegister>4304</VertexIdToRegister>
    <VertexIdToRegister>4308</VertexIdToRegister>
    <VertexIdToRegister>4312</VertexIdToRegister>
    <VertexIdToRegister>4316</VertexIdToRegister>
    <VertexIdToRegister>4320</VertexIdToRegister>
    <VertexIdToRegister>4324</VertexIdToRegister>
    <VertexIdToRegister>4328</VertexIdToRegister>
    <VertexIdToRegister>4332</VertexIdToRegister>
    <VertexIdToRegister>4336</VertexIdToRegister>
    <VertexIdToRegister>4340</VertexIdToRegister>
    <VertexIdToRegister>4344</VertexIdToRegister>
    <VertexIdToRegister>4348</VertexIdToRegister>
    <VertexIdToRegister>4352</VertexIdToRegister>
    <VertexIdToRegister>4356</VertexIdToRegister>
    <VertexIdToRegister>4360</VertexIdToRegister>
    <VertexIdToRegister>4364</VertexIdToRegister>
    <VertexIdToRegister>4368</VertexIdToRegister>
    <VertexIdToRegister>4372</VertexIdToRegister>
    <VertexIdToRegister>4376</VertexIdToRegister>
    <VertexIdToRegister>4380</VertexIdToRegister>
    <VertexIdToRegister>4384</VertexIdToRegister>
    <VertexIdToRegister>4388</VertexIdToRegister>
    <VertexIdToRegister>4392</VertexIdToRegister>
    <VertexIdToRegister>4396</VertexIdToRegister>
    <VertexIdToRegister>4400</VertexIdToRegister>
    <VertexIdToRegister>4404</VertexIdToRegister>
    <VertexIdToRegister>4408</VertexIdToRegister>
    <VertexIdToRegister>4412</VertexIdToRegister>
    <VertexIdToRegister>4416</VertexIdToRegister>
    <VertexIdToRegister>4420</VertexIdToRegister>
    <VertexIdToRegister>4424</VertexIdToRegister>
    <VertexIdToRegister>4428</VertexIdToRegister>
    <VertexIdToRegister>4432</VertexIdToRegister>
    <VertexIdToRegister>4436</VertexIdToRegister>
    <VertexIdToRegister>4440</VertexIdToRegister>
    <VertexIdToRegister>4444</VertexIdToRegister>
    <VertexIdToRegister>4448</VertexIdToRegister>
    <VertexIdToRegister>4452</VertexIdToRegister>
    <VertexIdToRegister>4456</VertexIdToRegister>
    <VertexIdToRegister>4464</VertexIdToRegister>
    <VertexIdToRegister>5811</VertexIdToRegister>
    <VertexIdToRegister>5815</VertexIdToRegister>
    <VertexIdToRegister>5819</VertexIdToRegister>
    <VertexIdToRegister>5823</VertexIdToRegister>
    <VertexIdToRegister>5830</VertexIdToRegister>
    <VertexIdToRegister>5834</VertexIdToRegister>
    <VertexIdToRegister>5838</VertexIdToRegister>
    <VertexIdToRegister>5842</VertexIdToRegister>
    <VertexIdToRegister>5849</VertexIdToRegister>
    <VertexIdToRegister>5853</VertexIdToRegister>
    <VertexIdToRegister>5857</VertexIdToRegister>
    <VertexIdToRegister>5861</VertexIdToRegister>
    <VertexIdToRegister>5868</VertexIdToRegister>
    <VertexIdToRegister>5872</VertexIdToRegister>
    <VertexIdToRegister>5876</VertexIdToRegister>
    <VertexIdToRegister>5880</VertexIdToRegister>
    <VertexIdToRegister>5887</VertexIdToRegister>
    <VertexIdToRegister>5891</VertexIdToRegister>
    <VertexIdToRegister>5895</VertexIdToRegister>
    <VertexIdToRegister>5899</VertexIdToRegister>
    <VertexIdToRegister>5906</VertexIdToRegister>
    <VertexIdToRegister>5910</VertexIdToRegister>
    <VertexIdToRegister>5914</VertexIdToRegister>
    <VertexIdToRegister>5918</VertexIdToRegister>
    <VertexIdToRegister>5925</VertexIdToRegister>
    <VertexIdToRegister>5929</VertexIdToRegister>
    <VertexIdToRegister>5933</VertexIdToRegister>
    <VertexIdToRegister>5937</VertexIdToRegister>
    <VertexIdToRegister>5944</VertexIdToRegister>
    <VertexIdToRegister>5948</VertexIdToRegister>
    <VertexIdToRegister>5952</VertexIdToRegister>
    <VertexIdToRegister>5956</VertexIdToRegister>
    <VertexIdToRegister>5963</VertexIdToRegister>
    <VertexIdToRegister>5967</VertexIdToRegister>
    <VertexIdToRegister>5971</VertexIdToRegister>
    <VertexIdToRegister>5975</VertexIdToRegister>
    <VertexIdToRegister>5982</VertexIdToRegister>
    <VertexIdToRegister>5986</VertexIdToRegister>
    <VertexIdToRegister>5990</VertexIdToRegister>
    <VertexIdToRegister>5994</VertexIdToRegister>
    <VertexIdToRegister>6001</VertexIdToRegister>
    <VertexIdToRegister>6005</VertexIdToRegister>
    <VertexIdToRegister>6009</VertexIdToRegister>
    <VertexIdToRegister>6013</VertexIdToRegister>
    <VertexIdToRegister>6020</VertexIdToRegister>
    <VertexIdToRegister>6024</VertexIdToRegister>
    <VertexIdToRegister>6028</VertexIdToRegister>
    <VertexIdToRegister>6032</VertexIdToRegister>
    <VertexIdToRegister>6039</VertexIdToRegister>
    <VertexIdToRegister>6043</VertexIdToRegister>
    <VertexIdToRegister>6047</VertexIdToRegister>
    <VertexIdToRegister>6051</VertexIdToRegister>
    <VertexIdToRegister>6058</VertexIdToRegister>
    <VertexIdToRegister>6062</VertexIdToRegister>
    <VertexIdToRegister>6066</VertexIdToRegister>
    <VertexIdToRegister>6070</VertexIdToRegister>
    <VertexIdToRegister>6077</VertexIdToRegister>
    <VertexIdToRegister>6081</VertexIdToRegister>
    <VertexIdToRegister>6085</VertexIdToRegister>
    <VertexIdToRegister>6089</VertexIdToRegister>
    <VertexIdToRegister>6096</VertexIdToRegister>
    <VertexIdToRegister>6100</VertexIdToRegister>
    <VertexIdToRegister>6104</VertexIdToRegister>
    <VertexIdToRegister>6108</VertexIdToRegister>
    <VertexIdToRegister>6115</VertexIdToRegister>
    <VertexIdToRegister>6119</VertexIdToRegister>
    <VertexIdToRegister>6123</VertexIdToRegister>
    <VertexIdToRegister>6127</VertexIdToRegister>
    <VertexIdToRegister>6134</VertexIdToRegister>
    <VertexIdToRegister>6138</VertexIdToRegister>
    <VertexIdToRegister>6142</VertexIdToRegister>
    <VertexIdToRegister>6146</VertexIdToRegister>
    <VertexIdToRegister>6153</VertexIdToRegister>
    <VertexIdToRegister>6157</VertexIdToRegister>
    <VertexIdToRegister>6161</VertexIdToRegister>
    <VertexIdToRegister>6165</VertexIdToRegister>
    <VertexIdToRegister>6172</VertexIdToRegister>
    <VertexIdToRegister>6176</VertexIdToRegister>
    <VertexIdToRegister>6180</VertexIdToRegister>
    <VertexIdToRegister>6184</VertexIdToRegister>
    <VertexIdToRegister>6191</VertexIdToRegister>
    <VertexIdToRegister>6195</VertexIdToRegister>
    <VertexIdToRegister>6199</VertexIdToRegister>
    <VertexIdToRegister>6203</VertexIdToRegister>
    <VertexIdToRegister>6210</VertexIdToRegister>
    <VertexIdToRegister>6214</VertexIdToRegister>
    <VertexIdToRegister>6218</VertexIdToRegister>
    <VertexIdToRegister>6222</VertexIdToRegister>
    <VertexIdToRegister>6229</VertexIdToRegister>
    <VertexIdToRegister>6233</VertexIdToRegister>
    <VertexIdToRegister>6237</VertexIdToRegister>
    <VertexIdToRegister>6241</VertexIdToRegister>
    <VertexIdToRegister>6248</VertexIdToRegister>
    <VertexIdToRegister>6252</VertexIdToRegister>
    <VertexIdToRegister>6256</VertexIdToRegister>
    <VertexIdToRegister>6260</VertexIdToRegister>
    <VertexIdToRegister>6267</VertexIdToRegister>
    <VertexIdToRegister>6271</VertexIdToRegister>
    <VertexIdToRegister>6275</VertexIdToRegister>
    <VertexIdToRegister>6279</VertexIdToRegister>
    <VertexIdToRegister>6286</VertexIdToRegister>
    <VertexIdToRegister>6290</VertexIdToRegister>
    <VertexIdToRegister>6294</VertexIdToRegister>
    <VertexIdToRegister>6298</VertexIdToRegister>
    <VertexIdToRegister>6305</VertexIdToRegister>
    <VertexIdToRegister>6309</VertexIdToRegister>
    <VertexIdToRegister>6313</VertexIdToRegister>
    <VertexIdToRegister>6317</VertexIdToRegister>
    <VertexIdToRegister>6324</VertexIdToRegister>
    <VertexIdToRegister>6328</VertexIdToRegister>
    <VertexIdToRegister>6332</VertexIdToRegister>
    <VertexIdToRegister>6336</VertexIdToRegister>
    <VertexIdToRegister>6343</VertexIdToRegister>
    <VertexIdToRegister>6347</VertexIdToRegister>
    <VertexIdToRegister>6351</VertexIdToRegister>
    <VertexIdToRegister>6355</VertexIdToRegister>
    <VertexIdToRegister>6362</VertexIdToRegister>
    <VertexIdToRegister>6366</VertexIdToRegister>
    <VertexIdToRegister>6370</VertexIdToRegister>
    <VertexIdToRegister>6374</VertexIdToRegister>
    <VertexIdToRegister>6381</VertexIdToRegister>
    <VertexIdToRegister>6385</VertexIdToRegister>
    <VertexIdToRegister>6389</VertexIdToRegister>
    <VertexIdToRegister>6393</VertexIdToRegister>
    <VertexIdToRegister>6400</VertexIdToRegister>
    <VertexIdToRegister>6404</VertexIdToRegister>
    <VertexIdToRegister>6408</VertexIdToRegister>
    <VertexIdToRegister>6412</VertexIdToRegister>
    <VertexIdToRegister>6795</VertexIdToRegister>
    <VertexIdToRegister>6829</VertexIdToRegister>
    <VertexIdToRegister>6830</VertexIdToRegister>
    <VertexIdToRegister>6864</VertexIdToRegister>
    <VertexIdToRegister>6865</VertexIdToRegister>
    <VertexIdToRegister>6899</VertexIdToRegister>
    <VertexIdToRegister>6900</VertexIdToRegister>
    <VertexIdToRegister>6934</VertexIdToRegister>
    <VertexIdToRegister>6935</VertexIdToRegister>
    <VertexIdToRegister>6969</VertexIdToRegister>
    <VertexIdToRegister>6970</VertexIdToRegister>
    <VertexIdToRegister>7004</VertexIdToRegister>
    <VertexIdToRegister>7005</VertexIdToRegister>
    <VertexIdToRegister>7039</VertexIdToRegister>
    <VertexIdToRegister>7040</VertexIdToRegister>
    <VertexIdToRegister>7068</VertexIdToRegister>
    <VertexIdToRegister>7069</VertexIdToRegister>
    <VertexIdToRegister>7140</VertexIdToRegister>
    <VertexIdToRegister>7141</VertexIdToRegister>
    <VertexIdToRegister>7142</VertexIdToRegister>
    <VertexIdToRegister>7143</VertexIdToRegister>
    <VertexIdToRegister>7144</VertexIdToRegister>
    <VertexIdToRegister>7145</VertexIdToRegister>
    <VertexIdToRegister>7146</VertexIdToRegister>
    <VertexIdToRegister>7147</VertexIdToRegister>
    <VertexIdToRegister>7148</VertexIdToRegister>
    <VertexIdToRegister>7149</VertexIdToRegister>
    <VertexIdToRegister>7150</VertexIdToRegister>
    <VertexIdToRegister>7151</VertexIdToRegister>
    <VertexIdToRegister>7152</VertexIdToRegister>
    <VertexIdToRegister>7153</VertexIdToRegister>
    <VertexIdToRegister>7154</VertexIdToRegister>
    <VertexIdToRegister>7155</VertexIdToRegister>
    <VertexIdToRegister>7156</VertexIdToRegister>
    <VertexIdToRegister>7157</VertexIdToRegister>
    <VertexIdToRegister>7158</VertexIdToRegister>
    <VertexIdToRegister>7159</VertexIdToRegister>
    <VertexIdToRegister>7160</VertexIdToRegister>
    <VertexIdToRegister>7161</VertexIdToRegister>
    <VertexIdToRegister>7162</VertexIdToRegister>
    <VertexIdToRegister>7163</VertexIdToRegister>
    <VertexIdToRegister>7164</VertexIdToRegister>
    <VertexIdToRegister>7165</VertexIdToRegister>
    <VertexIdToRegister>7166</VertexIdToRegister>
    <VertexIdToRegister>7167</VertexIdToRegister>
    <VertexIdToRegister>7168</VertexIdToRegister>
    <VertexIdToRegister>7169</VertexIdToRegister>
    <VertexIdToRegister>7170</VertexIdToRegister>
    <VertexIdToRegister>7171</VertexIdToRegister>
    <VertexIdToRegister>7172</VertexIdToRegister>
    <VertexIdToRegister>7173</VertexIdToRegister>
    <VertexIdToRegister>7174</VertexIdToRegister>
    <VertexIdToRegister>7175</VertexIdToRegister>
    <VertexIdToRegister>7176</VertexIdToRegister>
    <VertexIdToRegister>7177</VertexIdToRegister>
    <VertexIdToRegister>7178</VertexIdToRegister>
    <VertexIdToRegister>7179</VertexIdToRegister>
    <VertexIdToRegister>7180</VertexIdToRegister>
    <VertexIdToRegister>7181</VertexIdToRegister>
    <VertexIdToRegister>7182</VertexIdToRegister>
    <VertexIdToRegister>7183</VertexIdToRegister>
    <VertexIdToRegister>7184</VertexIdToRegister>
    <VertexIdToRegister>7185</VertexIdToRegister>
    <VertexIdToRegister>7186</VertexIdToRegister>
    <VertexIdToRegister>7187</VertexIdToRegister>
    <VertexIdToRegister>7188</VertexIdToRegister>
    <VertexIdToRegister>7189</VertexIdToRegister>
    <VertexIdToRegister>7190</VertexIdToRegister>
    <VertexIdToRegister>7191</VertexIdToRegister>
    <VertexIdToRegister>7192</VertexIdToRegister>
    <VertexIdToRegister>7193</VertexIdToRegister>
    <VertexIdToRegister>7194</VertexIdToRegister>
    <VertexIdToRegister>7195</VertexIdToRegister>
    <VertexIdToRegister>7196</VertexIdToRegister>
    <VertexIdToRegister>7197</VertexIdToRegister>
    <VertexIdToRegister>7198</VertexIdToRegister>
    <VertexIdToRegister>7199</VertexIdToRegister>
    <VertexIdToRegister>7200</VertexIdToRegister>
    <VertexIdToRegister>7201</VertexIdToRegister>
    <VertexIdToRegister>7202</VertexIdToRegister>
    <VertexIdToRegister>7203</VertexIdToRegister>
    <VertexIdToRegister>7213</VertexIdToRegister>
    <VertexIdToRegister>7287</VertexIdToRegister>
    <VertexIdToRegister>7292</VertexIdToRegister>
    <VertexIdToRegister>7293</VertexIdToRegister>
    <VertexIdToRegister>7305</VertexIdToRegister>
  </RegisterAssignments>
</Root>