<?xml version="1.0" encoding="utf-8" standalone="yes"?>
<Root>
  <processingTimeInMilliseconds>46.9255</processingTimeInMilliseconds>
  <RegisterAssignments>
    <VertexIdToRegister>29</VertexIdToRegister>
    <VertexIdToRegister>31</VertexIdToRegister>
    <VertexIdToRegister>80</VertexIdToRegister>
    <VertexIdToRegister>85</VertexIdToRegister>
    <VertexIdToRegister>678</VertexIdToRegister>
    <VertexIdToRegister>679</VertexIdToRegister>
    <VertexIdToRegister>680</VertexIdToRegister>
    <VertexIdToRegister>681</VertexIdToRegister>
    <VertexIdToRegister>682</VertexIdToRegister>
    <VertexIdToRegister>683</VertexIdToRegister>
    <VertexIdToRegister>684</VertexIdToRegister>
    <VertexIdToRegister>685</VertexIdToRegister>
    <VertexIdToRegister>686</VertexIdToRegister>
    <VertexIdToRegister>687</VertexIdToRegister>
    <VertexIdToRegister>688</VertexIdToRegister>
    <VertexIdToRegister>689</VertexIdToRegister>
    <VertexIdToRegister>690</VertexIdToRegister>
    <VertexIdToRegister>691</VertexIdToRegister>
    <VertexIdToRegister>692</VertexIdToRegister>
    <VertexIdToRegister>693</VertexIdToRegister>
    <VertexIdToRegister>694</VertexIdToRegister>
    <VertexIdToRegister>695</VertexIdToRegister>
    <VertexIdToRegister>696</VertexIdToRegister>
    <VertexIdToRegister>697</VertexIdToRegister>
    <VertexIdToRegister>698</VertexIdToRegister>
    <VertexIdToRegister>699</VertexIdToRegister>
    <VertexIdToRegister>700</VertexIdToRegister>
    <VertexIdToRegister>701</VertexIdToRegister>
    <VertexIdToRegister>702</VertexIdToRegister>
    <VertexIdToRegister>703</VertexIdToRegister>
    <VertexIdToRegister>704</VertexIdToRegister>
    <VertexIdToRegister>705</VertexIdToRegister>
    <VertexIdToRegister>706</VertexIdToRegister>
    <VertexIdToRegister>707</VertexIdToRegister>
    <VertexIdToRegister>708</VertexIdToRegister>
    <VertexIdToRegister>709</VertexIdToRegister>
    <VertexIdToRegister>1050</VertexIdToRegister>
    <VertexIdToRegister>1178</VertexIdToRegister>
    <VertexIdToRegister>1179</VertexIdToRegister>
    <VertexIdToRegister>1180</VertexIdToRegister>
    <VertexIdToRegister>1181</VertexIdToRegister>
    <VertexIdToRegister>1182</VertexIdToRegister>
    <VertexIdToRegister>1183</VertexIdToRegister>
    <VertexIdToRegister>1184</VertexIdToRegister>
    <VertexIdToRegister>1185</VertexIdToRegister>
    <VertexIdToRegister>1186</VertexIdToRegister>
    <VertexIdToRegister>1187</VertexIdToRegister>
    <VertexIdToRegister>1188</VertexIdToRegister>
    <VertexIdToRegister>1189</VertexIdToRegister>
    <VertexIdToRegister>1190</VertexIdToRegister>
    <VertexIdToRegister>1191</VertexIdToRegister>
    <VertexIdToRegister>1192</VertexIdToRegister>
    <VertexIdToRegister>1193</VertexIdToRegister>
    <VertexIdToRegister>1194</VertexIdToRegister>
    <VertexIdToRegister>1195</VertexIdToRegister>
    <VertexIdToRegister>1196</VertexIdToRegister>
    <VertexIdToRegister>1197</VertexIdToRegister>
    <VertexIdToRegister>1198</VertexIdToRegister>
    <VertexIdToRegister>1199</VertexIdToRegister>
    <VertexIdToRegister>1200</VertexIdToRegister>
    <VertexIdToRegister>1201</VertexIdToRegister>
    <VertexIdToRegister>1202</VertexIdToRegister>
    <VertexIdToRegister>1203</VertexIdToRegister>
    <VertexIdToRegister>1204</VertexIdToRegister>
    <VertexIdToRegister>1205</VertexIdToRegister>
    <VertexIdToRegister>1206</VertexIdToRegister>
    <VertexIdToRegister>1207</VertexIdToRegister>
    <VertexIdToRegister>1208</VertexIdToRegister>
    <VertexIdToRegister>1209</VertexIdToRegister>
    <VertexIdToRegister>1280</VertexIdToRegister>
    <VertexIdToRegister>1284</VertexIdToRegister>
    <VertexIdToRegister>1288</VertexIdToRegister>
    <VertexIdToRegister>1405</VertexIdToRegister>
    <VertexIdToRegister>1408</VertexIdToRegister>
    <VertexIdToRegister>1529</VertexIdToRegister>
    <VertexIdToRegister>1533</VertexIdToRegister>
    <VertexIdToRegister>1624</VertexIdToRegister>
    <VertexIdToRegister>1627</VertexIdToRegister>
    <VertexIdToRegister>1670</VertexIdToRegister>
    <VertexIdToRegister>1678</VertexIdToRegister>
    <VertexIdToRegister>1686</VertexIdToRegister>
    <VertexIdToRegister>1694</VertexIdToRegister>
    <VertexIdToRegister>1757</VertexIdToRegister>
    <VertexIdToRegister>1765</VertexIdToRegister>
    <VertexIdToRegister>1773</VertexIdToRegister>
    <VertexIdToRegister>1781</VertexIdToRegister>
    <VertexIdToRegister>1792</VertexIdToRegister>
    <VertexIdToRegister>1800</VertexIdToRegister>
    <VertexIdToRegister>1808</VertexIdToRegister>
    <VertexIdToRegister>1816</VertexIdToRegister>
    <VertexIdToRegister>1819</VertexIdToRegister>
    <VertexIdToRegister>1820</VertexIdToRegister>
    <VertexIdToRegister>1822</VertexIdToRegister>
    <VertexIdToRegister>1824</VertexIdToRegister>
    <VertexIdToRegister>1826</VertexIdToRegister>
    <VertexIdToRegister>1828</VertexIdToRegister>
    <VertexIdToRegister>1830</VertexIdToRegister>
    <VertexIdToRegister>1863</VertexIdToRegister>
    <VertexIdToRegister>1900</VertexIdToRegister>
  </RegisterAssignments>
</Root>