<?xml version="1.0" encoding="utf-8" standalone="yes"?>
<Root>
  <processingTimeInMilliseconds>0.26940000000000003</processingTimeInMilliseconds>
  <RegisterAssignments>
    <VertexIdToRegister>37</VertexIdToRegister>
    <VertexIdToRegister>41</VertexIdToRegister>
    <VertexIdToRegister>67</VertexIdToRegister>
    <VertexIdToRegister>69</VertexIdToRegister>
    <VertexIdToRegister>81</VertexIdToRegister>
    <VertexIdToRegister>90</VertexIdToRegister>
    <VertexIdToRegister>123</VertexIdToRegister>
    <VertexIdToRegister>153</VertexIdToRegister>
    <VertexIdToRegister>186</VertexIdToRegister>
    <VertexIdToRegister>192</VertexIdToRegister>
    <VertexIdToRegister>198</VertexIdToRegister>
    <VertexIdToRegister>205</VertexIdToRegister>
    <VertexIdToRegister>215</VertexIdToRegister>
    <VertexIdToRegister>219</VertexIdToRegister>
    <VertexIdToRegister>222</VertexIdToRegister>
    <VertexIdToRegister>225</VertexIdToRegister>
  </RegisterAssignments>
</Root>