<?xml version="1.0" encoding="utf-8" standalone="yes"?>
<Root>
  <processingTimeInMilliseconds>6.556</processingTimeInMilliseconds>
  <RegisterAssignments>
    <VertexIdToRegister>804</VertexIdToRegister>
    <VertexIdToRegister>806</VertexIdToRegister>
    <VertexIdToRegister>811</VertexIdToRegister>
    <VertexIdToRegister>813</VertexIdToRegister>
    <VertexIdToRegister>818</VertexIdToRegister>
    <VertexIdToRegister>820</VertexIdToRegister>
    <VertexIdToRegister>825</VertexIdToRegister>
    <VertexIdToRegister>827</VertexIdToRegister>
    <VertexIdToRegister>979</VertexIdToRegister>
    <VertexIdToRegister>1179</VertexIdToRegister>
    <VertexIdToRegister>1187</VertexIdToRegister>
    <VertexIdToRegister>1197</VertexIdToRegister>
    <VertexIdToRegister>1207</VertexIdToRegister>
    <VertexIdToRegister>1213</VertexIdToRegister>
    <VertexIdToRegister>3382</VertexIdToRegister>
    <VertexIdToRegister>3383</VertexIdToRegister>
    <VertexIdToRegister>3384</VertexIdToRegister>
    <VertexIdToRegister>3389</VertexIdToRegister>
    <VertexIdToRegister>3390</VertexIdToRegister>
    <VertexIdToRegister>3391</VertexIdToRegister>
    <VertexIdToRegister>3396</VertexIdToRegister>
    <VertexIdToRegister>3397</VertexIdToRegister>
    <VertexIdToRegister>3398</VertexIdToRegister>
    <VertexIdToRegister>3403</VertexIdToRegister>
    <VertexIdToRegister>3404</VertexIdToRegister>
    <VertexIdToRegister>3405</VertexIdToRegister>
    <VertexIdToRegister>3410</VertexIdToRegister>
    <VertexIdToRegister>3411</VertexIdToRegister>
    <VertexIdToRegister>3412</VertexIdToRegister>
    <VertexIdToRegister>3417</VertexIdToRegister>
    <VertexIdToRegister>3418</VertexIdToRegister>
    <VertexIdToRegister>3419</VertexIdToRegister>
    <VertexIdToRegister>3424</VertexIdToRegister>
    <VertexIdToRegister>3425</VertexIdToRegister>
    <VertexIdToRegister>3426</VertexIdToRegister>
    <VertexIdToRegister>3431</VertexIdToRegister>
    <VertexIdToRegister>3432</VertexIdToRegister>
    <VertexIdToRegister>3433</VertexIdToRegister>
    <VertexIdToRegister>3438</VertexIdToRegister>
    <VertexIdToRegister>3439</VertexIdToRegister>
    <VertexIdToRegister>3440</VertexIdToRegister>
    <VertexIdToRegister>3445</VertexIdToRegister>
    <VertexIdToRegister>3446</VertexIdToRegister>
    <VertexIdToRegister>3447</VertexIdToRegister>
    <VertexIdToRegister>3452</VertexIdToRegister>
    <VertexIdToRegister>3453</VertexIdToRegister>
    <VertexIdToRegister>3454</VertexIdToRegister>
    <VertexIdToRegister>3459</VertexIdToRegister>
    <VertexIdToRegister>3460</VertexIdToRegister>
    <VertexIdToRegister>3461</VertexIdToRegister>
    <VertexIdToRegister>3466</VertexIdToRegister>
    <VertexIdToRegister>3467</VertexIdToRegister>
    <VertexIdToRegister>3468</VertexIdToRegister>
    <VertexIdToRegister>3473</VertexIdToRegister>
    <VertexIdToRegister>3474</VertexIdToRegister>
    <VertexIdToRegister>3475</VertexIdToRegister>
    <VertexIdToRegister>3480</VertexIdToRegister>
    <VertexIdToRegister>3481</VertexIdToRegister>
    <VertexIdToRegister>3482</VertexIdToRegister>
    <VertexIdToRegister>3487</VertexIdToRegister>
    <VertexIdToRegister>3488</VertexIdToRegister>
    <VertexIdToRegister>3489</VertexIdToRegister>
    <VertexIdToRegister>3494</VertexIdToRegister>
    <VertexIdToRegister>3495</VertexIdToRegister>
    <VertexIdToRegister>3496</VertexIdToRegister>
    <VertexIdToRegister>3501</VertexIdToRegister>
    <VertexIdToRegister>3502</VertexIdToRegister>
    <VertexIdToRegister>3503</VertexIdToRegister>
    <VertexIdToRegister>3508</VertexIdToRegister>
    <VertexIdToRegister>3509</VertexIdToRegister>
    <VertexIdToRegister>3510</VertexIdToRegister>
    <VertexIdToRegister>3515</VertexIdToRegister>
    <VertexIdToRegister>3516</VertexIdToRegister>
    <VertexIdToRegister>3517</VertexIdToRegister>
    <VertexIdToRegister>3522</VertexIdToRegister>
    <VertexIdToRegister>3523</VertexIdToRegister>
    <VertexIdToRegister>3524</VertexIdToRegister>
    <VertexIdToRegister>3529</VertexIdToRegister>
    <VertexIdToRegister>3530</VertexIdToRegister>
    <VertexIdToRegister>3531</VertexIdToRegister>
    <VertexIdToRegister>3536</VertexIdToRegister>
    <VertexIdToRegister>3537</VertexIdToRegister>
    <VertexIdToRegister>3538</VertexIdToRegister>
    <VertexIdToRegister>3543</VertexIdToRegister>
    <VertexIdToRegister>3544</VertexIdToRegister>
    <VertexIdToRegister>3545</VertexIdToRegister>
    <VertexIdToRegister>3550</VertexIdToRegister>
    <VertexIdToRegister>3551</VertexIdToRegister>
    <VertexIdToRegister>3552</VertexIdToRegister>
    <VertexIdToRegister>3557</VertexIdToRegister>
    <VertexIdToRegister>3558</VertexIdToRegister>
    <VertexIdToRegister>3559</VertexIdToRegister>
    <VertexIdToRegister>3564</VertexIdToRegister>
    <VertexIdToRegister>3565</VertexIdToRegister>
    <VertexIdToRegister>3566</VertexIdToRegister>
    <VertexIdToRegister>3571</VertexIdToRegister>
    <VertexIdToRegister>3572</VertexIdToRegister>
    <VertexIdToRegister>3573</VertexIdToRegister>
    <VertexIdToRegister>3578</VertexIdToRegister>
    <VertexIdToRegister>3579</VertexIdToRegister>
    <VertexIdToRegister>3580</VertexIdToRegister>
    <VertexIdToRegister>3585</VertexIdToRegister>
    <VertexIdToRegister>3586</VertexIdToRegister>
    <VertexIdToRegister>3587</VertexIdToRegister>
    <VertexIdToRegister>3592</VertexIdToRegister>
    <VertexIdToRegister>3593</VertexIdToRegister>
    <VertexIdToRegister>3594</VertexIdToRegister>
    <VertexIdToRegister>3599</VertexIdToRegister>
    <VertexIdToRegister>3600</VertexIdToRegister>
    <VertexIdToRegister>3601</VertexIdToRegister>
    <VertexIdToRegister>3606</VertexIdToRegister>
    <VertexIdToRegister>3607</VertexIdToRegister>
    <VertexIdToRegister>3608</VertexIdToRegister>
    <VertexIdToRegister>3613</VertexIdToRegister>
    <VertexIdToRegister>3614</VertexIdToRegister>
    <VertexIdToRegister>3615</VertexIdToRegister>
    <VertexIdToRegister>3620</VertexIdToRegister>
    <VertexIdToRegister>3621</VertexIdToRegister>
    <VertexIdToRegister>3622</VertexIdToRegister>
    <VertexIdToRegister>3627</VertexIdToRegister>
    <VertexIdToRegister>3628</VertexIdToRegister>
    <VertexIdToRegister>3629</VertexIdToRegister>
    <VertexIdToRegister>3634</VertexIdToRegister>
    <VertexIdToRegister>3635</VertexIdToRegister>
    <VertexIdToRegister>3636</VertexIdToRegister>
    <VertexIdToRegister>3641</VertexIdToRegister>
    <VertexIdToRegister>3642</VertexIdToRegister>
    <VertexIdToRegister>3643</VertexIdToRegister>
    <VertexIdToRegister>3648</VertexIdToRegister>
    <VertexIdToRegister>3649</VertexIdToRegister>
    <VertexIdToRegister>3650</VertexIdToRegister>
    <VertexIdToRegister>3655</VertexIdToRegister>
    <VertexIdToRegister>3656</VertexIdToRegister>
    <VertexIdToRegister>3657</VertexIdToRegister>
    <VertexIdToRegister>3662</VertexIdToRegister>
    <VertexIdToRegister>3663</VertexIdToRegister>
    <VertexIdToRegister>3664</VertexIdToRegister>
    <VertexIdToRegister>3669</VertexIdToRegister>
    <VertexIdToRegister>3670</VertexIdToRegister>
    <VertexIdToRegister>3671</VertexIdToRegister>
    <VertexIdToRegister>3676</VertexIdToRegister>
    <VertexIdToRegister>3677</VertexIdToRegister>
    <VertexIdToRegister>3678</VertexIdToRegister>
    <VertexIdToRegister>3683</VertexIdToRegister>
    <VertexIdToRegister>3684</VertexIdToRegister>
    <VertexIdToRegister>3685</VertexIdToRegister>
    <VertexIdToRegister>3690</VertexIdToRegister>
    <VertexIdToRegister>3691</VertexIdToRegister>
    <VertexIdToRegister>3692</VertexIdToRegister>
    <VertexIdToRegister>3697</VertexIdToRegister>
    <VertexIdToRegister>3698</VertexIdToRegister>
    <VertexIdToRegister>3699</VertexIdToRegister>
    <VertexIdToRegister>3704</VertexIdToRegister>
    <VertexIdToRegister>3705</VertexIdToRegister>
    <VertexIdToRegister>3706</VertexIdToRegister>
    <VertexIdToRegister>3711</VertexIdToRegister>
    <VertexIdToRegister>3712</VertexIdToRegister>
    <VertexIdToRegister>3713</VertexIdToRegister>
    <VertexIdToRegister>3718</VertexIdToRegister>
    <VertexIdToRegister>3719</VertexIdToRegister>
    <VertexIdToRegister>3720</VertexIdToRegister>
    <VertexIdToRegister>3725</VertexIdToRegister>
    <VertexIdToRegister>3726</VertexIdToRegister>
    <VertexIdToRegister>3727</VertexIdToRegister>
    <VertexIdToRegister>3732</VertexIdToRegister>
    <VertexIdToRegister>3733</VertexIdToRegister>
    <VertexIdToRegister>3734</VertexIdToRegister>
    <VertexIdToRegister>3739</VertexIdToRegister>
    <VertexIdToRegister>3740</VertexIdToRegister>
    <VertexIdToRegister>3741</VertexIdToRegister>
    <VertexIdToRegister>3746</VertexIdToRegister>
    <VertexIdToRegister>3747</VertexIdToRegister>
    <VertexIdToRegister>3748</VertexIdToRegister>
    <VertexIdToRegister>3753</VertexIdToRegister>
    <VertexIdToRegister>3754</VertexIdToRegister>
    <VertexIdToRegister>3755</VertexIdToRegister>
    <VertexIdToRegister>3760</VertexIdToRegister>
    <VertexIdToRegister>3761</VertexIdToRegister>
    <VertexIdToRegister>3762</VertexIdToRegister>
    <VertexIdToRegister>3767</VertexIdToRegister>
    <VertexIdToRegister>3768</VertexIdToRegister>
    <VertexIdToRegister>3769</VertexIdToRegister>
    <VertexIdToRegister>3774</VertexIdToRegister>
    <VertexIdToRegister>3775</VertexIdToRegister>
    <VertexIdToRegister>3776</VertexIdToRegister>
    <VertexIdToRegister>3781</VertexIdToRegister>
    <VertexIdToRegister>3782</VertexIdToRegister>
    <VertexIdToRegister>3783</VertexIdToRegister>
    <VertexIdToRegister>3788</VertexIdToRegister>
    <VertexIdToRegister>3789</VertexIdToRegister>
    <VertexIdToRegister>3790</VertexIdToRegister>
    <VertexIdToRegister>3795</VertexIdToRegister>
    <VertexIdToRegister>3796</VertexIdToRegister>
    <VertexIdToRegister>3797</VertexIdToRegister>
    <VertexIdToRegister>3802</VertexIdToRegister>
    <VertexIdToRegister>3803</VertexIdToRegister>
    <VertexIdToRegister>3804</VertexIdToRegister>
    <VertexIdToRegister>3809</VertexIdToRegister>
    <VertexIdToRegister>3810</VertexIdToRegister>
    <VertexIdToRegister>3811</VertexIdToRegister>
    <VertexIdToRegister>3816</VertexIdToRegister>
    <VertexIdToRegister>3817</VertexIdToRegister>
    <VertexIdToRegister>3818</VertexIdToRegister>
    <VertexIdToRegister>3823</VertexIdToRegister>
    <VertexIdToRegister>3824</VertexIdToRegister>
    <VertexIdToRegister>3825</VertexIdToRegister>
    <VertexIdToRegister>3830</VertexIdToRegister>
    <VertexIdToRegister>3831</VertexIdToRegister>
    <VertexIdToRegister>3832</VertexIdToRegister>
    <VertexIdToRegister>3837</VertexIdToRegister>
    <VertexIdToRegister>3838</VertexIdToRegister>
    <VertexIdToRegister>3839</VertexIdToRegister>
    <VertexIdToRegister>3844</VertexIdToRegister>
    <VertexIdToRegister>3845</VertexIdToRegister>
    <VertexIdToRegister>3846</VertexIdToRegister>
    <VertexIdToRegister>3851</VertexIdToRegister>
    <VertexIdToRegister>3852</VertexIdToRegister>
    <VertexIdToRegister>3853</VertexIdToRegister>
    <VertexIdToRegister>3858</VertexIdToRegister>
    <VertexIdToRegister>3859</VertexIdToRegister>
    <VertexIdToRegister>3860</VertexIdToRegister>
    <VertexIdToRegister>3865</VertexIdToRegister>
    <VertexIdToRegister>3866</VertexIdToRegister>
    <VertexIdToRegister>3867</VertexIdToRegister>
    <VertexIdToRegister>3872</VertexIdToRegister>
    <VertexIdToRegister>3873</VertexIdToRegister>
    <VertexIdToRegister>3874</VertexIdToRegister>
    <VertexIdToRegister>3879</VertexIdToRegister>
    <VertexIdToRegister>3880</VertexIdToRegister>
    <VertexIdToRegister>3881</VertexIdToRegister>
    <VertexIdToRegister>3886</VertexIdToRegister>
    <VertexIdToRegister>3887</VertexIdToRegister>
    <VertexIdToRegister>3888</VertexIdToRegister>
    <VertexIdToRegister>3893</VertexIdToRegister>
    <VertexIdToRegister>3894</VertexIdToRegister>
    <VertexIdToRegister>3895</VertexIdToRegister>
    <VertexIdToRegister>3900</VertexIdToRegister>
    <VertexIdToRegister>3901</VertexIdToRegister>
    <VertexIdToRegister>3902</VertexIdToRegister>
    <VertexIdToRegister>3907</VertexIdToRegister>
    <VertexIdToRegister>3908</VertexIdToRegister>
    <VertexIdToRegister>3909</VertexIdToRegister>
    <VertexIdToRegister>3914</VertexIdToRegister>
    <VertexIdToRegister>3915</VertexIdToRegister>
    <VertexIdToRegister>3916</VertexIdToRegister>
    <VertexIdToRegister>3921</VertexIdToRegister>
    <VertexIdToRegister>3922</VertexIdToRegister>
    <VertexIdToRegister>3923</VertexIdToRegister>
    <VertexIdToRegister>3928</VertexIdToRegister>
    <VertexIdToRegister>3929</VertexIdToRegister>
    <VertexIdToRegister>3930</VertexIdToRegister>
    <VertexIdToRegister>3935</VertexIdToRegister>
    <VertexIdToRegister>3936</VertexIdToRegister>
    <VertexIdToRegister>3937</VertexIdToRegister>
    <VertexIdToRegister>3942</VertexIdToRegister>
    <VertexIdToRegister>3943</VertexIdToRegister>
    <VertexIdToRegister>3944</VertexIdToRegister>
    <VertexIdToRegister>3949</VertexIdToRegister>
    <VertexIdToRegister>3950</VertexIdToRegister>
    <VertexIdToRegister>3951</VertexIdToRegister>
    <VertexIdToRegister>3956</VertexIdToRegister>
    <VertexIdToRegister>3957</VertexIdToRegister>
    <VertexIdToRegister>3958</VertexIdToRegister>
    <VertexIdToRegister>3963</VertexIdToRegister>
    <VertexIdToRegister>3964</VertexIdToRegister>
    <VertexIdToRegister>3965</VertexIdToRegister>
    <VertexIdToRegister>3970</VertexIdToRegister>
    <VertexIdToRegister>3971</VertexIdToRegister>
    <VertexIdToRegister>3972</VertexIdToRegister>
    <VertexIdToRegister>3977</VertexIdToRegister>
    <VertexIdToRegister>3978</VertexIdToRegister>
    <VertexIdToRegister>3979</VertexIdToRegister>
    <VertexIdToRegister>3984</VertexIdToRegister>
    <VertexIdToRegister>3985</VertexIdToRegister>
    <VertexIdToRegister>3986</VertexIdToRegister>
    <VertexIdToRegister>3991</VertexIdToRegister>
    <VertexIdToRegister>3992</VertexIdToRegister>
    <VertexIdToRegister>3993</VertexIdToRegister>
    <VertexIdToRegister>3998</VertexIdToRegister>
    <VertexIdToRegister>3999</VertexIdToRegister>
    <VertexIdToRegister>4000</VertexIdToRegister>
    <VertexIdToRegister>4005</VertexIdToRegister>
    <VertexIdToRegister>4006</VertexIdToRegister>
    <VertexIdToRegister>4007</VertexIdToRegister>
    <VertexIdToRegister>4012</VertexIdToRegister>
    <VertexIdToRegister>4013</VertexIdToRegister>
    <VertexIdToRegister>4014</VertexIdToRegister>
    <VertexIdToRegister>4019</VertexIdToRegister>
    <VertexIdToRegister>4020</VertexIdToRegister>
    <VertexIdToRegister>4021</VertexIdToRegister>
    <VertexIdToRegister>4026</VertexIdToRegister>
    <VertexIdToRegister>4027</VertexIdToRegister>
    <VertexIdToRegister>4028</VertexIdToRegister>
    <VertexIdToRegister>4033</VertexIdToRegister>
    <VertexIdToRegister>4034</VertexIdToRegister>
    <VertexIdToRegister>4035</VertexIdToRegister>
    <VertexIdToRegister>4040</VertexIdToRegister>
    <VertexIdToRegister>4041</VertexIdToRegister>
    <VertexIdToRegister>4042</VertexIdToRegister>
    <VertexIdToRegister>4047</VertexIdToRegister>
    <VertexIdToRegister>4048</VertexIdToRegister>
    <VertexIdToRegister>4049</VertexIdToRegister>
    <VertexIdToRegister>4054</VertexIdToRegister>
    <VertexIdToRegister>4055</VertexIdToRegister>
    <VertexIdToRegister>4056</VertexIdToRegister>
    <VertexIdToRegister>4061</VertexIdToRegister>
    <VertexIdToRegister>4062</VertexIdToRegister>
    <VertexIdToRegister>4063</VertexIdToRegister>
    <VertexIdToRegister>4068</VertexIdToRegister>
    <VertexIdToRegister>4069</VertexIdToRegister>
    <VertexIdToRegister>4070</VertexIdToRegister>
    <VertexIdToRegister>4075</VertexIdToRegister>
    <VertexIdToRegister>4076</VertexIdToRegister>
    <VertexIdToRegister>4077</VertexIdToRegister>
    <VertexIdToRegister>4082</VertexIdToRegister>
    <VertexIdToRegister>4083</VertexIdToRegister>
    <VertexIdToRegister>4084</VertexIdToRegister>
    <VertexIdToRegister>4089</VertexIdToRegister>
    <VertexIdToRegister>4090</VertexIdToRegister>
    <VertexIdToRegister>4091</VertexIdToRegister>
    <VertexIdToRegister>4096</VertexIdToRegister>
    <VertexIdToRegister>4097</VertexIdToRegister>
    <VertexIdToRegister>4098</VertexIdToRegister>
    <VertexIdToRegister>4103</VertexIdToRegister>
    <VertexIdToRegister>4104</VertexIdToRegister>
    <VertexIdToRegister>4105</VertexIdToRegister>
    <VertexIdToRegister>4110</VertexIdToRegister>
    <VertexIdToRegister>4111</VertexIdToRegister>
    <VertexIdToRegister>4112</VertexIdToRegister>
    <VertexIdToRegister>4117</VertexIdToRegister>
    <VertexIdToRegister>4118</VertexIdToRegister>
    <VertexIdToRegister>4119</VertexIdToRegister>
    <VertexIdToRegister>4124</VertexIdToRegister>
    <VertexIdToRegister>4125</VertexIdToRegister>
    <VertexIdToRegister>4126</VertexIdToRegister>
    <VertexIdToRegister>4131</VertexIdToRegister>
    <VertexIdToRegister>4132</VertexIdToRegister>
    <VertexIdToRegister>4133</VertexIdToRegister>
    <VertexIdToRegister>4138</VertexIdToRegister>
    <VertexIdToRegister>4139</VertexIdToRegister>
    <VertexIdToRegister>4140</VertexIdToRegister>
    <VertexIdToRegister>4145</VertexIdToRegister>
    <VertexIdToRegister>4146</VertexIdToRegister>
    <VertexIdToRegister>4147</VertexIdToRegister>
    <VertexIdToRegister>4152</VertexIdToRegister>
    <VertexIdToRegister>4153</VertexIdToRegister>
    <VertexIdToRegister>4154</VertexIdToRegister>
    <VertexIdToRegister>4159</VertexIdToRegister>
    <VertexIdToRegister>4160</VertexIdToRegister>
    <VertexIdToRegister>4161</VertexIdToRegister>
    <VertexIdToRegister>4166</VertexIdToRegister>
    <VertexIdToRegister>4167</VertexIdToRegister>
    <VertexIdToRegister>4168</VertexIdToRegister>
    <VertexIdToRegister>4173</VertexIdToRegister>
    <VertexIdToRegister>4174</VertexIdToRegister>
    <VertexIdToRegister>4175</VertexIdToRegister>
    <VertexIdToRegister>4180</VertexIdToRegister>
    <VertexIdToRegister>4181</VertexIdToRegister>
    <VertexIdToRegister>4182</VertexIdToRegister>
    <VertexIdToRegister>4187</VertexIdToRegister>
    <VertexIdToRegister>4188</VertexIdToRegister>
    <VertexIdToRegister>4189</VertexIdToRegister>
    <VertexIdToRegister>4194</VertexIdToRegister>
    <VertexIdToRegister>4195</VertexIdToRegister>
    <VertexIdToRegister>4196</VertexIdToRegister>
    <VertexIdToRegister>4201</VertexIdToRegister>
    <VertexIdToRegister>4202</VertexIdToRegister>
    <VertexIdToRegister>4203</VertexIdToRegister>
    <VertexIdToRegister>4208</VertexIdToRegister>
    <VertexIdToRegister>4209</VertexIdToRegister>
    <VertexIdToRegister>4210</VertexIdToRegister>
    <VertexIdToRegister>4215</VertexIdToRegister>
    <VertexIdToRegister>4216</VertexIdToRegister>
    <VertexIdToRegister>4217</VertexIdToRegister>
    <VertexIdToRegister>4222</VertexIdToRegister>
    <VertexIdToRegister>4223</VertexIdToRegister>
    <VertexIdToRegister>4224</VertexIdToRegister>
    <VertexIdToRegister>4229</VertexIdToRegister>
    <VertexIdToRegister>4230</VertexIdToRegister>
    <VertexIdToRegister>4231</VertexIdToRegister>
    <VertexIdToRegister>4236</VertexIdToRegister>
    <VertexIdToRegister>4237</VertexIdToRegister>
    <VertexIdToRegister>4238</VertexIdToRegister>
    <VertexIdToRegister>4243</VertexIdToRegister>
    <VertexIdToRegister>4244</VertexIdToRegister>
    <VertexIdToRegister>4245</VertexIdToRegister>
    <VertexIdToRegister>4250</VertexIdToRegister>
    <VertexIdToRegister>4251</VertexIdToRegister>
    <VertexIdToRegister>4252</VertexIdToRegister>
    <VertexIdToRegister>4257</VertexIdToRegister>
    <VertexIdToRegister>4258</VertexIdToRegister>
    <VertexIdToRegister>4259</VertexIdToRegister>
    <VertexIdToRegister>4264</VertexIdToRegister>
    <VertexIdToRegister>4265</VertexIdToRegister>
    <VertexIdToRegister>4266</VertexIdToRegister>
    <VertexIdToRegister>4271</VertexIdToRegister>
    <VertexIdToRegister>4272</VertexIdToRegister>
    <VertexIdToRegister>4273</VertexIdToRegister>
    <VertexIdToRegister>4597</VertexIdToRegister>
    <VertexIdToRegister>4601</VertexIdToRegister>
    <VertexIdToRegister>4605</VertexIdToRegister>
    <VertexIdToRegister>4609</VertexIdToRegister>
    <VertexIdToRegister>4613</VertexIdToRegister>
    <VertexIdToRegister>4617</VertexIdToRegister>
    <VertexIdToRegister>4621</VertexIdToRegister>
    <VertexIdToRegister>4625</VertexIdToRegister>
    <VertexIdToRegister>4629</VertexIdToRegister>
    <VertexIdToRegister>4633</VertexIdToRegister>
    <VertexIdToRegister>4637</VertexIdToRegister>
    <VertexIdToRegister>4641</VertexIdToRegister>
    <VertexIdToRegister>4645</VertexIdToRegister>
    <VertexIdToRegister>4649</VertexIdToRegister>
    <VertexIdToRegister>4653</VertexIdToRegister>
    <VertexIdToRegister>4657</VertexIdToRegister>
    <VertexIdToRegister>4661</VertexIdToRegister>
    <VertexIdToRegister>4665</VertexIdToRegister>
    <VertexIdToRegister>4669</VertexIdToRegister>
    <VertexIdToRegister>4673</VertexIdToRegister>
    <VertexIdToRegister>4677</VertexIdToRegister>
    <VertexIdToRegister>4681</VertexIdToRegister>
    <VertexIdToRegister>4685</VertexIdToRegister>
    <VertexIdToRegister>4689</VertexIdToRegister>
    <VertexIdToRegister>4693</VertexIdToRegister>
    <VertexIdToRegister>4697</VertexIdToRegister>
    <VertexIdToRegister>4701</VertexIdToRegister>
    <VertexIdToRegister>4705</VertexIdToRegister>
    <VertexIdToRegister>4709</VertexIdToRegister>
    <VertexIdToRegister>4713</VertexIdToRegister>
    <VertexIdToRegister>4717</VertexIdToRegister>
    <VertexIdToRegister>4721</VertexIdToRegister>
    <VertexIdToRegister>4725</VertexIdToRegister>
    <VertexIdToRegister>4729</VertexIdToRegister>
    <VertexIdToRegister>4733</VertexIdToRegister>
    <VertexIdToRegister>4737</VertexIdToRegister>
    <VertexIdToRegister>4741</VertexIdToRegister>
    <VertexIdToRegister>4745</VertexIdToRegister>
    <VertexIdToRegister>4749</VertexIdToRegister>
    <VertexIdToRegister>4753</VertexIdToRegister>
    <VertexIdToRegister>4757</VertexIdToRegister>
    <VertexIdToRegister>4761</VertexIdToRegister>
    <VertexIdToRegister>4765</VertexIdToRegister>
    <VertexIdToRegister>4769</VertexIdToRegister>
    <VertexIdToRegister>4773</VertexIdToRegister>
    <VertexIdToRegister>4777</VertexIdToRegister>
    <VertexIdToRegister>4781</VertexIdToRegister>
    <VertexIdToRegister>4785</VertexIdToRegister>
    <VertexIdToRegister>4789</VertexIdToRegister>
    <VertexIdToRegister>4793</VertexIdToRegister>
    <VertexIdToRegister>4797</VertexIdToRegister>
    <VertexIdToRegister>4801</VertexIdToRegister>
    <VertexIdToRegister>4805</VertexIdToRegister>
    <VertexIdToRegister>4809</VertexIdToRegister>
    <VertexIdToRegister>4813</VertexIdToRegister>
    <VertexIdToRegister>4817</VertexIdToRegister>
    <VertexIdToRegister>4821</VertexIdToRegister>
    <VertexIdToRegister>4825</VertexIdToRegister>
    <VertexIdToRegister>4829</VertexIdToRegister>
    <VertexIdToRegister>4833</VertexIdToRegister>
    <VertexIdToRegister>4837</VertexIdToRegister>
    <VertexIdToRegister>4841</VertexIdToRegister>
    <VertexIdToRegister>4845</VertexIdToRegister>
    <VertexIdToRegister>4849</VertexIdToRegister>
    <VertexIdToRegister>4852</VertexIdToRegister>
    <VertexIdToRegister>4855</VertexIdToRegister>
    <VertexIdToRegister>4861</VertexIdToRegister>
    <VertexIdToRegister>4864</VertexIdToRegister>
    <VertexIdToRegister>4870</VertexIdToRegister>
    <VertexIdToRegister>4873</VertexIdToRegister>
    <VertexIdToRegister>4879</VertexIdToRegister>
    <VertexIdToRegister>4882</VertexIdToRegister>
    <VertexIdToRegister>4888</VertexIdToRegister>
    <VertexIdToRegister>4891</VertexIdToRegister>
    <VertexIdToRegister>4897</VertexIdToRegister>
    <VertexIdToRegister>4900</VertexIdToRegister>
    <VertexIdToRegister>4906</VertexIdToRegister>
    <VertexIdToRegister>4909</VertexIdToRegister>
    <VertexIdToRegister>4915</VertexIdToRegister>
    <VertexIdToRegister>4918</VertexIdToRegister>
    <VertexIdToRegister>4924</VertexIdToRegister>
    <VertexIdToRegister>4927</VertexIdToRegister>
    <VertexIdToRegister>4933</VertexIdToRegister>
    <VertexIdToRegister>4936</VertexIdToRegister>
    <VertexIdToRegister>4942</VertexIdToRegister>
    <VertexIdToRegister>4945</VertexIdToRegister>
    <VertexIdToRegister>4951</VertexIdToRegister>
    <VertexIdToRegister>4954</VertexIdToRegister>
    <VertexIdToRegister>4960</VertexIdToRegister>
    <VertexIdToRegister>4963</VertexIdToRegister>
    <VertexIdToRegister>4969</VertexIdToRegister>
    <VertexIdToRegister>4972</VertexIdToRegister>
    <VertexIdToRegister>4978</VertexIdToRegister>
    <VertexIdToRegister>4981</VertexIdToRegister>
    <VertexIdToRegister>4987</VertexIdToRegister>
    <VertexIdToRegister>4990</VertexIdToRegister>
    <VertexIdToRegister>4996</VertexIdToRegister>
    <VertexIdToRegister>4999</VertexIdToRegister>
    <VertexIdToRegister>5005</VertexIdToRegister>
    <VertexIdToRegister>5008</VertexIdToRegister>
    <VertexIdToRegister>5014</VertexIdToRegister>
    <VertexIdToRegister>5017</VertexIdToRegister>
    <VertexIdToRegister>5023</VertexIdToRegister>
    <VertexIdToRegister>5026</VertexIdToRegister>
    <VertexIdToRegister>5032</VertexIdToRegister>
    <VertexIdToRegister>5035</VertexIdToRegister>
    <VertexIdToRegister>5041</VertexIdToRegister>
    <VertexIdToRegister>5044</VertexIdToRegister>
    <VertexIdToRegister>5050</VertexIdToRegister>
    <VertexIdToRegister>5053</VertexIdToRegister>
    <VertexIdToRegister>5059</VertexIdToRegister>
    <VertexIdToRegister>5062</VertexIdToRegister>
    <VertexIdToRegister>5068</VertexIdToRegister>
    <VertexIdToRegister>5071</VertexIdToRegister>
    <VertexIdToRegister>5077</VertexIdToRegister>
    <VertexIdToRegister>5080</VertexIdToRegister>
    <VertexIdToRegister>5086</VertexIdToRegister>
    <VertexIdToRegister>5089</VertexIdToRegister>
    <VertexIdToRegister>5095</VertexIdToRegister>
    <VertexIdToRegister>5098</VertexIdToRegister>
    <VertexIdToRegister>5104</VertexIdToRegister>
    <VertexIdToRegister>5107</VertexIdToRegister>
    <VertexIdToRegister>5113</VertexIdToRegister>
    <VertexIdToRegister>5116</VertexIdToRegister>
    <VertexIdToRegister>5122</VertexIdToRegister>
    <VertexIdToRegister>5125</VertexIdToRegister>
    <VertexIdToRegister>5131</VertexIdToRegister>
    <VertexIdToRegister>5134</VertexIdToRegister>
    <VertexIdToRegister>5140</VertexIdToRegister>
    <VertexIdToRegister>5143</VertexIdToRegister>
    <VertexIdToRegister>5149</VertexIdToRegister>
    <VertexIdToRegister>5152</VertexIdToRegister>
    <VertexIdToRegister>5158</VertexIdToRegister>
    <VertexIdToRegister>5161</VertexIdToRegister>
    <VertexIdToRegister>5167</VertexIdToRegister>
    <VertexIdToRegister>5170</VertexIdToRegister>
    <VertexIdToRegister>5176</VertexIdToRegister>
    <VertexIdToRegister>5179</VertexIdToRegister>
    <VertexIdToRegister>5185</VertexIdToRegister>
    <VertexIdToRegister>5188</VertexIdToRegister>
    <VertexIdToRegister>5194</VertexIdToRegister>
    <VertexIdToRegister>5197</VertexIdToRegister>
    <VertexIdToRegister>5203</VertexIdToRegister>
    <VertexIdToRegister>5206</VertexIdToRegister>
    <VertexIdToRegister>5212</VertexIdToRegister>
    <VertexIdToRegister>5215</VertexIdToRegister>
    <VertexIdToRegister>5221</VertexIdToRegister>
    <VertexIdToRegister>5224</VertexIdToRegister>
    <VertexIdToRegister>5230</VertexIdToRegister>
    <VertexIdToRegister>5233</VertexIdToRegister>
    <VertexIdToRegister>5239</VertexIdToRegister>
    <VertexIdToRegister>5242</VertexIdToRegister>
    <VertexIdToRegister>5248</VertexIdToRegister>
    <VertexIdToRegister>5251</VertexIdToRegister>
    <VertexIdToRegister>5257</VertexIdToRegister>
    <VertexIdToRegister>5260</VertexIdToRegister>
    <VertexIdToRegister>5266</VertexIdToRegister>
    <VertexIdToRegister>5269</VertexIdToRegister>
    <VertexIdToRegister>5275</VertexIdToRegister>
    <VertexIdToRegister>5278</VertexIdToRegister>
    <VertexIdToRegister>5284</VertexIdToRegister>
    <VertexIdToRegister>5287</VertexIdToRegister>
    <VertexIdToRegister>5293</VertexIdToRegister>
    <VertexIdToRegister>5296</VertexIdToRegister>
    <VertexIdToRegister>5302</VertexIdToRegister>
    <VertexIdToRegister>5305</VertexIdToRegister>
    <VertexIdToRegister>5311</VertexIdToRegister>
    <VertexIdToRegister>5314</VertexIdToRegister>
    <VertexIdToRegister>5320</VertexIdToRegister>
    <VertexIdToRegister>5323</VertexIdToRegister>
    <VertexIdToRegister>5329</VertexIdToRegister>
    <VertexIdToRegister>5332</VertexIdToRegister>
    <VertexIdToRegister>5338</VertexIdToRegister>
    <VertexIdToRegister>5341</VertexIdToRegister>
    <VertexIdToRegister>5347</VertexIdToRegister>
    <VertexIdToRegister>5350</VertexIdToRegister>
    <VertexIdToRegister>5356</VertexIdToRegister>
    <VertexIdToRegister>5359</VertexIdToRegister>
    <VertexIdToRegister>5365</VertexIdToRegister>
    <VertexIdToRegister>5368</VertexIdToRegister>
    <VertexIdToRegister>5374</VertexIdToRegister>
    <VertexIdToRegister>5377</VertexIdToRegister>
    <VertexIdToRegister>5383</VertexIdToRegister>
    <VertexIdToRegister>5386</VertexIdToRegister>
    <VertexIdToRegister>5392</VertexIdToRegister>
    <VertexIdToRegister>5395</VertexIdToRegister>
    <VertexIdToRegister>5401</VertexIdToRegister>
    <VertexIdToRegister>5404</VertexIdToRegister>
    <VertexIdToRegister>5410</VertexIdToRegister>
    <VertexIdToRegister>5413</VertexIdToRegister>
    <VertexIdToRegister>5419</VertexIdToRegister>
    <VertexIdToRegister>5422</VertexIdToRegister>
    <VertexIdToRegister>5430</VertexIdToRegister>
    <VertexIdToRegister>5431</VertexIdToRegister>
    <VertexIdToRegister>5433</VertexIdToRegister>
    <VertexIdToRegister>5434</VertexIdToRegister>
    <VertexIdToRegister>5442</VertexIdToRegister>
    <VertexIdToRegister>5443</VertexIdToRegister>
    <VertexIdToRegister>5445</VertexIdToRegister>
    <VertexIdToRegister>5446</VertexIdToRegister>
    <VertexIdToRegister>5454</VertexIdToRegister>
    <VertexIdToRegister>5455</VertexIdToRegister>
    <VertexIdToRegister>5457</VertexIdToRegister>
    <VertexIdToRegister>5458</VertexIdToRegister>
    <VertexIdToRegister>5466</VertexIdToRegister>
    <VertexIdToRegister>5467</VertexIdToRegister>
    <VertexIdToRegister>5469</VertexIdToRegister>
    <VertexIdToRegister>5470</VertexIdToRegister>
    <VertexIdToRegister>5478</VertexIdToRegister>
    <VertexIdToRegister>5479</VertexIdToRegister>
    <VertexIdToRegister>5481</VertexIdToRegister>
    <VertexIdToRegister>5482</VertexIdToRegister>
    <VertexIdToRegister>5490</VertexIdToRegister>
    <VertexIdToRegister>5491</VertexIdToRegister>
    <VertexIdToRegister>5493</VertexIdToRegister>
    <VertexIdToRegister>5494</VertexIdToRegister>
    <VertexIdToRegister>5502</VertexIdToRegister>
    <VertexIdToRegister>5503</VertexIdToRegister>
    <VertexIdToRegister>5505</VertexIdToRegister>
    <VertexIdToRegister>5506</VertexIdToRegister>
    <VertexIdToRegister>5514</VertexIdToRegister>
    <VertexIdToRegister>5515</VertexIdToRegister>
    <VertexIdToRegister>5517</VertexIdToRegister>
    <VertexIdToRegister>5518</VertexIdToRegister>
    <VertexIdToRegister>5526</VertexIdToRegister>
    <VertexIdToRegister>5527</VertexIdToRegister>
    <VertexIdToRegister>5529</VertexIdToRegister>
    <VertexIdToRegister>5530</VertexIdToRegister>
    <VertexIdToRegister>5538</VertexIdToRegister>
    <VertexIdToRegister>5539</VertexIdToRegister>
    <VertexIdToRegister>5541</VertexIdToRegister>
    <VertexIdToRegister>5542</VertexIdToRegister>
    <VertexIdToRegister>5550</VertexIdToRegister>
    <VertexIdToRegister>5551</VertexIdToRegister>
    <VertexIdToRegister>5553</VertexIdToRegister>
    <VertexIdToRegister>5554</VertexIdToRegister>
    <VertexIdToRegister>5562</VertexIdToRegister>
    <VertexIdToRegister>5563</VertexIdToRegister>
    <VertexIdToRegister>5565</VertexIdToRegister>
    <VertexIdToRegister>5566</VertexIdToRegister>
    <VertexIdToRegister>5574</VertexIdToRegister>
    <VertexIdToRegister>5575</VertexIdToRegister>
    <VertexIdToRegister>5577</VertexIdToRegister>
    <VertexIdToRegister>5578</VertexIdToRegister>
    <VertexIdToRegister>5586</VertexIdToRegister>
    <VertexIdToRegister>5587</VertexIdToRegister>
    <VertexIdToRegister>5589</VertexIdToRegister>
    <VertexIdToRegister>5590</VertexIdToRegister>
    <VertexIdToRegister>5598</VertexIdToRegister>
    <VertexIdToRegister>5599</VertexIdToRegister>
    <VertexIdToRegister>5601</VertexIdToRegister>
    <VertexIdToRegister>5602</VertexIdToRegister>
    <VertexIdToRegister>5610</VertexIdToRegister>
    <VertexIdToRegister>5611</VertexIdToRegister>
    <VertexIdToRegister>5613</VertexIdToRegister>
    <VertexIdToRegister>5614</VertexIdToRegister>
    <VertexIdToRegister>5622</VertexIdToRegister>
    <VertexIdToRegister>5623</VertexIdToRegister>
    <VertexIdToRegister>5625</VertexIdToRegister>
    <VertexIdToRegister>5626</VertexIdToRegister>
    <VertexIdToRegister>5634</VertexIdToRegister>
    <VertexIdToRegister>5635</VertexIdToRegister>
    <VertexIdToRegister>5637</VertexIdToRegister>
    <VertexIdToRegister>5638</VertexIdToRegister>
    <VertexIdToRegister>5646</VertexIdToRegister>
    <VertexIdToRegister>5647</VertexIdToRegister>
    <VertexIdToRegister>5649</VertexIdToRegister>
    <VertexIdToRegister>5650</VertexIdToRegister>
    <VertexIdToRegister>5658</VertexIdToRegister>
    <VertexIdToRegister>5659</VertexIdToRegister>
    <VertexIdToRegister>5661</VertexIdToRegister>
    <VertexIdToRegister>5662</VertexIdToRegister>
    <VertexIdToRegister>5670</VertexIdToRegister>
    <VertexIdToRegister>5671</VertexIdToRegister>
    <VertexIdToRegister>5673</VertexIdToRegister>
    <VertexIdToRegister>5674</VertexIdToRegister>
    <VertexIdToRegister>5682</VertexIdToRegister>
    <VertexIdToRegister>5683</VertexIdToRegister>
    <VertexIdToRegister>5685</VertexIdToRegister>
    <VertexIdToRegister>5686</VertexIdToRegister>
    <VertexIdToRegister>5694</VertexIdToRegister>
    <VertexIdToRegister>5695</VertexIdToRegister>
    <VertexIdToRegister>5697</VertexIdToRegister>
    <VertexIdToRegister>5698</VertexIdToRegister>
    <VertexIdToRegister>5706</VertexIdToRegister>
    <VertexIdToRegister>5707</VertexIdToRegister>
    <VertexIdToRegister>5709</VertexIdToRegister>
    <VertexIdToRegister>5710</VertexIdToRegister>
    <VertexIdToRegister>5718</VertexIdToRegister>
    <VertexIdToRegister>5719</VertexIdToRegister>
    <VertexIdToRegister>5721</VertexIdToRegister>
    <VertexIdToRegister>5722</VertexIdToRegister>
    <VertexIdToRegister>5730</VertexIdToRegister>
    <VertexIdToRegister>5731</VertexIdToRegister>
    <VertexIdToRegister>5733</VertexIdToRegister>
    <VertexIdToRegister>5734</VertexIdToRegister>
    <VertexIdToRegister>5742</VertexIdToRegister>
    <VertexIdToRegister>5743</VertexIdToRegister>
    <VertexIdToRegister>5745</VertexIdToRegister>
    <VertexIdToRegister>5746</VertexIdToRegister>
    <VertexIdToRegister>5754</VertexIdToRegister>
    <VertexIdToRegister>5755</VertexIdToRegister>
    <VertexIdToRegister>5757</VertexIdToRegister>
    <VertexIdToRegister>5758</VertexIdToRegister>
    <VertexIdToRegister>5766</VertexIdToRegister>
    <VertexIdToRegister>5767</VertexIdToRegister>
    <VertexIdToRegister>5769</VertexIdToRegister>
    <VertexIdToRegister>5770</VertexIdToRegister>
    <VertexIdToRegister>5778</VertexIdToRegister>
    <VertexIdToRegister>5779</VertexIdToRegister>
    <VertexIdToRegister>5781</VertexIdToRegister>
    <VertexIdToRegister>5782</VertexIdToRegister>
    <VertexIdToRegister>5790</VertexIdToRegister>
    <VertexIdToRegister>5791</VertexIdToRegister>
    <VertexIdToRegister>5793</VertexIdToRegister>
    <VertexIdToRegister>5794</VertexIdToRegister>
    <VertexIdToRegister>5802</VertexIdToRegister>
    <VertexIdToRegister>5803</VertexIdToRegister>
    <VertexIdToRegister>5805</VertexIdToRegister>
    <VertexIdToRegister>5806</VertexIdToRegister>
    <VertexIdToRegister>5813</VertexIdToRegister>
    <VertexIdToRegister>5814</VertexIdToRegister>
    <VertexIdToRegister>5815</VertexIdToRegister>
    <VertexIdToRegister>5818</VertexIdToRegister>
    <VertexIdToRegister>5821</VertexIdToRegister>
    <VertexIdToRegister>5822</VertexIdToRegister>
    <VertexIdToRegister>5823</VertexIdToRegister>
    <VertexIdToRegister>5826</VertexIdToRegister>
    <VertexIdToRegister>5833</VertexIdToRegister>
    <VertexIdToRegister>5834</VertexIdToRegister>
    <VertexIdToRegister>5835</VertexIdToRegister>
    <VertexIdToRegister>5838</VertexIdToRegister>
    <VertexIdToRegister>5841</VertexIdToRegister>
    <VertexIdToRegister>5842</VertexIdToRegister>
    <VertexIdToRegister>5843</VertexIdToRegister>
    <VertexIdToRegister>5846</VertexIdToRegister>
    <VertexIdToRegister>5853</VertexIdToRegister>
    <VertexIdToRegister>5854</VertexIdToRegister>
    <VertexIdToRegister>5855</VertexIdToRegister>
    <VertexIdToRegister>5858</VertexIdToRegister>
    <VertexIdToRegister>5861</VertexIdToRegister>
    <VertexIdToRegister>5862</VertexIdToRegister>
    <VertexIdToRegister>5863</VertexIdToRegister>
    <VertexIdToRegister>5866</VertexIdToRegister>
    <VertexIdToRegister>5873</VertexIdToRegister>
    <VertexIdToRegister>5874</VertexIdToRegister>
    <VertexIdToRegister>5875</VertexIdToRegister>
    <VertexIdToRegister>5878</VertexIdToRegister>
    <VertexIdToRegister>5881</VertexIdToRegister>
    <VertexIdToRegister>5882</VertexIdToRegister>
    <VertexIdToRegister>5883</VertexIdToRegister>
    <VertexIdToRegister>5886</VertexIdToRegister>
    <VertexIdToRegister>5893</VertexIdToRegister>
    <VertexIdToRegister>5894</VertexIdToRegister>
    <VertexIdToRegister>5895</VertexIdToRegister>
    <VertexIdToRegister>5898</VertexIdToRegister>
    <VertexIdToRegister>5901</VertexIdToRegister>
    <VertexIdToRegister>5902</VertexIdToRegister>
    <VertexIdToRegister>5903</VertexIdToRegister>
    <VertexIdToRegister>5906</VertexIdToRegister>
    <VertexIdToRegister>5913</VertexIdToRegister>
    <VertexIdToRegister>5914</VertexIdToRegister>
    <VertexIdToRegister>5915</VertexIdToRegister>
    <VertexIdToRegister>5918</VertexIdToRegister>
    <VertexIdToRegister>5921</VertexIdToRegister>
    <VertexIdToRegister>5922</VertexIdToRegister>
    <VertexIdToRegister>5923</VertexIdToRegister>
    <VertexIdToRegister>5926</VertexIdToRegister>
    <VertexIdToRegister>5933</VertexIdToRegister>
    <VertexIdToRegister>5934</VertexIdToRegister>
    <VertexIdToRegister>5935</VertexIdToRegister>
    <VertexIdToRegister>5938</VertexIdToRegister>
    <VertexIdToRegister>5941</VertexIdToRegister>
    <VertexIdToRegister>5942</VertexIdToRegister>
    <VertexIdToRegister>5943</VertexIdToRegister>
    <VertexIdToRegister>5946</VertexIdToRegister>
    <VertexIdToRegister>5953</VertexIdToRegister>
    <VertexIdToRegister>5954</VertexIdToRegister>
    <VertexIdToRegister>5955</VertexIdToRegister>
    <VertexIdToRegister>5958</VertexIdToRegister>
    <VertexIdToRegister>5961</VertexIdToRegister>
    <VertexIdToRegister>5962</VertexIdToRegister>
    <VertexIdToRegister>5963</VertexIdToRegister>
    <VertexIdToRegister>5966</VertexIdToRegister>
    <VertexIdToRegister>5973</VertexIdToRegister>
    <VertexIdToRegister>5974</VertexIdToRegister>
    <VertexIdToRegister>5975</VertexIdToRegister>
    <VertexIdToRegister>5978</VertexIdToRegister>
    <VertexIdToRegister>5981</VertexIdToRegister>
    <VertexIdToRegister>5982</VertexIdToRegister>
    <VertexIdToRegister>5983</VertexIdToRegister>
    <VertexIdToRegister>5986</VertexIdToRegister>
    <VertexIdToRegister>5993</VertexIdToRegister>
    <VertexIdToRegister>5994</VertexIdToRegister>
    <VertexIdToRegister>5995</VertexIdToRegister>
    <VertexIdToRegister>5998</VertexIdToRegister>
    <VertexIdToRegister>6001</VertexIdToRegister>
    <VertexIdToRegister>6002</VertexIdToRegister>
    <VertexIdToRegister>6003</VertexIdToRegister>
    <VertexIdToRegister>6006</VertexIdToRegister>
    <VertexIdToRegister>6013</VertexIdToRegister>
    <VertexIdToRegister>6014</VertexIdToRegister>
    <VertexIdToRegister>6015</VertexIdToRegister>
    <VertexIdToRegister>6018</VertexIdToRegister>
    <VertexIdToRegister>6021</VertexIdToRegister>
    <VertexIdToRegister>6022</VertexIdToRegister>
    <VertexIdToRegister>6023</VertexIdToRegister>
    <VertexIdToRegister>6026</VertexIdToRegister>
    <VertexIdToRegister>6033</VertexIdToRegister>
    <VertexIdToRegister>6034</VertexIdToRegister>
    <VertexIdToRegister>6035</VertexIdToRegister>
    <VertexIdToRegister>6038</VertexIdToRegister>
    <VertexIdToRegister>6041</VertexIdToRegister>
    <VertexIdToRegister>6042</VertexIdToRegister>
    <VertexIdToRegister>6043</VertexIdToRegister>
    <VertexIdToRegister>6046</VertexIdToRegister>
    <VertexIdToRegister>6053</VertexIdToRegister>
    <VertexIdToRegister>6054</VertexIdToRegister>
    <VertexIdToRegister>6055</VertexIdToRegister>
    <VertexIdToRegister>6058</VertexIdToRegister>
    <VertexIdToRegister>6061</VertexIdToRegister>
    <VertexIdToRegister>6062</VertexIdToRegister>
    <VertexIdToRegister>6063</VertexIdToRegister>
    <VertexIdToRegister>6066</VertexIdToRegister>
    <VertexIdToRegister>6073</VertexIdToRegister>
    <VertexIdToRegister>6074</VertexIdToRegister>
    <VertexIdToRegister>6075</VertexIdToRegister>
    <VertexIdToRegister>6078</VertexIdToRegister>
    <VertexIdToRegister>6081</VertexIdToRegister>
    <VertexIdToRegister>6082</VertexIdToRegister>
    <VertexIdToRegister>6083</VertexIdToRegister>
    <VertexIdToRegister>6086</VertexIdToRegister>
    <VertexIdToRegister>6093</VertexIdToRegister>
    <VertexIdToRegister>6094</VertexIdToRegister>
    <VertexIdToRegister>6095</VertexIdToRegister>
    <VertexIdToRegister>6098</VertexIdToRegister>
    <VertexIdToRegister>6101</VertexIdToRegister>
    <VertexIdToRegister>6102</VertexIdToRegister>
    <VertexIdToRegister>6103</VertexIdToRegister>
    <VertexIdToRegister>6106</VertexIdToRegister>
    <VertexIdToRegister>6113</VertexIdToRegister>
    <VertexIdToRegister>6114</VertexIdToRegister>
    <VertexIdToRegister>6115</VertexIdToRegister>
    <VertexIdToRegister>6118</VertexIdToRegister>
    <VertexIdToRegister>6121</VertexIdToRegister>
    <VertexIdToRegister>6122</VertexIdToRegister>
    <VertexIdToRegister>6123</VertexIdToRegister>
    <VertexIdToRegister>6126</VertexIdToRegister>
    <VertexIdToRegister>6133</VertexIdToRegister>
    <VertexIdToRegister>6134</VertexIdToRegister>
    <VertexIdToRegister>6135</VertexIdToRegister>
    <VertexIdToRegister>6138</VertexIdToRegister>
    <VertexIdToRegister>6141</VertexIdToRegister>
    <VertexIdToRegister>6142</VertexIdToRegister>
    <VertexIdToRegister>6143</VertexIdToRegister>
    <VertexIdToRegister>6146</VertexIdToRegister>
    <VertexIdToRegister>6153</VertexIdToRegister>
    <VertexIdToRegister>6154</VertexIdToRegister>
    <VertexIdToRegister>6155</VertexIdToRegister>
    <VertexIdToRegister>6158</VertexIdToRegister>
    <VertexIdToRegister>6161</VertexIdToRegister>
    <VertexIdToRegister>6162</VertexIdToRegister>
    <VertexIdToRegister>6163</VertexIdToRegister>
    <VertexIdToRegister>6166</VertexIdToRegister>
    <VertexIdToRegister>6173</VertexIdToRegister>
    <VertexIdToRegister>6174</VertexIdToRegister>
    <VertexIdToRegister>6175</VertexIdToRegister>
    <VertexIdToRegister>6178</VertexIdToRegister>
    <VertexIdToRegister>6181</VertexIdToRegister>
    <VertexIdToRegister>6182</VertexIdToRegister>
    <VertexIdToRegister>6183</VertexIdToRegister>
    <VertexIdToRegister>6186</VertexIdToRegister>
    <VertexIdToRegister>6193</VertexIdToRegister>
    <VertexIdToRegister>6194</VertexIdToRegister>
    <VertexIdToRegister>6195</VertexIdToRegister>
    <VertexIdToRegister>6198</VertexIdToRegister>
    <VertexIdToRegister>6201</VertexIdToRegister>
    <VertexIdToRegister>6202</VertexIdToRegister>
    <VertexIdToRegister>6203</VertexIdToRegister>
    <VertexIdToRegister>6206</VertexIdToRegister>
    <VertexIdToRegister>6213</VertexIdToRegister>
    <VertexIdToRegister>6214</VertexIdToRegister>
    <VertexIdToRegister>6215</VertexIdToRegister>
    <VertexIdToRegister>6218</VertexIdToRegister>
    <VertexIdToRegister>6221</VertexIdToRegister>
    <VertexIdToRegister>6222</VertexIdToRegister>
    <VertexIdToRegister>6223</VertexIdToRegister>
    <VertexIdToRegister>6226</VertexIdToRegister>
    <VertexIdToRegister>6233</VertexIdToRegister>
    <VertexIdToRegister>6234</VertexIdToRegister>
    <VertexIdToRegister>6235</VertexIdToRegister>
    <VertexIdToRegister>6238</VertexIdToRegister>
    <VertexIdToRegister>6241</VertexIdToRegister>
    <VertexIdToRegister>6242</VertexIdToRegister>
    <VertexIdToRegister>6243</VertexIdToRegister>
    <VertexIdToRegister>6246</VertexIdToRegister>
    <VertexIdToRegister>6253</VertexIdToRegister>
    <VertexIdToRegister>6254</VertexIdToRegister>
    <VertexIdToRegister>6255</VertexIdToRegister>
    <VertexIdToRegister>6258</VertexIdToRegister>
    <VertexIdToRegister>6261</VertexIdToRegister>
    <VertexIdToRegister>6262</VertexIdToRegister>
    <VertexIdToRegister>6263</VertexIdToRegister>
    <VertexIdToRegister>6266</VertexIdToRegister>
    <VertexIdToRegister>6273</VertexIdToRegister>
    <VertexIdToRegister>6274</VertexIdToRegister>
    <VertexIdToRegister>6275</VertexIdToRegister>
    <VertexIdToRegister>6278</VertexIdToRegister>
    <VertexIdToRegister>6281</VertexIdToRegister>
    <VertexIdToRegister>6282</VertexIdToRegister>
    <VertexIdToRegister>6283</VertexIdToRegister>
    <VertexIdToRegister>6286</VertexIdToRegister>
    <VertexIdToRegister>6293</VertexIdToRegister>
    <VertexIdToRegister>6294</VertexIdToRegister>
    <VertexIdToRegister>6295</VertexIdToRegister>
    <VertexIdToRegister>6298</VertexIdToRegister>
    <VertexIdToRegister>6301</VertexIdToRegister>
    <VertexIdToRegister>6302</VertexIdToRegister>
    <VertexIdToRegister>6303</VertexIdToRegister>
    <VertexIdToRegister>6306</VertexIdToRegister>
    <VertexIdToRegister>6313</VertexIdToRegister>
    <VertexIdToRegister>6314</VertexIdToRegister>
    <VertexIdToRegister>6315</VertexIdToRegister>
    <VertexIdToRegister>6318</VertexIdToRegister>
    <VertexIdToRegister>6321</VertexIdToRegister>
    <VertexIdToRegister>6322</VertexIdToRegister>
    <VertexIdToRegister>6323</VertexIdToRegister>
    <VertexIdToRegister>6326</VertexIdToRegister>
    <VertexIdToRegister>6333</VertexIdToRegister>
    <VertexIdToRegister>6334</VertexIdToRegister>
    <VertexIdToRegister>6335</VertexIdToRegister>
    <VertexIdToRegister>6338</VertexIdToRegister>
    <VertexIdToRegister>6341</VertexIdToRegister>
    <VertexIdToRegister>6342</VertexIdToRegister>
    <VertexIdToRegister>6343</VertexIdToRegister>
    <VertexIdToRegister>6346</VertexIdToRegister>
    <VertexIdToRegister>6353</VertexIdToRegister>
    <VertexIdToRegister>6354</VertexIdToRegister>
    <VertexIdToRegister>6355</VertexIdToRegister>
    <VertexIdToRegister>6358</VertexIdToRegister>
    <VertexIdToRegister>6361</VertexIdToRegister>
    <VertexIdToRegister>6362</VertexIdToRegister>
    <VertexIdToRegister>6363</VertexIdToRegister>
    <VertexIdToRegister>6366</VertexIdToRegister>
    <VertexIdToRegister>6373</VertexIdToRegister>
    <VertexIdToRegister>6374</VertexIdToRegister>
    <VertexIdToRegister>6375</VertexIdToRegister>
    <VertexIdToRegister>6378</VertexIdToRegister>
    <VertexIdToRegister>6381</VertexIdToRegister>
    <VertexIdToRegister>6382</VertexIdToRegister>
    <VertexIdToRegister>6383</VertexIdToRegister>
    <VertexIdToRegister>6386</VertexIdToRegister>
    <VertexIdToRegister>6393</VertexIdToRegister>
    <VertexIdToRegister>6394</VertexIdToRegister>
    <VertexIdToRegister>6395</VertexIdToRegister>
    <VertexIdToRegister>6398</VertexIdToRegister>
    <VertexIdToRegister>6401</VertexIdToRegister>
    <VertexIdToRegister>6402</VertexIdToRegister>
    <VertexIdToRegister>6403</VertexIdToRegister>
    <VertexIdToRegister>6406</VertexIdToRegister>
    <VertexIdToRegister>6413</VertexIdToRegister>
    <VertexIdToRegister>6414</VertexIdToRegister>
    <VertexIdToRegister>6415</VertexIdToRegister>
    <VertexIdToRegister>6418</VertexIdToRegister>
    <VertexIdToRegister>6421</VertexIdToRegister>
    <VertexIdToRegister>6422</VertexIdToRegister>
    <VertexIdToRegister>6423</VertexIdToRegister>
    <VertexIdToRegister>6426</VertexIdToRegister>
    <VertexIdToRegister>6433</VertexIdToRegister>
    <VertexIdToRegister>6434</VertexIdToRegister>
    <VertexIdToRegister>6435</VertexIdToRegister>
    <VertexIdToRegister>6438</VertexIdToRegister>
    <VertexIdToRegister>6441</VertexIdToRegister>
    <VertexIdToRegister>6442</VertexIdToRegister>
    <VertexIdToRegister>6443</VertexIdToRegister>
    <VertexIdToRegister>6446</VertexIdToRegister>
    <VertexIdToRegister>6462</VertexIdToRegister>
    <VertexIdToRegister>6474</VertexIdToRegister>
    <VertexIdToRegister>6475</VertexIdToRegister>
    <VertexIdToRegister>6487</VertexIdToRegister>
    <VertexIdToRegister>6488</VertexIdToRegister>
    <VertexIdToRegister>6500</VertexIdToRegister>
    <VertexIdToRegister>6501</VertexIdToRegister>
    <VertexIdToRegister>6513</VertexIdToRegister>
    <VertexIdToRegister>6514</VertexIdToRegister>
    <VertexIdToRegister>6526</VertexIdToRegister>
    <VertexIdToRegister>6527</VertexIdToRegister>
    <VertexIdToRegister>6539</VertexIdToRegister>
    <VertexIdToRegister>6540</VertexIdToRegister>
    <VertexIdToRegister>6552</VertexIdToRegister>
    <VertexIdToRegister>6553</VertexIdToRegister>
    <VertexIdToRegister>6565</VertexIdToRegister>
    <VertexIdToRegister>6566</VertexIdToRegister>
    <VertexIdToRegister>6578</VertexIdToRegister>
    <VertexIdToRegister>6579</VertexIdToRegister>
    <VertexIdToRegister>6591</VertexIdToRegister>
    <VertexIdToRegister>6592</VertexIdToRegister>
    <VertexIdToRegister>6604</VertexIdToRegister>
    <VertexIdToRegister>6605</VertexIdToRegister>
    <VertexIdToRegister>6617</VertexIdToRegister>
    <VertexIdToRegister>6618</VertexIdToRegister>
    <VertexIdToRegister>6630</VertexIdToRegister>
    <VertexIdToRegister>6631</VertexIdToRegister>
    <VertexIdToRegister>6643</VertexIdToRegister>
    <VertexIdToRegister>6644</VertexIdToRegister>
    <VertexIdToRegister>6656</VertexIdToRegister>
    <VertexIdToRegister>6657</VertexIdToRegister>
    <VertexIdToRegister>6669</VertexIdToRegister>
    <VertexIdToRegister>6670</VertexIdToRegister>
    <VertexIdToRegister>6682</VertexIdToRegister>
    <VertexIdToRegister>6683</VertexIdToRegister>
    <VertexIdToRegister>6695</VertexIdToRegister>
    <VertexIdToRegister>6696</VertexIdToRegister>
    <VertexIdToRegister>6708</VertexIdToRegister>
    <VertexIdToRegister>6709</VertexIdToRegister>
    <VertexIdToRegister>6721</VertexIdToRegister>
    <VertexIdToRegister>6722</VertexIdToRegister>
    <VertexIdToRegister>6734</VertexIdToRegister>
    <VertexIdToRegister>6735</VertexIdToRegister>
    <VertexIdToRegister>6747</VertexIdToRegister>
    <VertexIdToRegister>6748</VertexIdToRegister>
    <VertexIdToRegister>6760</VertexIdToRegister>
    <VertexIdToRegister>6761</VertexIdToRegister>
    <VertexIdToRegister>6773</VertexIdToRegister>
    <VertexIdToRegister>6774</VertexIdToRegister>
    <VertexIdToRegister>6786</VertexIdToRegister>
    <VertexIdToRegister>6787</VertexIdToRegister>
    <VertexIdToRegister>6799</VertexIdToRegister>
    <VertexIdToRegister>6800</VertexIdToRegister>
    <VertexIdToRegister>6812</VertexIdToRegister>
    <VertexIdToRegister>6813</VertexIdToRegister>
    <VertexIdToRegister>6825</VertexIdToRegister>
    <VertexIdToRegister>6826</VertexIdToRegister>
    <VertexIdToRegister>6838</VertexIdToRegister>
    <VertexIdToRegister>6839</VertexIdToRegister>
    <VertexIdToRegister>6851</VertexIdToRegister>
    <VertexIdToRegister>6852</VertexIdToRegister>
    <VertexIdToRegister>6864</VertexIdToRegister>
    <VertexIdToRegister>6865</VertexIdToRegister>
    <VertexIdToRegister>6871</VertexIdToRegister>
    <VertexIdToRegister>6872</VertexIdToRegister>
    <VertexIdToRegister>6882</VertexIdToRegister>
    <VertexIdToRegister>6883</VertexIdToRegister>
    <VertexIdToRegister>6893</VertexIdToRegister>
    <VertexIdToRegister>6894</VertexIdToRegister>
    <VertexIdToRegister>6904</VertexIdToRegister>
    <VertexIdToRegister>6905</VertexIdToRegister>
    <VertexIdToRegister>6915</VertexIdToRegister>
    <VertexIdToRegister>6916</VertexIdToRegister>
    <VertexIdToRegister>6926</VertexIdToRegister>
    <VertexIdToRegister>6927</VertexIdToRegister>
    <VertexIdToRegister>6937</VertexIdToRegister>
    <VertexIdToRegister>6938</VertexIdToRegister>
    <VertexIdToRegister>6948</VertexIdToRegister>
    <VertexIdToRegister>6949</VertexIdToRegister>
    <VertexIdToRegister>6959</VertexIdToRegister>
    <VertexIdToRegister>6960</VertexIdToRegister>
    <VertexIdToRegister>6970</VertexIdToRegister>
    <VertexIdToRegister>6971</VertexIdToRegister>
    <VertexIdToRegister>6981</VertexIdToRegister>
    <VertexIdToRegister>6982</VertexIdToRegister>
    <VertexIdToRegister>6992</VertexIdToRegister>
    <VertexIdToRegister>6993</VertexIdToRegister>
    <VertexIdToRegister>7003</VertexIdToRegister>
    <VertexIdToRegister>7004</VertexIdToRegister>
    <VertexIdToRegister>7014</VertexIdToRegister>
    <VertexIdToRegister>7015</VertexIdToRegister>
    <VertexIdToRegister>7025</VertexIdToRegister>
    <VertexIdToRegister>7026</VertexIdToRegister>
    <VertexIdToRegister>7036</VertexIdToRegister>
    <VertexIdToRegister>7037</VertexIdToRegister>
    <VertexIdToRegister>7043</VertexIdToRegister>
    <VertexIdToRegister>7044</VertexIdToRegister>
    <VertexIdToRegister>7045</VertexIdToRegister>
    <VertexIdToRegister>7046</VertexIdToRegister>
    <VertexIdToRegister>7047</VertexIdToRegister>
    <VertexIdToRegister>7048</VertexIdToRegister>
    <VertexIdToRegister>7049</VertexIdToRegister>
    <VertexIdToRegister>7050</VertexIdToRegister>
    <VertexIdToRegister>7051</VertexIdToRegister>
    <VertexIdToRegister>7052</VertexIdToRegister>
    <VertexIdToRegister>7053</VertexIdToRegister>
    <VertexIdToRegister>7054</VertexIdToRegister>
    <VertexIdToRegister>7055</VertexIdToRegister>
    <VertexIdToRegister>7056</VertexIdToRegister>
    <VertexIdToRegister>7057</VertexIdToRegister>
    <VertexIdToRegister>7058</VertexIdToRegister>
    <VertexIdToRegister>7059</VertexIdToRegister>
    <VertexIdToRegister>7060</VertexIdToRegister>
    <VertexIdToRegister>7061</VertexIdToRegister>
    <VertexIdToRegister>7062</VertexIdToRegister>
    <VertexIdToRegister>7063</VertexIdToRegister>
    <VertexIdToRegister>7064</VertexIdToRegister>
    <VertexIdToRegister>7065</VertexIdToRegister>
    <VertexIdToRegister>7066</VertexIdToRegister>
    <VertexIdToRegister>7067</VertexIdToRegister>
    <VertexIdToRegister>7068</VertexIdToRegister>
    <VertexIdToRegister>7069</VertexIdToRegister>
    <VertexIdToRegister>7070</VertexIdToRegister>
    <VertexIdToRegister>7071</VertexIdToRegister>
    <VertexIdToRegister>7072</VertexIdToRegister>
    <VertexIdToRegister>7073</VertexIdToRegister>
    <VertexIdToRegister>7074</VertexIdToRegister>
    <VertexIdToRegister>7075</VertexIdToRegister>
    <VertexIdToRegister>7076</VertexIdToRegister>
    <VertexIdToRegister>7077</VertexIdToRegister>
    <VertexIdToRegister>7078</VertexIdToRegister>
    <VertexIdToRegister>7079</VertexIdToRegister>
    <VertexIdToRegister>7080</VertexIdToRegister>
    <VertexIdToRegister>7081</VertexIdToRegister>
    <VertexIdToRegister>7082</VertexIdToRegister>
    <VertexIdToRegister>7083</VertexIdToRegister>
    <VertexIdToRegister>7084</VertexIdToRegister>
    <VertexIdToRegister>7085</VertexIdToRegister>
    <VertexIdToRegister>7086</VertexIdToRegister>
    <VertexIdToRegister>7087</VertexIdToRegister>
    <VertexIdToRegister>7088</VertexIdToRegister>
    <VertexIdToRegister>7089</VertexIdToRegister>
    <VertexIdToRegister>7090</VertexIdToRegister>
    <VertexIdToRegister>7091</VertexIdToRegister>
    <VertexIdToRegister>7092</VertexIdToRegister>
    <VertexIdToRegister>7093</VertexIdToRegister>
    <VertexIdToRegister>7094</VertexIdToRegister>
    <VertexIdToRegister>7095</VertexIdToRegister>
    <VertexIdToRegister>7096</VertexIdToRegister>
    <VertexIdToRegister>7097</VertexIdToRegister>
    <VertexIdToRegister>7098</VertexIdToRegister>
    <VertexIdToRegister>7099</VertexIdToRegister>
    <VertexIdToRegister>7100</VertexIdToRegister>
    <VertexIdToRegister>7101</VertexIdToRegister>
    <VertexIdToRegister>7102</VertexIdToRegister>
    <VertexIdToRegister>7103</VertexIdToRegister>
    <VertexIdToRegister>7104</VertexIdToRegister>
    <VertexIdToRegister>7105</VertexIdToRegister>
    <VertexIdToRegister>7106</VertexIdToRegister>
    <VertexIdToRegister>7108</VertexIdToRegister>
    <VertexIdToRegister>7109</VertexIdToRegister>
    <VertexIdToRegister>7111</VertexIdToRegister>
    <VertexIdToRegister>7112</VertexIdToRegister>
    <VertexIdToRegister>7114</VertexIdToRegister>
    <VertexIdToRegister>7115</VertexIdToRegister>
    <VertexIdToRegister>7117</VertexIdToRegister>
    <VertexIdToRegister>7118</VertexIdToRegister>
    <VertexIdToRegister>7120</VertexIdToRegister>
    <VertexIdToRegister>7121</VertexIdToRegister>
    <VertexIdToRegister>7123</VertexIdToRegister>
    <VertexIdToRegister>7124</VertexIdToRegister>
    <VertexIdToRegister>7126</VertexIdToRegister>
    <VertexIdToRegister>7127</VertexIdToRegister>
    <VertexIdToRegister>7129</VertexIdToRegister>
    <VertexIdToRegister>7130</VertexIdToRegister>
    <VertexIdToRegister>7132</VertexIdToRegister>
    <VertexIdToRegister>7133</VertexIdToRegister>
    <VertexIdToRegister>7134</VertexIdToRegister>
    <VertexIdToRegister>7135</VertexIdToRegister>
    <VertexIdToRegister>7136</VertexIdToRegister>
    <VertexIdToRegister>7137</VertexIdToRegister>
    <VertexIdToRegister>7138</VertexIdToRegister>
    <VertexIdToRegister>7139</VertexIdToRegister>
    <VertexIdToRegister>7140</VertexIdToRegister>
    <VertexIdToRegister>7141</VertexIdToRegister>
    <VertexIdToRegister>7142</VertexIdToRegister>
    <VertexIdToRegister>7143</VertexIdToRegister>
    <VertexIdToRegister>7144</VertexIdToRegister>
    <VertexIdToRegister>7145</VertexIdToRegister>
    <VertexIdToRegister>7146</VertexIdToRegister>
    <VertexIdToRegister>7147</VertexIdToRegister>
    <VertexIdToRegister>7148</VertexIdToRegister>
    <VertexIdToRegister>7149</VertexIdToRegister>
    <VertexIdToRegister>7150</VertexIdToRegister>
    <VertexIdToRegister>7151</VertexIdToRegister>
    <VertexIdToRegister>7152</VertexIdToRegister>
    <VertexIdToRegister>7153</VertexIdToRegister>
    <VertexIdToRegister>7154</VertexIdToRegister>
    <VertexIdToRegister>7155</VertexIdToRegister>
    <VertexIdToRegister>7156</VertexIdToRegister>
    <VertexIdToRegister>7157</VertexIdToRegister>
    <VertexIdToRegister>7158</VertexIdToRegister>
    <VertexIdToRegister>7159</VertexIdToRegister>
    <VertexIdToRegister>7160</VertexIdToRegister>
    <VertexIdToRegister>7161</VertexIdToRegister>
    <VertexIdToRegister>7162</VertexIdToRegister>
    <VertexIdToRegister>7163</VertexIdToRegister>
    <VertexIdToRegister>7164</VertexIdToRegister>
    <VertexIdToRegister>7165</VertexIdToRegister>
    <VertexIdToRegister>7166</VertexIdToRegister>
    <VertexIdToRegister>7167</VertexIdToRegister>
    <VertexIdToRegister>7168</VertexIdToRegister>
    <VertexIdToRegister>7169</VertexIdToRegister>
    <VertexIdToRegister>7170</VertexIdToRegister>
    <VertexIdToRegister>7171</VertexIdToRegister>
    <VertexIdToRegister>7172</VertexIdToRegister>
    <VertexIdToRegister>7173</VertexIdToRegister>
    <VertexIdToRegister>7174</VertexIdToRegister>
    <VertexIdToRegister>7175</VertexIdToRegister>
    <VertexIdToRegister>7176</VertexIdToRegister>
    <VertexIdToRegister>7177</VertexIdToRegister>
    <VertexIdToRegister>7178</VertexIdToRegister>
    <VertexIdToRegister>7179</VertexIdToRegister>
    <VertexIdToRegister>7180</VertexIdToRegister>
    <VertexIdToRegister>7181</VertexIdToRegister>
    <VertexIdToRegister>7182</VertexIdToRegister>
    <VertexIdToRegister>7183</VertexIdToRegister>
    <VertexIdToRegister>7184</VertexIdToRegister>
    <VertexIdToRegister>7185</VertexIdToRegister>
    <VertexIdToRegister>7186</VertexIdToRegister>
    <VertexIdToRegister>7187</VertexIdToRegister>
    <VertexIdToRegister>7188</VertexIdToRegister>
    <VertexIdToRegister>7189</VertexIdToRegister>
    <VertexIdToRegister>7190</VertexIdToRegister>
    <VertexIdToRegister>7191</VertexIdToRegister>
    <VertexIdToRegister>7192</VertexIdToRegister>
    <VertexIdToRegister>7193</VertexIdToRegister>
    <VertexIdToRegister>7194</VertexIdToRegister>
    <VertexIdToRegister>7195</VertexIdToRegister>
    <VertexIdToRegister>7202</VertexIdToRegister>
    <VertexIdToRegister>7203</VertexIdToRegister>
    <VertexIdToRegister>7205</VertexIdToRegister>
    <VertexIdToRegister>7206</VertexIdToRegister>
    <VertexIdToRegister>7208</VertexIdToRegister>
    <VertexIdToRegister>7209</VertexIdToRegister>
    <VertexIdToRegister>7211</VertexIdToRegister>
    <VertexIdToRegister>7212</VertexIdToRegister>
    <VertexIdToRegister>7220</VertexIdToRegister>
    <VertexIdToRegister>7221</VertexIdToRegister>
    <VertexIdToRegister>7223</VertexIdToRegister>
    <VertexIdToRegister>7224</VertexIdToRegister>
    <VertexIdToRegister>7227</VertexIdToRegister>
    <VertexIdToRegister>7228</VertexIdToRegister>
    <VertexIdToRegister>7230</VertexIdToRegister>
    <VertexIdToRegister>7231</VertexIdToRegister>
    <VertexIdToRegister>7233</VertexIdToRegister>
    <VertexIdToRegister>833</VertexIdToRegister>
    <VertexIdToRegister>836</VertexIdToRegister>
    <VertexIdToRegister>944</VertexIdToRegister>
    <VertexIdToRegister>953</VertexIdToRegister>
    <VertexIdToRegister>962</VertexIdToRegister>
    <VertexIdToRegister>971</VertexIdToRegister>
    <VertexIdToRegister>1214</VertexIdToRegister>
    <VertexIdToRegister>1954</VertexIdToRegister>
    <VertexIdToRegister>1957</VertexIdToRegister>
    <VertexIdToRegister>2025</VertexIdToRegister>
    <VertexIdToRegister>2093</VertexIdToRegister>
    <VertexIdToRegister>4275</VertexIdToRegister>
    <VertexIdToRegister>4278</VertexIdToRegister>
    <VertexIdToRegister>4281</VertexIdToRegister>
    <VertexIdToRegister>4284</VertexIdToRegister>
    <VertexIdToRegister>4287</VertexIdToRegister>
    <VertexIdToRegister>4290</VertexIdToRegister>
    <VertexIdToRegister>4293</VertexIdToRegister>
    <VertexIdToRegister>4296</VertexIdToRegister>
    <VertexIdToRegister>4299</VertexIdToRegister>
    <VertexIdToRegister>4302</VertexIdToRegister>
    <VertexIdToRegister>4305</VertexIdToRegister>
    <VertexIdToRegister>4308</VertexIdToRegister>
    <VertexIdToRegister>4311</VertexIdToRegister>
    <VertexIdToRegister>4314</VertexIdToRegister>
    <VertexIdToRegister>4317</VertexIdToRegister>
    <VertexIdToRegister>4320</VertexIdToRegister>
    <VertexIdToRegister>4323</VertexIdToRegister>
    <VertexIdToRegister>4326</VertexIdToRegister>
    <VertexIdToRegister>4329</VertexIdToRegister>
    <VertexIdToRegister>4332</VertexIdToRegister>
    <VertexIdToRegister>4335</VertexIdToRegister>
    <VertexIdToRegister>4338</VertexIdToRegister>
    <VertexIdToRegister>4341</VertexIdToRegister>
    <VertexIdToRegister>4344</VertexIdToRegister>
    <VertexIdToRegister>4347</VertexIdToRegister>
    <VertexIdToRegister>4350</VertexIdToRegister>
    <VertexIdToRegister>4353</VertexIdToRegister>
    <VertexIdToRegister>4356</VertexIdToRegister>
    <VertexIdToRegister>4359</VertexIdToRegister>
    <VertexIdToRegister>4362</VertexIdToRegister>
    <VertexIdToRegister>4365</VertexIdToRegister>
    <VertexIdToRegister>4368</VertexIdToRegister>
    <VertexIdToRegister>4371</VertexIdToRegister>
    <VertexIdToRegister>4374</VertexIdToRegister>
    <VertexIdToRegister>4377</VertexIdToRegister>
    <VertexIdToRegister>4380</VertexIdToRegister>
    <VertexIdToRegister>4383</VertexIdToRegister>
    <VertexIdToRegister>4386</VertexIdToRegister>
    <VertexIdToRegister>4389</VertexIdToRegister>
    <VertexIdToRegister>4392</VertexIdToRegister>
    <VertexIdToRegister>4395</VertexIdToRegister>
    <VertexIdToRegister>4398</VertexIdToRegister>
    <VertexIdToRegister>4401</VertexIdToRegister>
    <VertexIdToRegister>4404</VertexIdToRegister>
    <VertexIdToRegister>4407</VertexIdToRegister>
    <VertexIdToRegister>4410</VertexIdToRegister>
    <VertexIdToRegister>4413</VertexIdToRegister>
    <VertexIdToRegister>4416</VertexIdToRegister>
    <VertexIdToRegister>4419</VertexIdToRegister>
    <VertexIdToRegister>4422</VertexIdToRegister>
    <VertexIdToRegister>4425</VertexIdToRegister>
    <VertexIdToRegister>4428</VertexIdToRegister>
    <VertexIdToRegister>4431</VertexIdToRegister>
    <VertexIdToRegister>4434</VertexIdToRegister>
    <VertexIdToRegister>4437</VertexIdToRegister>
    <VertexIdToRegister>4440</VertexIdToRegister>
    <VertexIdToRegister>4443</VertexIdToRegister>
    <VertexIdToRegister>4446</VertexIdToRegister>
    <VertexIdToRegister>4449</VertexIdToRegister>
    <VertexIdToRegister>4452</VertexIdToRegister>
    <VertexIdToRegister>4455</VertexIdToRegister>
    <VertexIdToRegister>4458</VertexIdToRegister>
    <VertexIdToRegister>4461</VertexIdToRegister>
    <VertexIdToRegister>4464</VertexIdToRegister>
  </RegisterAssignments>
</Root>