<?xml version="1.0" encoding="utf-8" standalone="yes"?>
<Root>
  <processingTimeInMilliseconds>0.0</processingTimeInMilliseconds>
  <RegisterAssignments>
    <VertexIdToRegister>5629</VertexIdToRegister>
    <VertexIdToRegister>5372</VertexIdToRegister>
    <VertexIdToRegister>6112</VertexIdToRegister>
    <VertexIdToRegister>894</VertexIdToRegister>
    <VertexIdToRegister>5384</VertexIdToRegister>
    <VertexIdToRegister>5622</VertexIdToRegister>
    <VertexIdToRegister>5618</VertexIdToRegister>
    <VertexIdToRegister>5378</VertexIdToRegister>
  </RegisterAssignments>
</Root>
