<?xml version="1.0" encoding="utf-8" standalone="yes"?>
<Root>
  <processingTimeInMilliseconds>0.2836</processingTimeInMilliseconds>
  <RegisterAssignments>
    <VertexIdToRegister>35</VertexIdToRegister>
    <VertexIdToRegister>38</VertexIdToRegister>
    <VertexIdToRegister>41</VertexIdToRegister>
    <VertexIdToRegister>44</VertexIdToRegister>
    <VertexIdToRegister>47</VertexIdToRegister>
    <VertexIdToRegister>51</VertexIdToRegister>
    <VertexIdToRegister>54</VertexIdToRegister>
    <VertexIdToRegister>57</VertexIdToRegister>
    <VertexIdToRegister>60</VertexIdToRegister>
    <VertexIdToRegister>63</VertexIdToRegister>
    <VertexIdToRegister>64</VertexIdToRegister>
    <VertexIdToRegister>66</VertexIdToRegister>
    <VertexIdToRegister>114</VertexIdToRegister>
    <VertexIdToRegister>124</VertexIdToRegister>
    <VertexIdToRegister>141</VertexIdToRegister>
    <VertexIdToRegister>144</VertexIdToRegister>
    <VertexIdToRegister>147</VertexIdToRegister>
    <VertexIdToRegister>167</VertexIdToRegister>
    <VertexIdToRegister>173</VertexIdToRegister>
    <VertexIdToRegister>176</VertexIdToRegister>
    <VertexIdToRegister>183</VertexIdToRegister>
    <VertexIdToRegister>186</VertexIdToRegister>
    <VertexIdToRegister>231</VertexIdToRegister>
    <VertexIdToRegister>235</VertexIdToRegister>
    <VertexIdToRegister>239</VertexIdToRegister>
    <VertexIdToRegister>244</VertexIdToRegister>
    <VertexIdToRegister>245</VertexIdToRegister>
    <VertexIdToRegister>246</VertexIdToRegister>
    <VertexIdToRegister>247</VertexIdToRegister>
    <VertexIdToRegister>250</VertexIdToRegister>
    <VertexIdToRegister>255</VertexIdToRegister>
    <VertexIdToRegister>256</VertexIdToRegister>
    <VertexIdToRegister>257</VertexIdToRegister>
    <VertexIdToRegister>258</VertexIdToRegister>
    <VertexIdToRegister>281</VertexIdToRegister>
    <VertexIdToRegister>298</VertexIdToRegister>
    <VertexIdToRegister>323</VertexIdToRegister>
    <VertexIdToRegister>340</VertexIdToRegister>
    <VertexIdToRegister>447</VertexIdToRegister>
  </RegisterAssignments>
</Root>