<?xml version="1.0" encoding="utf-8" standalone="yes"?>
<Root>
  <processingTimeInMilliseconds>4.1263000000000005</processingTimeInMilliseconds>
  <RegisterAssignments>
    <VertexIdToRegister>0</VertexIdToRegister>
    <VertexIdToRegister>63</VertexIdToRegister>
    <VertexIdToRegister>108</VertexIdToRegister>
    <VertexIdToRegister>109</VertexIdToRegister>
    <VertexIdToRegister>110</VertexIdToRegister>
    <VertexIdToRegister>111</VertexIdToRegister>
    <VertexIdToRegister>112</VertexIdToRegister>
    <VertexIdToRegister>115</VertexIdToRegister>
    <VertexIdToRegister>160</VertexIdToRegister>
    <VertexIdToRegister>161</VertexIdToRegister>
    <VertexIdToRegister>162</VertexIdToRegister>
    <VertexIdToRegister>163</VertexIdToRegister>
    <VertexIdToRegister>164</VertexIdToRegister>
    <VertexIdToRegister>167</VertexIdToRegister>
    <VertexIdToRegister>212</VertexIdToRegister>
    <VertexIdToRegister>213</VertexIdToRegister>
    <VertexIdToRegister>214</VertexIdToRegister>
    <VertexIdToRegister>215</VertexIdToRegister>
    <VertexIdToRegister>216</VertexIdToRegister>
    <VertexIdToRegister>219</VertexIdToRegister>
    <VertexIdToRegister>264</VertexIdToRegister>
    <VertexIdToRegister>265</VertexIdToRegister>
    <VertexIdToRegister>266</VertexIdToRegister>
    <VertexIdToRegister>267</VertexIdToRegister>
    <VertexIdToRegister>268</VertexIdToRegister>
    <VertexIdToRegister>271</VertexIdToRegister>
    <VertexIdToRegister>316</VertexIdToRegister>
    <VertexIdToRegister>317</VertexIdToRegister>
    <VertexIdToRegister>318</VertexIdToRegister>
    <VertexIdToRegister>319</VertexIdToRegister>
    <VertexIdToRegister>320</VertexIdToRegister>
    <VertexIdToRegister>323</VertexIdToRegister>
    <VertexIdToRegister>368</VertexIdToRegister>
    <VertexIdToRegister>369</VertexIdToRegister>
    <VertexIdToRegister>370</VertexIdToRegister>
    <VertexIdToRegister>371</VertexIdToRegister>
    <VertexIdToRegister>372</VertexIdToRegister>
    <VertexIdToRegister>375</VertexIdToRegister>
    <VertexIdToRegister>420</VertexIdToRegister>
    <VertexIdToRegister>421</VertexIdToRegister>
    <VertexIdToRegister>422</VertexIdToRegister>
    <VertexIdToRegister>423</VertexIdToRegister>
    <VertexIdToRegister>424</VertexIdToRegister>
    <VertexIdToRegister>427</VertexIdToRegister>
    <VertexIdToRegister>432</VertexIdToRegister>
    <VertexIdToRegister>435</VertexIdToRegister>
    <VertexIdToRegister>438</VertexIdToRegister>
    <VertexIdToRegister>441</VertexIdToRegister>
    <VertexIdToRegister>476</VertexIdToRegister>
    <VertexIdToRegister>482</VertexIdToRegister>
  </RegisterAssignments>
</Root>