<?xml version="1.0" encoding="utf-8" standalone="yes"?>
<Root>
  <processingTimeInMilliseconds>1.7374</processingTimeInMilliseconds>
  <RegisterAssignments>
    <VertexIdToRegister>311</VertexIdToRegister>
    <VertexIdToRegister>314</VertexIdToRegister>
    <VertexIdToRegister>319</VertexIdToRegister>
    <VertexIdToRegister>327</VertexIdToRegister>
    <VertexIdToRegister>335</VertexIdToRegister>
    <VertexIdToRegister>343</VertexIdToRegister>
    <VertexIdToRegister>351</VertexIdToRegister>
    <VertexIdToRegister>359</VertexIdToRegister>
    <VertexIdToRegister>367</VertexIdToRegister>
    <VertexIdToRegister>375</VertexIdToRegister>
    <VertexIdToRegister>419</VertexIdToRegister>
    <VertexIdToRegister>435</VertexIdToRegister>
    <VertexIdToRegister>451</VertexIdToRegister>
    <VertexIdToRegister>467</VertexIdToRegister>
    <VertexIdToRegister>483</VertexIdToRegister>
    <VertexIdToRegister>499</VertexIdToRegister>
    <VertexIdToRegister>515</VertexIdToRegister>
    <VertexIdToRegister>531</VertexIdToRegister>
    <VertexIdToRegister>548</VertexIdToRegister>
    <VertexIdToRegister>552</VertexIdToRegister>
    <VertexIdToRegister>556</VertexIdToRegister>
    <VertexIdToRegister>560</VertexIdToRegister>
    <VertexIdToRegister>564</VertexIdToRegister>
    <VertexIdToRegister>568</VertexIdToRegister>
    <VertexIdToRegister>572</VertexIdToRegister>
    <VertexIdToRegister>576</VertexIdToRegister>
    <VertexIdToRegister>580</VertexIdToRegister>
    <VertexIdToRegister>762</VertexIdToRegister>
    <VertexIdToRegister>764</VertexIdToRegister>
    <VertexIdToRegister>766</VertexIdToRegister>
    <VertexIdToRegister>768</VertexIdToRegister>
    <VertexIdToRegister>770</VertexIdToRegister>
    <VertexIdToRegister>772</VertexIdToRegister>
    <VertexIdToRegister>774</VertexIdToRegister>
    <VertexIdToRegister>800</VertexIdToRegister>
    <VertexIdToRegister>804</VertexIdToRegister>
    <VertexIdToRegister>808</VertexIdToRegister>
    <VertexIdToRegister>812</VertexIdToRegister>
    <VertexIdToRegister>995</VertexIdToRegister>
    <VertexIdToRegister>1012</VertexIdToRegister>
    <VertexIdToRegister>1037</VertexIdToRegister>
    <VertexIdToRegister>1054</VertexIdToRegister>
    <VertexIdToRegister>1352</VertexIdToRegister>
    <VertexIdToRegister>1356</VertexIdToRegister>
    <VertexIdToRegister>1360</VertexIdToRegister>
    <VertexIdToRegister>1364</VertexIdToRegister>
    <VertexIdToRegister>1530</VertexIdToRegister>
    <VertexIdToRegister>1534</VertexIdToRegister>
    <VertexIdToRegister>1566</VertexIdToRegister>
    <VertexIdToRegister>1570</VertexIdToRegister>
    <VertexIdToRegister>1720</VertexIdToRegister>
    <VertexIdToRegister>1724</VertexIdToRegister>
    <VertexIdToRegister>1772</VertexIdToRegister>
    <VertexIdToRegister>1776</VertexIdToRegister>
    <VertexIdToRegister>1926</VertexIdToRegister>
    <VertexIdToRegister>1930</VertexIdToRegister>
    <VertexIdToRegister>1978</VertexIdToRegister>
    <VertexIdToRegister>1982</VertexIdToRegister>
    <VertexIdToRegister>2132</VertexIdToRegister>
    <VertexIdToRegister>2136</VertexIdToRegister>
    <VertexIdToRegister>2184</VertexIdToRegister>
    <VertexIdToRegister>2188</VertexIdToRegister>
    <VertexIdToRegister>2338</VertexIdToRegister>
    <VertexIdToRegister>2342</VertexIdToRegister>
    <VertexIdToRegister>2390</VertexIdToRegister>
    <VertexIdToRegister>2394</VertexIdToRegister>
    <VertexIdToRegister>2399</VertexIdToRegister>
    <VertexIdToRegister>2400</VertexIdToRegister>
    <VertexIdToRegister>2472</VertexIdToRegister>
    <VertexIdToRegister>2473</VertexIdToRegister>
    <VertexIdToRegister>2539</VertexIdToRegister>
    <VertexIdToRegister>2543</VertexIdToRegister>
    <VertexIdToRegister>2548</VertexIdToRegister>
    <VertexIdToRegister>2549</VertexIdToRegister>
    <VertexIdToRegister>2553</VertexIdToRegister>
    <VertexIdToRegister>2554</VertexIdToRegister>
    <VertexIdToRegister>2586</VertexIdToRegister>
    <VertexIdToRegister>2590</VertexIdToRegister>
    <VertexIdToRegister>2595</VertexIdToRegister>
    <VertexIdToRegister>2596</VertexIdToRegister>
    <VertexIdToRegister>2670</VertexIdToRegister>
    <VertexIdToRegister>2671</VertexIdToRegister>
    <VertexIdToRegister>2737</VertexIdToRegister>
    <VertexIdToRegister>2741</VertexIdToRegister>
    <VertexIdToRegister>2746</VertexIdToRegister>
    <VertexIdToRegister>2747</VertexIdToRegister>
    <VertexIdToRegister>2751</VertexIdToRegister>
    <VertexIdToRegister>2752</VertexIdToRegister>
    <VertexIdToRegister>2784</VertexIdToRegister>
    <VertexIdToRegister>2788</VertexIdToRegister>
  </RegisterAssignments>
</Root>