<?xml version="1.0" encoding="utf-8" standalone="yes"?>
<Root>
  <processingTimeInMilliseconds>20.9163</processingTimeInMilliseconds>
  <RegisterAssignments>
    <VertexIdToRegister>38</VertexIdToRegister>
    <VertexIdToRegister>40</VertexIdToRegister>
    <VertexIdToRegister>96</VertexIdToRegister>
    <VertexIdToRegister>101</VertexIdToRegister>
    <VertexIdToRegister>270</VertexIdToRegister>
    <VertexIdToRegister>271</VertexIdToRegister>
    <VertexIdToRegister>310</VertexIdToRegister>
    <VertexIdToRegister>349</VertexIdToRegister>
    <VertexIdToRegister>350</VertexIdToRegister>
    <VertexIdToRegister>389</VertexIdToRegister>
    <VertexIdToRegister>428</VertexIdToRegister>
    <VertexIdToRegister>429</VertexIdToRegister>
    <VertexIdToRegister>502</VertexIdToRegister>
    <VertexIdToRegister>575</VertexIdToRegister>
    <VertexIdToRegister>576</VertexIdToRegister>
    <VertexIdToRegister>649</VertexIdToRegister>
    <VertexIdToRegister>650</VertexIdToRegister>
    <VertexIdToRegister>735</VertexIdToRegister>
    <VertexIdToRegister>736</VertexIdToRegister>
    <VertexIdToRegister>737</VertexIdToRegister>
    <VertexIdToRegister>738</VertexIdToRegister>
    <VertexIdToRegister>739</VertexIdToRegister>
    <VertexIdToRegister>740</VertexIdToRegister>
    <VertexIdToRegister>741</VertexIdToRegister>
    <VertexIdToRegister>742</VertexIdToRegister>
    <VertexIdToRegister>743</VertexIdToRegister>
    <VertexIdToRegister>744</VertexIdToRegister>
    <VertexIdToRegister>745</VertexIdToRegister>
    <VertexIdToRegister>746</VertexIdToRegister>
    <VertexIdToRegister>747</VertexIdToRegister>
    <VertexIdToRegister>748</VertexIdToRegister>
    <VertexIdToRegister>749</VertexIdToRegister>
    <VertexIdToRegister>750</VertexIdToRegister>
    <VertexIdToRegister>751</VertexIdToRegister>
    <VertexIdToRegister>752</VertexIdToRegister>
    <VertexIdToRegister>753</VertexIdToRegister>
    <VertexIdToRegister>754</VertexIdToRegister>
    <VertexIdToRegister>755</VertexIdToRegister>
    <VertexIdToRegister>756</VertexIdToRegister>
    <VertexIdToRegister>757</VertexIdToRegister>
    <VertexIdToRegister>758</VertexIdToRegister>
    <VertexIdToRegister>759</VertexIdToRegister>
    <VertexIdToRegister>760</VertexIdToRegister>
    <VertexIdToRegister>761</VertexIdToRegister>
    <VertexIdToRegister>762</VertexIdToRegister>
    <VertexIdToRegister>763</VertexIdToRegister>
    <VertexIdToRegister>764</VertexIdToRegister>
    <VertexIdToRegister>765</VertexIdToRegister>
    <VertexIdToRegister>766</VertexIdToRegister>
    <VertexIdToRegister>801</VertexIdToRegister>
    <VertexIdToRegister>802</VertexIdToRegister>
    <VertexIdToRegister>803</VertexIdToRegister>
    <VertexIdToRegister>804</VertexIdToRegister>
    <VertexIdToRegister>805</VertexIdToRegister>
    <VertexIdToRegister>806</VertexIdToRegister>
    <VertexIdToRegister>807</VertexIdToRegister>
    <VertexIdToRegister>808</VertexIdToRegister>
    <VertexIdToRegister>809</VertexIdToRegister>
    <VertexIdToRegister>810</VertexIdToRegister>
    <VertexIdToRegister>811</VertexIdToRegister>
    <VertexIdToRegister>812</VertexIdToRegister>
    <VertexIdToRegister>813</VertexIdToRegister>
    <VertexIdToRegister>814</VertexIdToRegister>
    <VertexIdToRegister>815</VertexIdToRegister>
    <VertexIdToRegister>816</VertexIdToRegister>
    <VertexIdToRegister>817</VertexIdToRegister>
    <VertexIdToRegister>818</VertexIdToRegister>
    <VertexIdToRegister>819</VertexIdToRegister>
    <VertexIdToRegister>820</VertexIdToRegister>
    <VertexIdToRegister>821</VertexIdToRegister>
    <VertexIdToRegister>822</VertexIdToRegister>
    <VertexIdToRegister>823</VertexIdToRegister>
    <VertexIdToRegister>824</VertexIdToRegister>
    <VertexIdToRegister>825</VertexIdToRegister>
    <VertexIdToRegister>826</VertexIdToRegister>
    <VertexIdToRegister>827</VertexIdToRegister>
    <VertexIdToRegister>828</VertexIdToRegister>
    <VertexIdToRegister>829</VertexIdToRegister>
    <VertexIdToRegister>830</VertexIdToRegister>
    <VertexIdToRegister>831</VertexIdToRegister>
    <VertexIdToRegister>832</VertexIdToRegister>
    <VertexIdToRegister>1157</VertexIdToRegister>
    <VertexIdToRegister>1170</VertexIdToRegister>
    <VertexIdToRegister>1278</VertexIdToRegister>
    <VertexIdToRegister>1282</VertexIdToRegister>
    <VertexIdToRegister>1338</VertexIdToRegister>
    <VertexIdToRegister>1341</VertexIdToRegister>
    <VertexIdToRegister>1413</VertexIdToRegister>
    <VertexIdToRegister>1421</VertexIdToRegister>
    <VertexIdToRegister>1447</VertexIdToRegister>
    <VertexIdToRegister>1455</VertexIdToRegister>
    <VertexIdToRegister>1463</VertexIdToRegister>
    <VertexIdToRegister>1471</VertexIdToRegister>
    <VertexIdToRegister>1481</VertexIdToRegister>
    <VertexIdToRegister>1489</VertexIdToRegister>
    <VertexIdToRegister>1497</VertexIdToRegister>
    <VertexIdToRegister>1505</VertexIdToRegister>
    <VertexIdToRegister>1508</VertexIdToRegister>
    <VertexIdToRegister>1509</VertexIdToRegister>
    <VertexIdToRegister>1511</VertexIdToRegister>
    <VertexIdToRegister>1513</VertexIdToRegister>
    <VertexIdToRegister>1515</VertexIdToRegister>
    <VertexIdToRegister>1517</VertexIdToRegister>
    <VertexIdToRegister>1519</VertexIdToRegister>
    <VertexIdToRegister>1521</VertexIdToRegister>
    <VertexIdToRegister>1523</VertexIdToRegister>
    <VertexIdToRegister>1564</VertexIdToRegister>
    <VertexIdToRegister>1611</VertexIdToRegister>
  </RegisterAssignments>
</Root>