<?xml version="1.0" encoding="utf-8" standalone="yes"?>
<Root>
  <processingTimeInMilliseconds>0.0651</processingTimeInMilliseconds>
  <RegisterAssignments>
    <VertexIdToRegister>13</VertexIdToRegister>
    <VertexIdToRegister>16</VertexIdToRegister>
    <VertexIdToRegister>18</VertexIdToRegister>
    <VertexIdToRegister>21</VertexIdToRegister>
    <VertexIdToRegister>23</VertexIdToRegister>
    <VertexIdToRegister>46</VertexIdToRegister>
    <VertexIdToRegister>47</VertexIdToRegister>
  </RegisterAssignments>
</Root>