<?xml version="1.0" encoding="utf-8" standalone="yes"?>
<Root>
  <processingTimeInMilliseconds>0.1514</processingTimeInMilliseconds>
  <RegisterAssignments>
    <VertexIdToRegister>37</VertexIdToRegister>
    <VertexIdToRegister>41</VertexIdToRegister>
    <VertexIdToRegister>66</VertexIdToRegister>
    <VertexIdToRegister>68</VertexIdToRegister>
    <VertexIdToRegister>80</VertexIdToRegister>
    <VertexIdToRegister>88</VertexIdToRegister>
    <VertexIdToRegister>115</VertexIdToRegister>
    <VertexIdToRegister>141</VertexIdToRegister>
    <VertexIdToRegister>182</VertexIdToRegister>
    <VertexIdToRegister>192</VertexIdToRegister>
    <VertexIdToRegister>196</VertexIdToRegister>
    <VertexIdToRegister>199</VertexIdToRegister>
    <VertexIdToRegister>202</VertexIdToRegister>
  </RegisterAssignments>
</Root>