<?xml version="1.0" encoding="utf-8" standalone="yes"?>
<Root>
  <processingTimeInMilliseconds>1.1543</processingTimeInMilliseconds>
  <RegisterAssignments>
    <VertexIdToRegister>89</VertexIdToRegister>
    <VertexIdToRegister>102</VertexIdToRegister>
    <VertexIdToRegister>106</VertexIdToRegister>
    <VertexIdToRegister>107</VertexIdToRegister>
    <VertexIdToRegister>109</VertexIdToRegister>
    <VertexIdToRegister>110</VertexIdToRegister>
    <VertexIdToRegister>112</VertexIdToRegister>
    <VertexIdToRegister>113</VertexIdToRegister>
    <VertexIdToRegister>115</VertexIdToRegister>
    <VertexIdToRegister>116</VertexIdToRegister>
    <VertexIdToRegister>118</VertexIdToRegister>
    <VertexIdToRegister>119</VertexIdToRegister>
    <VertexIdToRegister>121</VertexIdToRegister>
    <VertexIdToRegister>122</VertexIdToRegister>
    <VertexIdToRegister>124</VertexIdToRegister>
    <VertexIdToRegister>125</VertexIdToRegister>
    <VertexIdToRegister>127</VertexIdToRegister>
    <VertexIdToRegister>128</VertexIdToRegister>
    <VertexIdToRegister>130</VertexIdToRegister>
    <VertexIdToRegister>131</VertexIdToRegister>
    <VertexIdToRegister>133</VertexIdToRegister>
    <VertexIdToRegister>134</VertexIdToRegister>
    <VertexIdToRegister>136</VertexIdToRegister>
    <VertexIdToRegister>137</VertexIdToRegister>
    <VertexIdToRegister>139</VertexIdToRegister>
    <VertexIdToRegister>140</VertexIdToRegister>
    <VertexIdToRegister>142</VertexIdToRegister>
    <VertexIdToRegister>143</VertexIdToRegister>
    <VertexIdToRegister>145</VertexIdToRegister>
    <VertexIdToRegister>146</VertexIdToRegister>
    <VertexIdToRegister>148</VertexIdToRegister>
    <VertexIdToRegister>149</VertexIdToRegister>
    <VertexIdToRegister>151</VertexIdToRegister>
    <VertexIdToRegister>152</VertexIdToRegister>
    <VertexIdToRegister>154</VertexIdToRegister>
    <VertexIdToRegister>204</VertexIdToRegister>
    <VertexIdToRegister>206</VertexIdToRegister>
    <VertexIdToRegister>208</VertexIdToRegister>
    <VertexIdToRegister>210</VertexIdToRegister>
    <VertexIdToRegister>212</VertexIdToRegister>
    <VertexIdToRegister>214</VertexIdToRegister>
    <VertexIdToRegister>216</VertexIdToRegister>
    <VertexIdToRegister>218</VertexIdToRegister>
    <VertexIdToRegister>220</VertexIdToRegister>
    <VertexIdToRegister>222</VertexIdToRegister>
    <VertexIdToRegister>224</VertexIdToRegister>
    <VertexIdToRegister>226</VertexIdToRegister>
    <VertexIdToRegister>228</VertexIdToRegister>
    <VertexIdToRegister>230</VertexIdToRegister>
    <VertexIdToRegister>232</VertexIdToRegister>
    <VertexIdToRegister>234</VertexIdToRegister>
    <VertexIdToRegister>1278</VertexIdToRegister>
    <VertexIdToRegister>1282</VertexIdToRegister>
    <VertexIdToRegister>1338</VertexIdToRegister>
    <VertexIdToRegister>1341</VertexIdToRegister>
    <VertexIdToRegister>1347</VertexIdToRegister>
    <VertexIdToRegister>1348</VertexIdToRegister>
    <VertexIdToRegister>1349</VertexIdToRegister>
    <VertexIdToRegister>1354</VertexIdToRegister>
    <VertexIdToRegister>1355</VertexIdToRegister>
    <VertexIdToRegister>1356</VertexIdToRegister>
    <VertexIdToRegister>1361</VertexIdToRegister>
    <VertexIdToRegister>1362</VertexIdToRegister>
    <VertexIdToRegister>1363</VertexIdToRegister>
    <VertexIdToRegister>1368</VertexIdToRegister>
    <VertexIdToRegister>1369</VertexIdToRegister>
    <VertexIdToRegister>1370</VertexIdToRegister>
    <VertexIdToRegister>1376</VertexIdToRegister>
    <VertexIdToRegister>1377</VertexIdToRegister>
    <VertexIdToRegister>1379</VertexIdToRegister>
    <VertexIdToRegister>1380</VertexIdToRegister>
    <VertexIdToRegister>1382</VertexIdToRegister>
    <VertexIdToRegister>1383</VertexIdToRegister>
    <VertexIdToRegister>1385</VertexIdToRegister>
    <VertexIdToRegister>1386</VertexIdToRegister>
    <VertexIdToRegister>1409</VertexIdToRegister>
    <VertexIdToRegister>1413</VertexIdToRegister>
    <VertexIdToRegister>1417</VertexIdToRegister>
    <VertexIdToRegister>1421</VertexIdToRegister>
    <VertexIdToRegister>1440</VertexIdToRegister>
    <VertexIdToRegister>1465</VertexIdToRegister>
    <VertexIdToRegister>1473</VertexIdToRegister>
    <VertexIdToRegister>1499</VertexIdToRegister>
    <VertexIdToRegister>1507</VertexIdToRegister>
    <VertexIdToRegister>1526</VertexIdToRegister>
    <VertexIdToRegister>1569</VertexIdToRegister>
    <VertexIdToRegister>1573</VertexIdToRegister>
    <VertexIdToRegister>1577</VertexIdToRegister>
    <VertexIdToRegister>1581</VertexIdToRegister>
    <VertexIdToRegister>1585</VertexIdToRegister>
    <VertexIdToRegister>1589</VertexIdToRegister>
    <VertexIdToRegister>1593</VertexIdToRegister>
    <VertexIdToRegister>1597</VertexIdToRegister>
  </RegisterAssignments>
</Root>