<?xml version="1.0" encoding="utf-8" standalone="yes"?>
<Root>
  <processingTimeInMilliseconds>0.5401</processingTimeInMilliseconds>
  <RegisterAssignments>
    <VertexIdToRegister>2</VertexIdToRegister>
    <VertexIdToRegister>20</VertexIdToRegister>
    <VertexIdToRegister>29</VertexIdToRegister>
    <VertexIdToRegister>34</VertexIdToRegister>
    <VertexIdToRegister>51</VertexIdToRegister>
    <VertexIdToRegister>52</VertexIdToRegister>
    <VertexIdToRegister>68</VertexIdToRegister>
  </RegisterAssignments>
</Root>