<?xml version="1.0" encoding="utf-8" standalone="yes"?>
<Root>
  <processingTimeInMilliseconds>0.127</processingTimeInMilliseconds>
  <RegisterAssignments>
    <VertexIdToRegister>75</VertexIdToRegister>
    <VertexIdToRegister>83</VertexIdToRegister>
    <VertexIdToRegister>91</VertexIdToRegister>
    <VertexIdToRegister>93</VertexIdToRegister>
    <VertexIdToRegister>95</VertexIdToRegister>
    <VertexIdToRegister>97</VertexIdToRegister>
    <VertexIdToRegister>99</VertexIdToRegister>
    <VertexIdToRegister>101</VertexIdToRegister>
    <VertexIdToRegister>102</VertexIdToRegister>
    <VertexIdToRegister>103</VertexIdToRegister>
    <VertexIdToRegister>104</VertexIdToRegister>
    <VertexIdToRegister>105</VertexIdToRegister>
    <VertexIdToRegister>107</VertexIdToRegister>
    <VertexIdToRegister>109</VertexIdToRegister>
    <VertexIdToRegister>110</VertexIdToRegister>
    <VertexIdToRegister>111</VertexIdToRegister>
    <VertexIdToRegister>112</VertexIdToRegister>
    <VertexIdToRegister>113</VertexIdToRegister>
    <VertexIdToRegister>119</VertexIdToRegister>
    <VertexIdToRegister>125</VertexIdToRegister>
    <VertexIdToRegister>129</VertexIdToRegister>
    <VertexIdToRegister>130</VertexIdToRegister>
    <VertexIdToRegister>131</VertexIdToRegister>
    <VertexIdToRegister>132</VertexIdToRegister>
    <VertexIdToRegister>133</VertexIdToRegister>
    <VertexIdToRegister>137</VertexIdToRegister>
    <VertexIdToRegister>138</VertexIdToRegister>
    <VertexIdToRegister>139</VertexIdToRegister>
    <VertexIdToRegister>140</VertexIdToRegister>
    <VertexIdToRegister>141</VertexIdToRegister>
    <VertexIdToRegister>167</VertexIdToRegister>
    <VertexIdToRegister>168</VertexIdToRegister>
    <VertexIdToRegister>169</VertexIdToRegister>
    <VertexIdToRegister>170</VertexIdToRegister>
    <VertexIdToRegister>171</VertexIdToRegister>
  </RegisterAssignments>
</Root>