<?xml version="1.0" encoding="utf-8" standalone="yes"?>
<Root>
  <processingTimeInMilliseconds>0.0</processingTimeInMilliseconds>
  <RegisterAssignments>
    <VertexIdToRegister>114</VertexIdToRegister>
    <VertexIdToRegister>128</VertexIdToRegister>
    <VertexIdToRegister>131</VertexIdToRegister>
    <VertexIdToRegister>149</VertexIdToRegister>
    <VertexIdToRegister>106</VertexIdToRegister>
    <VertexIdToRegister>91</VertexIdToRegister>
    <VertexIdToRegister>134</VertexIdToRegister>
    <VertexIdToRegister>61</VertexIdToRegister>
    <VertexIdToRegister>109</VertexIdToRegister>
    <VertexIdToRegister>239</VertexIdToRegister>
    <VertexIdToRegister>175</VertexIdToRegister>
    <VertexIdToRegister>169</VertexIdToRegister>
  </RegisterAssignments>
</Root>
