<?xml version="1.0" encoding="utf-8" standalone="yes"?>
<Root>
  <processingTimeInMilliseconds>3.4334000000000002</processingTimeInMilliseconds>
  <RegisterAssignments>
    <VertexIdToRegister>2</VertexIdToRegister>
    <VertexIdToRegister>49</VertexIdToRegister>
    <VertexIdToRegister>61</VertexIdToRegister>
    <VertexIdToRegister>69</VertexIdToRegister>
    <VertexIdToRegister>86</VertexIdToRegister>
    <VertexIdToRegister>102</VertexIdToRegister>
    <VertexIdToRegister>103</VertexIdToRegister>
    <VertexIdToRegister>109</VertexIdToRegister>
    <VertexIdToRegister>110</VertexIdToRegister>
    <VertexIdToRegister>111</VertexIdToRegister>
    <VertexIdToRegister>112</VertexIdToRegister>
    <VertexIdToRegister>113</VertexIdToRegister>
    <VertexIdToRegister>114</VertexIdToRegister>
    <VertexIdToRegister>115</VertexIdToRegister>
    <VertexIdToRegister>116</VertexIdToRegister>
    <VertexIdToRegister>117</VertexIdToRegister>
    <VertexIdToRegister>118</VertexIdToRegister>
    <VertexIdToRegister>119</VertexIdToRegister>
    <VertexIdToRegister>120</VertexIdToRegister>
    <VertexIdToRegister>121</VertexIdToRegister>
    <VertexIdToRegister>122</VertexIdToRegister>
    <VertexIdToRegister>123</VertexIdToRegister>
    <VertexIdToRegister>124</VertexIdToRegister>
    <VertexIdToRegister>125</VertexIdToRegister>
    <VertexIdToRegister>126</VertexIdToRegister>
    <VertexIdToRegister>127</VertexIdToRegister>
    <VertexIdToRegister>128</VertexIdToRegister>
    <VertexIdToRegister>129</VertexIdToRegister>
    <VertexIdToRegister>136</VertexIdToRegister>
    <VertexIdToRegister>162</VertexIdToRegister>
    <VertexIdToRegister>183</VertexIdToRegister>
    <VertexIdToRegister>199</VertexIdToRegister>
    <VertexIdToRegister>200</VertexIdToRegister>
    <VertexIdToRegister>208</VertexIdToRegister>
    <VertexIdToRegister>231</VertexIdToRegister>
    <VertexIdToRegister>243</VertexIdToRegister>
    <VertexIdToRegister>251</VertexIdToRegister>
    <VertexIdToRegister>268</VertexIdToRegister>
    <VertexIdToRegister>284</VertexIdToRegister>
    <VertexIdToRegister>285</VertexIdToRegister>
    <VertexIdToRegister>291</VertexIdToRegister>
    <VertexIdToRegister>292</VertexIdToRegister>
    <VertexIdToRegister>293</VertexIdToRegister>
    <VertexIdToRegister>294</VertexIdToRegister>
    <VertexIdToRegister>295</VertexIdToRegister>
    <VertexIdToRegister>296</VertexIdToRegister>
    <VertexIdToRegister>297</VertexIdToRegister>
    <VertexIdToRegister>298</VertexIdToRegister>
    <VertexIdToRegister>299</VertexIdToRegister>
    <VertexIdToRegister>300</VertexIdToRegister>
    <VertexIdToRegister>301</VertexIdToRegister>
    <VertexIdToRegister>302</VertexIdToRegister>
    <VertexIdToRegister>303</VertexIdToRegister>
    <VertexIdToRegister>304</VertexIdToRegister>
    <VertexIdToRegister>305</VertexIdToRegister>
    <VertexIdToRegister>306</VertexIdToRegister>
    <VertexIdToRegister>307</VertexIdToRegister>
    <VertexIdToRegister>308</VertexIdToRegister>
    <VertexIdToRegister>309</VertexIdToRegister>
    <VertexIdToRegister>310</VertexIdToRegister>
    <VertexIdToRegister>311</VertexIdToRegister>
    <VertexIdToRegister>318</VertexIdToRegister>
    <VertexIdToRegister>340</VertexIdToRegister>
    <VertexIdToRegister>361</VertexIdToRegister>
    <VertexIdToRegister>377</VertexIdToRegister>
    <VertexIdToRegister>378</VertexIdToRegister>
    <VertexIdToRegister>386</VertexIdToRegister>
    <VertexIdToRegister>389</VertexIdToRegister>
    <VertexIdToRegister>390</VertexIdToRegister>
    <VertexIdToRegister>409</VertexIdToRegister>
    <VertexIdToRegister>439</VertexIdToRegister>
  </RegisterAssignments>
</Root>