<?xml version="1.0" encoding="utf-8" standalone="yes"?>
<Root>
  <processingTimeInMilliseconds>5.5729000000000006</processingTimeInMilliseconds>
  <RegisterAssignments>
    <VertexIdToRegister>366</VertexIdToRegister>
    <VertexIdToRegister>368</VertexIdToRegister>
    <VertexIdToRegister>373</VertexIdToRegister>
    <VertexIdToRegister>375</VertexIdToRegister>
    <VertexIdToRegister>380</VertexIdToRegister>
    <VertexIdToRegister>382</VertexIdToRegister>
    <VertexIdToRegister>387</VertexIdToRegister>
    <VertexIdToRegister>389</VertexIdToRegister>
    <VertexIdToRegister>461</VertexIdToRegister>
    <VertexIdToRegister>698</VertexIdToRegister>
    <VertexIdToRegister>705</VertexIdToRegister>
    <VertexIdToRegister>712</VertexIdToRegister>
    <VertexIdToRegister>722</VertexIdToRegister>
    <VertexIdToRegister>732</VertexIdToRegister>
    <VertexIdToRegister>3317</VertexIdToRegister>
    <VertexIdToRegister>3318</VertexIdToRegister>
    <VertexIdToRegister>3319</VertexIdToRegister>
    <VertexIdToRegister>3324</VertexIdToRegister>
    <VertexIdToRegister>3325</VertexIdToRegister>
    <VertexIdToRegister>3326</VertexIdToRegister>
    <VertexIdToRegister>3331</VertexIdToRegister>
    <VertexIdToRegister>3332</VertexIdToRegister>
    <VertexIdToRegister>3333</VertexIdToRegister>
    <VertexIdToRegister>3338</VertexIdToRegister>
    <VertexIdToRegister>3339</VertexIdToRegister>
    <VertexIdToRegister>3340</VertexIdToRegister>
    <VertexIdToRegister>3345</VertexIdToRegister>
    <VertexIdToRegister>3346</VertexIdToRegister>
    <VertexIdToRegister>3347</VertexIdToRegister>
    <VertexIdToRegister>3352</VertexIdToRegister>
    <VertexIdToRegister>3353</VertexIdToRegister>
    <VertexIdToRegister>3354</VertexIdToRegister>
    <VertexIdToRegister>3359</VertexIdToRegister>
    <VertexIdToRegister>3360</VertexIdToRegister>
    <VertexIdToRegister>3361</VertexIdToRegister>
    <VertexIdToRegister>3366</VertexIdToRegister>
    <VertexIdToRegister>3367</VertexIdToRegister>
    <VertexIdToRegister>3368</VertexIdToRegister>
    <VertexIdToRegister>3373</VertexIdToRegister>
    <VertexIdToRegister>3374</VertexIdToRegister>
    <VertexIdToRegister>3375</VertexIdToRegister>
    <VertexIdToRegister>3380</VertexIdToRegister>
    <VertexIdToRegister>3381</VertexIdToRegister>
    <VertexIdToRegister>3382</VertexIdToRegister>
    <VertexIdToRegister>3387</VertexIdToRegister>
    <VertexIdToRegister>3388</VertexIdToRegister>
    <VertexIdToRegister>3389</VertexIdToRegister>
    <VertexIdToRegister>3394</VertexIdToRegister>
    <VertexIdToRegister>3395</VertexIdToRegister>
    <VertexIdToRegister>3396</VertexIdToRegister>
    <VertexIdToRegister>3401</VertexIdToRegister>
    <VertexIdToRegister>3402</VertexIdToRegister>
    <VertexIdToRegister>3403</VertexIdToRegister>
    <VertexIdToRegister>3408</VertexIdToRegister>
    <VertexIdToRegister>3409</VertexIdToRegister>
    <VertexIdToRegister>3410</VertexIdToRegister>
    <VertexIdToRegister>3415</VertexIdToRegister>
    <VertexIdToRegister>3416</VertexIdToRegister>
    <VertexIdToRegister>3417</VertexIdToRegister>
    <VertexIdToRegister>3422</VertexIdToRegister>
    <VertexIdToRegister>3423</VertexIdToRegister>
    <VertexIdToRegister>3424</VertexIdToRegister>
    <VertexIdToRegister>3429</VertexIdToRegister>
    <VertexIdToRegister>3430</VertexIdToRegister>
    <VertexIdToRegister>3431</VertexIdToRegister>
    <VertexIdToRegister>3436</VertexIdToRegister>
    <VertexIdToRegister>3437</VertexIdToRegister>
    <VertexIdToRegister>3438</VertexIdToRegister>
    <VertexIdToRegister>3443</VertexIdToRegister>
    <VertexIdToRegister>3444</VertexIdToRegister>
    <VertexIdToRegister>3445</VertexIdToRegister>
    <VertexIdToRegister>3450</VertexIdToRegister>
    <VertexIdToRegister>3451</VertexIdToRegister>
    <VertexIdToRegister>3452</VertexIdToRegister>
    <VertexIdToRegister>3457</VertexIdToRegister>
    <VertexIdToRegister>3458</VertexIdToRegister>
    <VertexIdToRegister>3459</VertexIdToRegister>
    <VertexIdToRegister>3464</VertexIdToRegister>
    <VertexIdToRegister>3465</VertexIdToRegister>
    <VertexIdToRegister>3466</VertexIdToRegister>
    <VertexIdToRegister>3471</VertexIdToRegister>
    <VertexIdToRegister>3472</VertexIdToRegister>
    <VertexIdToRegister>3473</VertexIdToRegister>
    <VertexIdToRegister>3478</VertexIdToRegister>
    <VertexIdToRegister>3479</VertexIdToRegister>
    <VertexIdToRegister>3480</VertexIdToRegister>
    <VertexIdToRegister>3485</VertexIdToRegister>
    <VertexIdToRegister>3486</VertexIdToRegister>
    <VertexIdToRegister>3487</VertexIdToRegister>
    <VertexIdToRegister>3492</VertexIdToRegister>
    <VertexIdToRegister>3493</VertexIdToRegister>
    <VertexIdToRegister>3494</VertexIdToRegister>
    <VertexIdToRegister>3499</VertexIdToRegister>
    <VertexIdToRegister>3500</VertexIdToRegister>
    <VertexIdToRegister>3501</VertexIdToRegister>
    <VertexIdToRegister>3506</VertexIdToRegister>
    <VertexIdToRegister>3507</VertexIdToRegister>
    <VertexIdToRegister>3508</VertexIdToRegister>
    <VertexIdToRegister>3513</VertexIdToRegister>
    <VertexIdToRegister>3514</VertexIdToRegister>
    <VertexIdToRegister>3515</VertexIdToRegister>
    <VertexIdToRegister>3520</VertexIdToRegister>
    <VertexIdToRegister>3521</VertexIdToRegister>
    <VertexIdToRegister>3522</VertexIdToRegister>
    <VertexIdToRegister>3527</VertexIdToRegister>
    <VertexIdToRegister>3528</VertexIdToRegister>
    <VertexIdToRegister>3529</VertexIdToRegister>
    <VertexIdToRegister>3534</VertexIdToRegister>
    <VertexIdToRegister>3535</VertexIdToRegister>
    <VertexIdToRegister>3536</VertexIdToRegister>
    <VertexIdToRegister>3541</VertexIdToRegister>
    <VertexIdToRegister>3542</VertexIdToRegister>
    <VertexIdToRegister>3543</VertexIdToRegister>
    <VertexIdToRegister>3548</VertexIdToRegister>
    <VertexIdToRegister>3549</VertexIdToRegister>
    <VertexIdToRegister>3550</VertexIdToRegister>
    <VertexIdToRegister>3555</VertexIdToRegister>
    <VertexIdToRegister>3556</VertexIdToRegister>
    <VertexIdToRegister>3557</VertexIdToRegister>
    <VertexIdToRegister>3562</VertexIdToRegister>
    <VertexIdToRegister>3563</VertexIdToRegister>
    <VertexIdToRegister>3564</VertexIdToRegister>
    <VertexIdToRegister>3569</VertexIdToRegister>
    <VertexIdToRegister>3570</VertexIdToRegister>
    <VertexIdToRegister>3571</VertexIdToRegister>
    <VertexIdToRegister>3576</VertexIdToRegister>
    <VertexIdToRegister>3577</VertexIdToRegister>
    <VertexIdToRegister>3578</VertexIdToRegister>
    <VertexIdToRegister>3583</VertexIdToRegister>
    <VertexIdToRegister>3584</VertexIdToRegister>
    <VertexIdToRegister>3585</VertexIdToRegister>
    <VertexIdToRegister>3590</VertexIdToRegister>
    <VertexIdToRegister>3591</VertexIdToRegister>
    <VertexIdToRegister>3592</VertexIdToRegister>
    <VertexIdToRegister>3597</VertexIdToRegister>
    <VertexIdToRegister>3598</VertexIdToRegister>
    <VertexIdToRegister>3599</VertexIdToRegister>
    <VertexIdToRegister>3604</VertexIdToRegister>
    <VertexIdToRegister>3605</VertexIdToRegister>
    <VertexIdToRegister>3606</VertexIdToRegister>
    <VertexIdToRegister>3611</VertexIdToRegister>
    <VertexIdToRegister>3612</VertexIdToRegister>
    <VertexIdToRegister>3613</VertexIdToRegister>
    <VertexIdToRegister>3618</VertexIdToRegister>
    <VertexIdToRegister>3619</VertexIdToRegister>
    <VertexIdToRegister>3620</VertexIdToRegister>
    <VertexIdToRegister>3625</VertexIdToRegister>
    <VertexIdToRegister>3626</VertexIdToRegister>
    <VertexIdToRegister>3627</VertexIdToRegister>
    <VertexIdToRegister>3632</VertexIdToRegister>
    <VertexIdToRegister>3633</VertexIdToRegister>
    <VertexIdToRegister>3634</VertexIdToRegister>
    <VertexIdToRegister>3639</VertexIdToRegister>
    <VertexIdToRegister>3640</VertexIdToRegister>
    <VertexIdToRegister>3641</VertexIdToRegister>
    <VertexIdToRegister>3646</VertexIdToRegister>
    <VertexIdToRegister>3647</VertexIdToRegister>
    <VertexIdToRegister>3648</VertexIdToRegister>
    <VertexIdToRegister>3653</VertexIdToRegister>
    <VertexIdToRegister>3654</VertexIdToRegister>
    <VertexIdToRegister>3655</VertexIdToRegister>
    <VertexIdToRegister>3660</VertexIdToRegister>
    <VertexIdToRegister>3661</VertexIdToRegister>
    <VertexIdToRegister>3662</VertexIdToRegister>
    <VertexIdToRegister>3667</VertexIdToRegister>
    <VertexIdToRegister>3668</VertexIdToRegister>
    <VertexIdToRegister>3669</VertexIdToRegister>
    <VertexIdToRegister>3674</VertexIdToRegister>
    <VertexIdToRegister>3675</VertexIdToRegister>
    <VertexIdToRegister>3676</VertexIdToRegister>
    <VertexIdToRegister>3681</VertexIdToRegister>
    <VertexIdToRegister>3682</VertexIdToRegister>
    <VertexIdToRegister>3683</VertexIdToRegister>
    <VertexIdToRegister>3688</VertexIdToRegister>
    <VertexIdToRegister>3689</VertexIdToRegister>
    <VertexIdToRegister>3690</VertexIdToRegister>
    <VertexIdToRegister>3695</VertexIdToRegister>
    <VertexIdToRegister>3696</VertexIdToRegister>
    <VertexIdToRegister>3697</VertexIdToRegister>
    <VertexIdToRegister>3702</VertexIdToRegister>
    <VertexIdToRegister>3703</VertexIdToRegister>
    <VertexIdToRegister>3704</VertexIdToRegister>
    <VertexIdToRegister>3709</VertexIdToRegister>
    <VertexIdToRegister>3710</VertexIdToRegister>
    <VertexIdToRegister>3711</VertexIdToRegister>
    <VertexIdToRegister>3716</VertexIdToRegister>
    <VertexIdToRegister>3717</VertexIdToRegister>
    <VertexIdToRegister>3718</VertexIdToRegister>
    <VertexIdToRegister>3723</VertexIdToRegister>
    <VertexIdToRegister>3724</VertexIdToRegister>
    <VertexIdToRegister>3725</VertexIdToRegister>
    <VertexIdToRegister>3730</VertexIdToRegister>
    <VertexIdToRegister>3731</VertexIdToRegister>
    <VertexIdToRegister>3732</VertexIdToRegister>
    <VertexIdToRegister>3737</VertexIdToRegister>
    <VertexIdToRegister>3738</VertexIdToRegister>
    <VertexIdToRegister>3739</VertexIdToRegister>
    <VertexIdToRegister>3744</VertexIdToRegister>
    <VertexIdToRegister>3745</VertexIdToRegister>
    <VertexIdToRegister>3746</VertexIdToRegister>
    <VertexIdToRegister>3751</VertexIdToRegister>
    <VertexIdToRegister>3752</VertexIdToRegister>
    <VertexIdToRegister>3753</VertexIdToRegister>
    <VertexIdToRegister>3758</VertexIdToRegister>
    <VertexIdToRegister>3759</VertexIdToRegister>
    <VertexIdToRegister>3760</VertexIdToRegister>
    <VertexIdToRegister>3765</VertexIdToRegister>
    <VertexIdToRegister>3766</VertexIdToRegister>
    <VertexIdToRegister>3767</VertexIdToRegister>
    <VertexIdToRegister>3772</VertexIdToRegister>
    <VertexIdToRegister>3773</VertexIdToRegister>
    <VertexIdToRegister>3774</VertexIdToRegister>
    <VertexIdToRegister>3779</VertexIdToRegister>
    <VertexIdToRegister>3780</VertexIdToRegister>
    <VertexIdToRegister>3781</VertexIdToRegister>
    <VertexIdToRegister>3786</VertexIdToRegister>
    <VertexIdToRegister>3787</VertexIdToRegister>
    <VertexIdToRegister>3788</VertexIdToRegister>
    <VertexIdToRegister>3793</VertexIdToRegister>
    <VertexIdToRegister>3794</VertexIdToRegister>
    <VertexIdToRegister>3795</VertexIdToRegister>
    <VertexIdToRegister>3800</VertexIdToRegister>
    <VertexIdToRegister>3801</VertexIdToRegister>
    <VertexIdToRegister>3802</VertexIdToRegister>
    <VertexIdToRegister>3807</VertexIdToRegister>
    <VertexIdToRegister>3808</VertexIdToRegister>
    <VertexIdToRegister>3809</VertexIdToRegister>
    <VertexIdToRegister>3814</VertexIdToRegister>
    <VertexIdToRegister>3815</VertexIdToRegister>
    <VertexIdToRegister>3816</VertexIdToRegister>
    <VertexIdToRegister>3821</VertexIdToRegister>
    <VertexIdToRegister>3822</VertexIdToRegister>
    <VertexIdToRegister>3823</VertexIdToRegister>
    <VertexIdToRegister>3828</VertexIdToRegister>
    <VertexIdToRegister>3829</VertexIdToRegister>
    <VertexIdToRegister>3830</VertexIdToRegister>
    <VertexIdToRegister>3835</VertexIdToRegister>
    <VertexIdToRegister>3836</VertexIdToRegister>
    <VertexIdToRegister>3837</VertexIdToRegister>
    <VertexIdToRegister>3842</VertexIdToRegister>
    <VertexIdToRegister>3843</VertexIdToRegister>
    <VertexIdToRegister>3844</VertexIdToRegister>
    <VertexIdToRegister>3849</VertexIdToRegister>
    <VertexIdToRegister>3850</VertexIdToRegister>
    <VertexIdToRegister>3851</VertexIdToRegister>
    <VertexIdToRegister>3856</VertexIdToRegister>
    <VertexIdToRegister>3857</VertexIdToRegister>
    <VertexIdToRegister>3858</VertexIdToRegister>
    <VertexIdToRegister>3863</VertexIdToRegister>
    <VertexIdToRegister>3864</VertexIdToRegister>
    <VertexIdToRegister>3865</VertexIdToRegister>
    <VertexIdToRegister>3870</VertexIdToRegister>
    <VertexIdToRegister>3871</VertexIdToRegister>
    <VertexIdToRegister>3872</VertexIdToRegister>
    <VertexIdToRegister>3877</VertexIdToRegister>
    <VertexIdToRegister>3878</VertexIdToRegister>
    <VertexIdToRegister>3879</VertexIdToRegister>
    <VertexIdToRegister>3884</VertexIdToRegister>
    <VertexIdToRegister>3885</VertexIdToRegister>
    <VertexIdToRegister>3886</VertexIdToRegister>
    <VertexIdToRegister>3891</VertexIdToRegister>
    <VertexIdToRegister>3892</VertexIdToRegister>
    <VertexIdToRegister>3893</VertexIdToRegister>
    <VertexIdToRegister>3898</VertexIdToRegister>
    <VertexIdToRegister>3899</VertexIdToRegister>
    <VertexIdToRegister>3900</VertexIdToRegister>
    <VertexIdToRegister>3905</VertexIdToRegister>
    <VertexIdToRegister>3906</VertexIdToRegister>
    <VertexIdToRegister>3907</VertexIdToRegister>
    <VertexIdToRegister>3912</VertexIdToRegister>
    <VertexIdToRegister>3913</VertexIdToRegister>
    <VertexIdToRegister>3914</VertexIdToRegister>
    <VertexIdToRegister>3919</VertexIdToRegister>
    <VertexIdToRegister>3920</VertexIdToRegister>
    <VertexIdToRegister>3921</VertexIdToRegister>
    <VertexIdToRegister>3926</VertexIdToRegister>
    <VertexIdToRegister>3927</VertexIdToRegister>
    <VertexIdToRegister>3928</VertexIdToRegister>
    <VertexIdToRegister>3933</VertexIdToRegister>
    <VertexIdToRegister>3934</VertexIdToRegister>
    <VertexIdToRegister>3935</VertexIdToRegister>
    <VertexIdToRegister>3940</VertexIdToRegister>
    <VertexIdToRegister>3941</VertexIdToRegister>
    <VertexIdToRegister>3942</VertexIdToRegister>
    <VertexIdToRegister>3947</VertexIdToRegister>
    <VertexIdToRegister>3948</VertexIdToRegister>
    <VertexIdToRegister>3949</VertexIdToRegister>
    <VertexIdToRegister>3954</VertexIdToRegister>
    <VertexIdToRegister>3955</VertexIdToRegister>
    <VertexIdToRegister>3956</VertexIdToRegister>
    <VertexIdToRegister>3961</VertexIdToRegister>
    <VertexIdToRegister>3962</VertexIdToRegister>
    <VertexIdToRegister>3963</VertexIdToRegister>
    <VertexIdToRegister>3968</VertexIdToRegister>
    <VertexIdToRegister>3969</VertexIdToRegister>
    <VertexIdToRegister>3970</VertexIdToRegister>
    <VertexIdToRegister>3975</VertexIdToRegister>
    <VertexIdToRegister>3976</VertexIdToRegister>
    <VertexIdToRegister>3977</VertexIdToRegister>
    <VertexIdToRegister>3982</VertexIdToRegister>
    <VertexIdToRegister>3983</VertexIdToRegister>
    <VertexIdToRegister>3984</VertexIdToRegister>
    <VertexIdToRegister>3989</VertexIdToRegister>
    <VertexIdToRegister>3990</VertexIdToRegister>
    <VertexIdToRegister>3991</VertexIdToRegister>
    <VertexIdToRegister>3996</VertexIdToRegister>
    <VertexIdToRegister>3997</VertexIdToRegister>
    <VertexIdToRegister>3998</VertexIdToRegister>
    <VertexIdToRegister>4003</VertexIdToRegister>
    <VertexIdToRegister>4004</VertexIdToRegister>
    <VertexIdToRegister>4005</VertexIdToRegister>
    <VertexIdToRegister>4010</VertexIdToRegister>
    <VertexIdToRegister>4011</VertexIdToRegister>
    <VertexIdToRegister>4012</VertexIdToRegister>
    <VertexIdToRegister>4017</VertexIdToRegister>
    <VertexIdToRegister>4018</VertexIdToRegister>
    <VertexIdToRegister>4019</VertexIdToRegister>
    <VertexIdToRegister>4024</VertexIdToRegister>
    <VertexIdToRegister>4025</VertexIdToRegister>
    <VertexIdToRegister>4026</VertexIdToRegister>
    <VertexIdToRegister>4031</VertexIdToRegister>
    <VertexIdToRegister>4032</VertexIdToRegister>
    <VertexIdToRegister>4033</VertexIdToRegister>
    <VertexIdToRegister>4038</VertexIdToRegister>
    <VertexIdToRegister>4039</VertexIdToRegister>
    <VertexIdToRegister>4040</VertexIdToRegister>
    <VertexIdToRegister>4045</VertexIdToRegister>
    <VertexIdToRegister>4046</VertexIdToRegister>
    <VertexIdToRegister>4047</VertexIdToRegister>
    <VertexIdToRegister>4052</VertexIdToRegister>
    <VertexIdToRegister>4053</VertexIdToRegister>
    <VertexIdToRegister>4054</VertexIdToRegister>
    <VertexIdToRegister>4059</VertexIdToRegister>
    <VertexIdToRegister>4060</VertexIdToRegister>
    <VertexIdToRegister>4061</VertexIdToRegister>
    <VertexIdToRegister>4066</VertexIdToRegister>
    <VertexIdToRegister>4067</VertexIdToRegister>
    <VertexIdToRegister>4068</VertexIdToRegister>
    <VertexIdToRegister>4073</VertexIdToRegister>
    <VertexIdToRegister>4074</VertexIdToRegister>
    <VertexIdToRegister>4075</VertexIdToRegister>
    <VertexIdToRegister>4080</VertexIdToRegister>
    <VertexIdToRegister>4081</VertexIdToRegister>
    <VertexIdToRegister>4082</VertexIdToRegister>
    <VertexIdToRegister>4087</VertexIdToRegister>
    <VertexIdToRegister>4088</VertexIdToRegister>
    <VertexIdToRegister>4089</VertexIdToRegister>
    <VertexIdToRegister>4094</VertexIdToRegister>
    <VertexIdToRegister>4095</VertexIdToRegister>
    <VertexIdToRegister>4096</VertexIdToRegister>
    <VertexIdToRegister>4101</VertexIdToRegister>
    <VertexIdToRegister>4102</VertexIdToRegister>
    <VertexIdToRegister>4103</VertexIdToRegister>
    <VertexIdToRegister>4108</VertexIdToRegister>
    <VertexIdToRegister>4109</VertexIdToRegister>
    <VertexIdToRegister>4110</VertexIdToRegister>
    <VertexIdToRegister>4115</VertexIdToRegister>
    <VertexIdToRegister>4116</VertexIdToRegister>
    <VertexIdToRegister>4117</VertexIdToRegister>
    <VertexIdToRegister>4122</VertexIdToRegister>
    <VertexIdToRegister>4123</VertexIdToRegister>
    <VertexIdToRegister>4124</VertexIdToRegister>
    <VertexIdToRegister>4129</VertexIdToRegister>
    <VertexIdToRegister>4130</VertexIdToRegister>
    <VertexIdToRegister>4131</VertexIdToRegister>
    <VertexIdToRegister>4136</VertexIdToRegister>
    <VertexIdToRegister>4137</VertexIdToRegister>
    <VertexIdToRegister>4138</VertexIdToRegister>
    <VertexIdToRegister>4143</VertexIdToRegister>
    <VertexIdToRegister>4144</VertexIdToRegister>
    <VertexIdToRegister>4145</VertexIdToRegister>
    <VertexIdToRegister>4150</VertexIdToRegister>
    <VertexIdToRegister>4151</VertexIdToRegister>
    <VertexIdToRegister>4152</VertexIdToRegister>
    <VertexIdToRegister>4157</VertexIdToRegister>
    <VertexIdToRegister>4158</VertexIdToRegister>
    <VertexIdToRegister>4159</VertexIdToRegister>
    <VertexIdToRegister>4164</VertexIdToRegister>
    <VertexIdToRegister>4165</VertexIdToRegister>
    <VertexIdToRegister>4166</VertexIdToRegister>
    <VertexIdToRegister>4171</VertexIdToRegister>
    <VertexIdToRegister>4172</VertexIdToRegister>
    <VertexIdToRegister>4173</VertexIdToRegister>
    <VertexIdToRegister>4178</VertexIdToRegister>
    <VertexIdToRegister>4179</VertexIdToRegister>
    <VertexIdToRegister>4180</VertexIdToRegister>
    <VertexIdToRegister>4185</VertexIdToRegister>
    <VertexIdToRegister>4186</VertexIdToRegister>
    <VertexIdToRegister>4187</VertexIdToRegister>
    <VertexIdToRegister>4192</VertexIdToRegister>
    <VertexIdToRegister>4193</VertexIdToRegister>
    <VertexIdToRegister>4194</VertexIdToRegister>
    <VertexIdToRegister>4199</VertexIdToRegister>
    <VertexIdToRegister>4200</VertexIdToRegister>
    <VertexIdToRegister>4201</VertexIdToRegister>
    <VertexIdToRegister>4206</VertexIdToRegister>
    <VertexIdToRegister>4207</VertexIdToRegister>
    <VertexIdToRegister>4208</VertexIdToRegister>
    <VertexIdToRegister>4212</VertexIdToRegister>
    <VertexIdToRegister>4216</VertexIdToRegister>
    <VertexIdToRegister>4220</VertexIdToRegister>
    <VertexIdToRegister>4224</VertexIdToRegister>
    <VertexIdToRegister>4228</VertexIdToRegister>
    <VertexIdToRegister>4232</VertexIdToRegister>
    <VertexIdToRegister>4236</VertexIdToRegister>
    <VertexIdToRegister>4240</VertexIdToRegister>
    <VertexIdToRegister>4244</VertexIdToRegister>
    <VertexIdToRegister>4248</VertexIdToRegister>
    <VertexIdToRegister>4252</VertexIdToRegister>
    <VertexIdToRegister>4256</VertexIdToRegister>
    <VertexIdToRegister>4260</VertexIdToRegister>
    <VertexIdToRegister>4264</VertexIdToRegister>
    <VertexIdToRegister>4268</VertexIdToRegister>
    <VertexIdToRegister>4272</VertexIdToRegister>
    <VertexIdToRegister>4276</VertexIdToRegister>
    <VertexIdToRegister>4280</VertexIdToRegister>
    <VertexIdToRegister>4284</VertexIdToRegister>
    <VertexIdToRegister>4288</VertexIdToRegister>
    <VertexIdToRegister>4292</VertexIdToRegister>
    <VertexIdToRegister>4296</VertexIdToRegister>
    <VertexIdToRegister>4300</VertexIdToRegister>
    <VertexIdToRegister>4304</VertexIdToRegister>
    <VertexIdToRegister>4308</VertexIdToRegister>
    <VertexIdToRegister>4312</VertexIdToRegister>
    <VertexIdToRegister>4316</VertexIdToRegister>
    <VertexIdToRegister>4320</VertexIdToRegister>
    <VertexIdToRegister>4324</VertexIdToRegister>
    <VertexIdToRegister>4328</VertexIdToRegister>
    <VertexIdToRegister>4332</VertexIdToRegister>
    <VertexIdToRegister>4336</VertexIdToRegister>
    <VertexIdToRegister>4340</VertexIdToRegister>
    <VertexIdToRegister>4344</VertexIdToRegister>
    <VertexIdToRegister>4348</VertexIdToRegister>
    <VertexIdToRegister>4352</VertexIdToRegister>
    <VertexIdToRegister>4356</VertexIdToRegister>
    <VertexIdToRegister>4360</VertexIdToRegister>
    <VertexIdToRegister>4364</VertexIdToRegister>
    <VertexIdToRegister>4368</VertexIdToRegister>
    <VertexIdToRegister>4372</VertexIdToRegister>
    <VertexIdToRegister>4376</VertexIdToRegister>
    <VertexIdToRegister>4380</VertexIdToRegister>
    <VertexIdToRegister>4384</VertexIdToRegister>
    <VertexIdToRegister>4388</VertexIdToRegister>
    <VertexIdToRegister>4392</VertexIdToRegister>
    <VertexIdToRegister>4396</VertexIdToRegister>
    <VertexIdToRegister>4400</VertexIdToRegister>
    <VertexIdToRegister>4404</VertexIdToRegister>
    <VertexIdToRegister>4408</VertexIdToRegister>
    <VertexIdToRegister>4412</VertexIdToRegister>
    <VertexIdToRegister>4416</VertexIdToRegister>
    <VertexIdToRegister>4420</VertexIdToRegister>
    <VertexIdToRegister>4424</VertexIdToRegister>
    <VertexIdToRegister>4428</VertexIdToRegister>
    <VertexIdToRegister>4432</VertexIdToRegister>
    <VertexIdToRegister>4436</VertexIdToRegister>
    <VertexIdToRegister>4440</VertexIdToRegister>
    <VertexIdToRegister>4444</VertexIdToRegister>
    <VertexIdToRegister>4448</VertexIdToRegister>
    <VertexIdToRegister>4452</VertexIdToRegister>
    <VertexIdToRegister>4456</VertexIdToRegister>
    <VertexIdToRegister>4460</VertexIdToRegister>
    <VertexIdToRegister>4464</VertexIdToRegister>
    <VertexIdToRegister>4466</VertexIdToRegister>
    <VertexIdToRegister>4467</VertexIdToRegister>
    <VertexIdToRegister>4469</VertexIdToRegister>
    <VertexIdToRegister>4470</VertexIdToRegister>
    <VertexIdToRegister>4475</VertexIdToRegister>
    <VertexIdToRegister>4476</VertexIdToRegister>
    <VertexIdToRegister>4478</VertexIdToRegister>
    <VertexIdToRegister>4479</VertexIdToRegister>
    <VertexIdToRegister>4484</VertexIdToRegister>
    <VertexIdToRegister>4485</VertexIdToRegister>
    <VertexIdToRegister>4487</VertexIdToRegister>
    <VertexIdToRegister>4488</VertexIdToRegister>
    <VertexIdToRegister>4493</VertexIdToRegister>
    <VertexIdToRegister>4494</VertexIdToRegister>
    <VertexIdToRegister>4496</VertexIdToRegister>
    <VertexIdToRegister>4497</VertexIdToRegister>
    <VertexIdToRegister>4502</VertexIdToRegister>
    <VertexIdToRegister>4503</VertexIdToRegister>
    <VertexIdToRegister>4505</VertexIdToRegister>
    <VertexIdToRegister>4506</VertexIdToRegister>
    <VertexIdToRegister>4511</VertexIdToRegister>
    <VertexIdToRegister>4512</VertexIdToRegister>
    <VertexIdToRegister>4514</VertexIdToRegister>
    <VertexIdToRegister>4515</VertexIdToRegister>
    <VertexIdToRegister>4520</VertexIdToRegister>
    <VertexIdToRegister>4521</VertexIdToRegister>
    <VertexIdToRegister>4523</VertexIdToRegister>
    <VertexIdToRegister>4524</VertexIdToRegister>
    <VertexIdToRegister>4529</VertexIdToRegister>
    <VertexIdToRegister>4530</VertexIdToRegister>
    <VertexIdToRegister>4532</VertexIdToRegister>
    <VertexIdToRegister>4533</VertexIdToRegister>
    <VertexIdToRegister>4538</VertexIdToRegister>
    <VertexIdToRegister>4539</VertexIdToRegister>
    <VertexIdToRegister>4541</VertexIdToRegister>
    <VertexIdToRegister>4542</VertexIdToRegister>
    <VertexIdToRegister>4547</VertexIdToRegister>
    <VertexIdToRegister>4548</VertexIdToRegister>
    <VertexIdToRegister>4550</VertexIdToRegister>
    <VertexIdToRegister>4551</VertexIdToRegister>
    <VertexIdToRegister>4556</VertexIdToRegister>
    <VertexIdToRegister>4557</VertexIdToRegister>
    <VertexIdToRegister>4559</VertexIdToRegister>
    <VertexIdToRegister>4560</VertexIdToRegister>
    <VertexIdToRegister>4565</VertexIdToRegister>
    <VertexIdToRegister>4566</VertexIdToRegister>
    <VertexIdToRegister>4568</VertexIdToRegister>
    <VertexIdToRegister>4569</VertexIdToRegister>
    <VertexIdToRegister>4574</VertexIdToRegister>
    <VertexIdToRegister>4575</VertexIdToRegister>
    <VertexIdToRegister>4577</VertexIdToRegister>
    <VertexIdToRegister>4578</VertexIdToRegister>
    <VertexIdToRegister>4583</VertexIdToRegister>
    <VertexIdToRegister>4584</VertexIdToRegister>
    <VertexIdToRegister>4586</VertexIdToRegister>
    <VertexIdToRegister>4587</VertexIdToRegister>
    <VertexIdToRegister>4592</VertexIdToRegister>
    <VertexIdToRegister>4593</VertexIdToRegister>
    <VertexIdToRegister>4595</VertexIdToRegister>
    <VertexIdToRegister>4596</VertexIdToRegister>
    <VertexIdToRegister>4601</VertexIdToRegister>
    <VertexIdToRegister>4602</VertexIdToRegister>
    <VertexIdToRegister>4604</VertexIdToRegister>
    <VertexIdToRegister>4605</VertexIdToRegister>
    <VertexIdToRegister>4610</VertexIdToRegister>
    <VertexIdToRegister>4611</VertexIdToRegister>
    <VertexIdToRegister>4613</VertexIdToRegister>
    <VertexIdToRegister>4614</VertexIdToRegister>
    <VertexIdToRegister>4619</VertexIdToRegister>
    <VertexIdToRegister>4620</VertexIdToRegister>
    <VertexIdToRegister>4622</VertexIdToRegister>
    <VertexIdToRegister>4623</VertexIdToRegister>
    <VertexIdToRegister>4628</VertexIdToRegister>
    <VertexIdToRegister>4629</VertexIdToRegister>
    <VertexIdToRegister>4631</VertexIdToRegister>
    <VertexIdToRegister>4632</VertexIdToRegister>
    <VertexIdToRegister>4637</VertexIdToRegister>
    <VertexIdToRegister>4638</VertexIdToRegister>
    <VertexIdToRegister>4640</VertexIdToRegister>
    <VertexIdToRegister>4641</VertexIdToRegister>
    <VertexIdToRegister>4646</VertexIdToRegister>
    <VertexIdToRegister>4647</VertexIdToRegister>
    <VertexIdToRegister>4649</VertexIdToRegister>
    <VertexIdToRegister>4650</VertexIdToRegister>
    <VertexIdToRegister>4655</VertexIdToRegister>
    <VertexIdToRegister>4656</VertexIdToRegister>
    <VertexIdToRegister>4658</VertexIdToRegister>
    <VertexIdToRegister>4659</VertexIdToRegister>
    <VertexIdToRegister>4664</VertexIdToRegister>
    <VertexIdToRegister>4665</VertexIdToRegister>
    <VertexIdToRegister>4667</VertexIdToRegister>
    <VertexIdToRegister>4668</VertexIdToRegister>
    <VertexIdToRegister>4673</VertexIdToRegister>
    <VertexIdToRegister>4674</VertexIdToRegister>
    <VertexIdToRegister>4676</VertexIdToRegister>
    <VertexIdToRegister>4677</VertexIdToRegister>
    <VertexIdToRegister>4682</VertexIdToRegister>
    <VertexIdToRegister>4683</VertexIdToRegister>
    <VertexIdToRegister>4685</VertexIdToRegister>
    <VertexIdToRegister>4686</VertexIdToRegister>
    <VertexIdToRegister>4691</VertexIdToRegister>
    <VertexIdToRegister>4692</VertexIdToRegister>
    <VertexIdToRegister>4694</VertexIdToRegister>
    <VertexIdToRegister>4695</VertexIdToRegister>
    <VertexIdToRegister>4700</VertexIdToRegister>
    <VertexIdToRegister>4701</VertexIdToRegister>
    <VertexIdToRegister>4703</VertexIdToRegister>
    <VertexIdToRegister>4704</VertexIdToRegister>
    <VertexIdToRegister>4709</VertexIdToRegister>
    <VertexIdToRegister>4710</VertexIdToRegister>
    <VertexIdToRegister>4712</VertexIdToRegister>
    <VertexIdToRegister>4713</VertexIdToRegister>
    <VertexIdToRegister>4718</VertexIdToRegister>
    <VertexIdToRegister>4719</VertexIdToRegister>
    <VertexIdToRegister>4721</VertexIdToRegister>
    <VertexIdToRegister>4722</VertexIdToRegister>
    <VertexIdToRegister>4727</VertexIdToRegister>
    <VertexIdToRegister>4728</VertexIdToRegister>
    <VertexIdToRegister>4730</VertexIdToRegister>
    <VertexIdToRegister>4731</VertexIdToRegister>
    <VertexIdToRegister>4736</VertexIdToRegister>
    <VertexIdToRegister>4737</VertexIdToRegister>
    <VertexIdToRegister>4739</VertexIdToRegister>
    <VertexIdToRegister>4740</VertexIdToRegister>
    <VertexIdToRegister>4745</VertexIdToRegister>
    <VertexIdToRegister>4746</VertexIdToRegister>
    <VertexIdToRegister>4748</VertexIdToRegister>
    <VertexIdToRegister>4749</VertexIdToRegister>
    <VertexIdToRegister>4754</VertexIdToRegister>
    <VertexIdToRegister>4755</VertexIdToRegister>
    <VertexIdToRegister>4757</VertexIdToRegister>
    <VertexIdToRegister>4758</VertexIdToRegister>
    <VertexIdToRegister>4763</VertexIdToRegister>
    <VertexIdToRegister>4764</VertexIdToRegister>
    <VertexIdToRegister>4766</VertexIdToRegister>
    <VertexIdToRegister>4767</VertexIdToRegister>
    <VertexIdToRegister>4772</VertexIdToRegister>
    <VertexIdToRegister>4773</VertexIdToRegister>
    <VertexIdToRegister>4775</VertexIdToRegister>
    <VertexIdToRegister>4776</VertexIdToRegister>
    <VertexIdToRegister>4781</VertexIdToRegister>
    <VertexIdToRegister>4782</VertexIdToRegister>
    <VertexIdToRegister>4784</VertexIdToRegister>
    <VertexIdToRegister>4785</VertexIdToRegister>
    <VertexIdToRegister>4790</VertexIdToRegister>
    <VertexIdToRegister>4791</VertexIdToRegister>
    <VertexIdToRegister>4793</VertexIdToRegister>
    <VertexIdToRegister>4794</VertexIdToRegister>
    <VertexIdToRegister>4799</VertexIdToRegister>
    <VertexIdToRegister>4800</VertexIdToRegister>
    <VertexIdToRegister>4802</VertexIdToRegister>
    <VertexIdToRegister>4803</VertexIdToRegister>
    <VertexIdToRegister>4808</VertexIdToRegister>
    <VertexIdToRegister>4809</VertexIdToRegister>
    <VertexIdToRegister>4811</VertexIdToRegister>
    <VertexIdToRegister>4812</VertexIdToRegister>
    <VertexIdToRegister>4817</VertexIdToRegister>
    <VertexIdToRegister>4818</VertexIdToRegister>
    <VertexIdToRegister>4820</VertexIdToRegister>
    <VertexIdToRegister>4821</VertexIdToRegister>
    <VertexIdToRegister>4826</VertexIdToRegister>
    <VertexIdToRegister>4827</VertexIdToRegister>
    <VertexIdToRegister>4829</VertexIdToRegister>
    <VertexIdToRegister>4830</VertexIdToRegister>
    <VertexIdToRegister>4835</VertexIdToRegister>
    <VertexIdToRegister>4836</VertexIdToRegister>
    <VertexIdToRegister>4838</VertexIdToRegister>
    <VertexIdToRegister>4839</VertexIdToRegister>
    <VertexIdToRegister>4844</VertexIdToRegister>
    <VertexIdToRegister>4845</VertexIdToRegister>
    <VertexIdToRegister>4847</VertexIdToRegister>
    <VertexIdToRegister>4848</VertexIdToRegister>
    <VertexIdToRegister>4853</VertexIdToRegister>
    <VertexIdToRegister>4854</VertexIdToRegister>
    <VertexIdToRegister>4856</VertexIdToRegister>
    <VertexIdToRegister>4857</VertexIdToRegister>
    <VertexIdToRegister>4862</VertexIdToRegister>
    <VertexIdToRegister>4863</VertexIdToRegister>
    <VertexIdToRegister>4865</VertexIdToRegister>
    <VertexIdToRegister>4866</VertexIdToRegister>
    <VertexIdToRegister>4871</VertexIdToRegister>
    <VertexIdToRegister>4872</VertexIdToRegister>
    <VertexIdToRegister>4874</VertexIdToRegister>
    <VertexIdToRegister>4875</VertexIdToRegister>
    <VertexIdToRegister>4880</VertexIdToRegister>
    <VertexIdToRegister>4881</VertexIdToRegister>
    <VertexIdToRegister>4883</VertexIdToRegister>
    <VertexIdToRegister>4884</VertexIdToRegister>
    <VertexIdToRegister>4889</VertexIdToRegister>
    <VertexIdToRegister>4890</VertexIdToRegister>
    <VertexIdToRegister>4892</VertexIdToRegister>
    <VertexIdToRegister>4893</VertexIdToRegister>
    <VertexIdToRegister>4898</VertexIdToRegister>
    <VertexIdToRegister>4899</VertexIdToRegister>
    <VertexIdToRegister>4901</VertexIdToRegister>
    <VertexIdToRegister>4902</VertexIdToRegister>
    <VertexIdToRegister>4907</VertexIdToRegister>
    <VertexIdToRegister>4908</VertexIdToRegister>
    <VertexIdToRegister>4910</VertexIdToRegister>
    <VertexIdToRegister>4911</VertexIdToRegister>
    <VertexIdToRegister>4916</VertexIdToRegister>
    <VertexIdToRegister>4917</VertexIdToRegister>
    <VertexIdToRegister>4919</VertexIdToRegister>
    <VertexIdToRegister>4920</VertexIdToRegister>
    <VertexIdToRegister>4925</VertexIdToRegister>
    <VertexIdToRegister>4926</VertexIdToRegister>
    <VertexIdToRegister>4928</VertexIdToRegister>
    <VertexIdToRegister>4929</VertexIdToRegister>
    <VertexIdToRegister>4934</VertexIdToRegister>
    <VertexIdToRegister>4935</VertexIdToRegister>
    <VertexIdToRegister>4937</VertexIdToRegister>
    <VertexIdToRegister>4938</VertexIdToRegister>
    <VertexIdToRegister>4943</VertexIdToRegister>
    <VertexIdToRegister>4944</VertexIdToRegister>
    <VertexIdToRegister>4946</VertexIdToRegister>
    <VertexIdToRegister>4947</VertexIdToRegister>
    <VertexIdToRegister>4952</VertexIdToRegister>
    <VertexIdToRegister>4953</VertexIdToRegister>
    <VertexIdToRegister>4955</VertexIdToRegister>
    <VertexIdToRegister>4956</VertexIdToRegister>
    <VertexIdToRegister>4961</VertexIdToRegister>
    <VertexIdToRegister>4962</VertexIdToRegister>
    <VertexIdToRegister>4964</VertexIdToRegister>
    <VertexIdToRegister>4965</VertexIdToRegister>
    <VertexIdToRegister>4970</VertexIdToRegister>
    <VertexIdToRegister>4971</VertexIdToRegister>
    <VertexIdToRegister>4973</VertexIdToRegister>
    <VertexIdToRegister>4974</VertexIdToRegister>
    <VertexIdToRegister>4979</VertexIdToRegister>
    <VertexIdToRegister>4980</VertexIdToRegister>
    <VertexIdToRegister>4982</VertexIdToRegister>
    <VertexIdToRegister>4983</VertexIdToRegister>
    <VertexIdToRegister>4988</VertexIdToRegister>
    <VertexIdToRegister>4989</VertexIdToRegister>
    <VertexIdToRegister>4991</VertexIdToRegister>
    <VertexIdToRegister>4992</VertexIdToRegister>
    <VertexIdToRegister>4997</VertexIdToRegister>
    <VertexIdToRegister>4998</VertexIdToRegister>
    <VertexIdToRegister>5000</VertexIdToRegister>
    <VertexIdToRegister>5001</VertexIdToRegister>
    <VertexIdToRegister>5006</VertexIdToRegister>
    <VertexIdToRegister>5007</VertexIdToRegister>
    <VertexIdToRegister>5009</VertexIdToRegister>
    <VertexIdToRegister>5010</VertexIdToRegister>
    <VertexIdToRegister>5015</VertexIdToRegister>
    <VertexIdToRegister>5016</VertexIdToRegister>
    <VertexIdToRegister>5018</VertexIdToRegister>
    <VertexIdToRegister>5019</VertexIdToRegister>
    <VertexIdToRegister>5024</VertexIdToRegister>
    <VertexIdToRegister>5025</VertexIdToRegister>
    <VertexIdToRegister>5027</VertexIdToRegister>
    <VertexIdToRegister>5028</VertexIdToRegister>
    <VertexIdToRegister>5033</VertexIdToRegister>
    <VertexIdToRegister>5034</VertexIdToRegister>
    <VertexIdToRegister>5036</VertexIdToRegister>
    <VertexIdToRegister>5037</VertexIdToRegister>
    <VertexIdToRegister>5811</VertexIdToRegister>
    <VertexIdToRegister>5815</VertexIdToRegister>
    <VertexIdToRegister>5819</VertexIdToRegister>
    <VertexIdToRegister>5823</VertexIdToRegister>
    <VertexIdToRegister>5830</VertexIdToRegister>
    <VertexIdToRegister>5834</VertexIdToRegister>
    <VertexIdToRegister>5838</VertexIdToRegister>
    <VertexIdToRegister>5842</VertexIdToRegister>
    <VertexIdToRegister>5849</VertexIdToRegister>
    <VertexIdToRegister>5853</VertexIdToRegister>
    <VertexIdToRegister>5857</VertexIdToRegister>
    <VertexIdToRegister>5861</VertexIdToRegister>
    <VertexIdToRegister>5868</VertexIdToRegister>
    <VertexIdToRegister>5872</VertexIdToRegister>
    <VertexIdToRegister>5876</VertexIdToRegister>
    <VertexIdToRegister>5880</VertexIdToRegister>
    <VertexIdToRegister>5887</VertexIdToRegister>
    <VertexIdToRegister>5891</VertexIdToRegister>
    <VertexIdToRegister>5895</VertexIdToRegister>
    <VertexIdToRegister>5899</VertexIdToRegister>
    <VertexIdToRegister>5906</VertexIdToRegister>
    <VertexIdToRegister>5910</VertexIdToRegister>
    <VertexIdToRegister>5914</VertexIdToRegister>
    <VertexIdToRegister>5918</VertexIdToRegister>
    <VertexIdToRegister>5925</VertexIdToRegister>
    <VertexIdToRegister>5929</VertexIdToRegister>
    <VertexIdToRegister>5933</VertexIdToRegister>
    <VertexIdToRegister>5937</VertexIdToRegister>
    <VertexIdToRegister>5944</VertexIdToRegister>
    <VertexIdToRegister>5948</VertexIdToRegister>
    <VertexIdToRegister>5952</VertexIdToRegister>
    <VertexIdToRegister>5956</VertexIdToRegister>
    <VertexIdToRegister>5963</VertexIdToRegister>
    <VertexIdToRegister>5967</VertexIdToRegister>
    <VertexIdToRegister>5971</VertexIdToRegister>
    <VertexIdToRegister>5975</VertexIdToRegister>
    <VertexIdToRegister>5982</VertexIdToRegister>
    <VertexIdToRegister>5986</VertexIdToRegister>
    <VertexIdToRegister>5990</VertexIdToRegister>
    <VertexIdToRegister>5994</VertexIdToRegister>
    <VertexIdToRegister>6001</VertexIdToRegister>
    <VertexIdToRegister>6005</VertexIdToRegister>
    <VertexIdToRegister>6009</VertexIdToRegister>
    <VertexIdToRegister>6013</VertexIdToRegister>
    <VertexIdToRegister>6020</VertexIdToRegister>
    <VertexIdToRegister>6024</VertexIdToRegister>
    <VertexIdToRegister>6028</VertexIdToRegister>
    <VertexIdToRegister>6032</VertexIdToRegister>
    <VertexIdToRegister>6039</VertexIdToRegister>
    <VertexIdToRegister>6043</VertexIdToRegister>
    <VertexIdToRegister>6047</VertexIdToRegister>
    <VertexIdToRegister>6051</VertexIdToRegister>
    <VertexIdToRegister>6058</VertexIdToRegister>
    <VertexIdToRegister>6062</VertexIdToRegister>
    <VertexIdToRegister>6066</VertexIdToRegister>
    <VertexIdToRegister>6070</VertexIdToRegister>
    <VertexIdToRegister>6077</VertexIdToRegister>
    <VertexIdToRegister>6081</VertexIdToRegister>
    <VertexIdToRegister>6085</VertexIdToRegister>
    <VertexIdToRegister>6089</VertexIdToRegister>
    <VertexIdToRegister>6096</VertexIdToRegister>
    <VertexIdToRegister>6100</VertexIdToRegister>
    <VertexIdToRegister>6104</VertexIdToRegister>
    <VertexIdToRegister>6108</VertexIdToRegister>
    <VertexIdToRegister>6115</VertexIdToRegister>
    <VertexIdToRegister>6119</VertexIdToRegister>
    <VertexIdToRegister>6123</VertexIdToRegister>
    <VertexIdToRegister>6127</VertexIdToRegister>
    <VertexIdToRegister>6134</VertexIdToRegister>
    <VertexIdToRegister>6138</VertexIdToRegister>
    <VertexIdToRegister>6142</VertexIdToRegister>
    <VertexIdToRegister>6146</VertexIdToRegister>
    <VertexIdToRegister>6153</VertexIdToRegister>
    <VertexIdToRegister>6157</VertexIdToRegister>
    <VertexIdToRegister>6161</VertexIdToRegister>
    <VertexIdToRegister>6165</VertexIdToRegister>
    <VertexIdToRegister>6172</VertexIdToRegister>
    <VertexIdToRegister>6176</VertexIdToRegister>
    <VertexIdToRegister>6180</VertexIdToRegister>
    <VertexIdToRegister>6184</VertexIdToRegister>
    <VertexIdToRegister>6191</VertexIdToRegister>
    <VertexIdToRegister>6195</VertexIdToRegister>
    <VertexIdToRegister>6199</VertexIdToRegister>
    <VertexIdToRegister>6203</VertexIdToRegister>
    <VertexIdToRegister>6210</VertexIdToRegister>
    <VertexIdToRegister>6214</VertexIdToRegister>
    <VertexIdToRegister>6218</VertexIdToRegister>
    <VertexIdToRegister>6222</VertexIdToRegister>
    <VertexIdToRegister>6229</VertexIdToRegister>
    <VertexIdToRegister>6233</VertexIdToRegister>
    <VertexIdToRegister>6237</VertexIdToRegister>
    <VertexIdToRegister>6241</VertexIdToRegister>
    <VertexIdToRegister>6248</VertexIdToRegister>
    <VertexIdToRegister>6252</VertexIdToRegister>
    <VertexIdToRegister>6256</VertexIdToRegister>
    <VertexIdToRegister>6260</VertexIdToRegister>
    <VertexIdToRegister>6267</VertexIdToRegister>
    <VertexIdToRegister>6271</VertexIdToRegister>
    <VertexIdToRegister>6275</VertexIdToRegister>
    <VertexIdToRegister>6279</VertexIdToRegister>
    <VertexIdToRegister>6286</VertexIdToRegister>
    <VertexIdToRegister>6290</VertexIdToRegister>
    <VertexIdToRegister>6294</VertexIdToRegister>
    <VertexIdToRegister>6298</VertexIdToRegister>
    <VertexIdToRegister>6305</VertexIdToRegister>
    <VertexIdToRegister>6309</VertexIdToRegister>
    <VertexIdToRegister>6313</VertexIdToRegister>
    <VertexIdToRegister>6317</VertexIdToRegister>
    <VertexIdToRegister>6324</VertexIdToRegister>
    <VertexIdToRegister>6328</VertexIdToRegister>
    <VertexIdToRegister>6332</VertexIdToRegister>
    <VertexIdToRegister>6336</VertexIdToRegister>
    <VertexIdToRegister>6343</VertexIdToRegister>
    <VertexIdToRegister>6347</VertexIdToRegister>
    <VertexIdToRegister>6351</VertexIdToRegister>
    <VertexIdToRegister>6355</VertexIdToRegister>
    <VertexIdToRegister>6362</VertexIdToRegister>
    <VertexIdToRegister>6366</VertexIdToRegister>
    <VertexIdToRegister>6370</VertexIdToRegister>
    <VertexIdToRegister>6374</VertexIdToRegister>
    <VertexIdToRegister>6381</VertexIdToRegister>
    <VertexIdToRegister>6385</VertexIdToRegister>
    <VertexIdToRegister>6389</VertexIdToRegister>
    <VertexIdToRegister>6393</VertexIdToRegister>
    <VertexIdToRegister>6400</VertexIdToRegister>
    <VertexIdToRegister>6404</VertexIdToRegister>
    <VertexIdToRegister>6408</VertexIdToRegister>
    <VertexIdToRegister>6412</VertexIdToRegister>
    <VertexIdToRegister>6792</VertexIdToRegister>
    <VertexIdToRegister>6795</VertexIdToRegister>
    <VertexIdToRegister>6803</VertexIdToRegister>
    <VertexIdToRegister>6811</VertexIdToRegister>
    <VertexIdToRegister>6819</VertexIdToRegister>
    <VertexIdToRegister>6827</VertexIdToRegister>
    <VertexIdToRegister>6829</VertexIdToRegister>
    <VertexIdToRegister>6830</VertexIdToRegister>
    <VertexIdToRegister>6838</VertexIdToRegister>
    <VertexIdToRegister>6846</VertexIdToRegister>
    <VertexIdToRegister>6854</VertexIdToRegister>
    <VertexIdToRegister>6862</VertexIdToRegister>
    <VertexIdToRegister>6864</VertexIdToRegister>
    <VertexIdToRegister>6865</VertexIdToRegister>
    <VertexIdToRegister>6873</VertexIdToRegister>
    <VertexIdToRegister>6881</VertexIdToRegister>
    <VertexIdToRegister>6889</VertexIdToRegister>
    <VertexIdToRegister>6897</VertexIdToRegister>
    <VertexIdToRegister>6899</VertexIdToRegister>
    <VertexIdToRegister>6900</VertexIdToRegister>
    <VertexIdToRegister>6908</VertexIdToRegister>
    <VertexIdToRegister>6916</VertexIdToRegister>
    <VertexIdToRegister>6924</VertexIdToRegister>
    <VertexIdToRegister>6932</VertexIdToRegister>
    <VertexIdToRegister>6934</VertexIdToRegister>
    <VertexIdToRegister>6935</VertexIdToRegister>
    <VertexIdToRegister>6943</VertexIdToRegister>
    <VertexIdToRegister>6951</VertexIdToRegister>
    <VertexIdToRegister>6959</VertexIdToRegister>
    <VertexIdToRegister>6967</VertexIdToRegister>
    <VertexIdToRegister>6969</VertexIdToRegister>
    <VertexIdToRegister>6970</VertexIdToRegister>
    <VertexIdToRegister>6978</VertexIdToRegister>
    <VertexIdToRegister>6986</VertexIdToRegister>
    <VertexIdToRegister>6994</VertexIdToRegister>
    <VertexIdToRegister>7002</VertexIdToRegister>
    <VertexIdToRegister>7004</VertexIdToRegister>
    <VertexIdToRegister>7005</VertexIdToRegister>
    <VertexIdToRegister>7013</VertexIdToRegister>
    <VertexIdToRegister>7021</VertexIdToRegister>
    <VertexIdToRegister>7029</VertexIdToRegister>
    <VertexIdToRegister>7037</VertexIdToRegister>
    <VertexIdToRegister>7039</VertexIdToRegister>
    <VertexIdToRegister>7040</VertexIdToRegister>
    <VertexIdToRegister>7048</VertexIdToRegister>
    <VertexIdToRegister>7056</VertexIdToRegister>
    <VertexIdToRegister>7064</VertexIdToRegister>
    <VertexIdToRegister>7068</VertexIdToRegister>
    <VertexIdToRegister>7069</VertexIdToRegister>
    <VertexIdToRegister>7140</VertexIdToRegister>
    <VertexIdToRegister>7141</VertexIdToRegister>
    <VertexIdToRegister>7142</VertexIdToRegister>
    <VertexIdToRegister>7143</VertexIdToRegister>
    <VertexIdToRegister>7144</VertexIdToRegister>
    <VertexIdToRegister>7145</VertexIdToRegister>
    <VertexIdToRegister>7146</VertexIdToRegister>
    <VertexIdToRegister>7147</VertexIdToRegister>
    <VertexIdToRegister>7148</VertexIdToRegister>
    <VertexIdToRegister>7149</VertexIdToRegister>
    <VertexIdToRegister>7150</VertexIdToRegister>
    <VertexIdToRegister>7151</VertexIdToRegister>
    <VertexIdToRegister>7152</VertexIdToRegister>
    <VertexIdToRegister>7153</VertexIdToRegister>
    <VertexIdToRegister>7154</VertexIdToRegister>
    <VertexIdToRegister>7155</VertexIdToRegister>
    <VertexIdToRegister>7156</VertexIdToRegister>
    <VertexIdToRegister>7157</VertexIdToRegister>
    <VertexIdToRegister>7158</VertexIdToRegister>
    <VertexIdToRegister>7159</VertexIdToRegister>
    <VertexIdToRegister>7160</VertexIdToRegister>
    <VertexIdToRegister>7161</VertexIdToRegister>
    <VertexIdToRegister>7162</VertexIdToRegister>
    <VertexIdToRegister>7163</VertexIdToRegister>
    <VertexIdToRegister>7164</VertexIdToRegister>
    <VertexIdToRegister>7165</VertexIdToRegister>
    <VertexIdToRegister>7166</VertexIdToRegister>
    <VertexIdToRegister>7167</VertexIdToRegister>
    <VertexIdToRegister>7168</VertexIdToRegister>
    <VertexIdToRegister>7169</VertexIdToRegister>
    <VertexIdToRegister>7170</VertexIdToRegister>
    <VertexIdToRegister>7171</VertexIdToRegister>
    <VertexIdToRegister>7172</VertexIdToRegister>
    <VertexIdToRegister>7173</VertexIdToRegister>
    <VertexIdToRegister>7174</VertexIdToRegister>
    <VertexIdToRegister>7175</VertexIdToRegister>
    <VertexIdToRegister>7176</VertexIdToRegister>
    <VertexIdToRegister>7177</VertexIdToRegister>
    <VertexIdToRegister>7178</VertexIdToRegister>
    <VertexIdToRegister>7179</VertexIdToRegister>
    <VertexIdToRegister>7180</VertexIdToRegister>
    <VertexIdToRegister>7181</VertexIdToRegister>
    <VertexIdToRegister>7182</VertexIdToRegister>
    <VertexIdToRegister>7183</VertexIdToRegister>
    <VertexIdToRegister>7184</VertexIdToRegister>
    <VertexIdToRegister>7185</VertexIdToRegister>
    <VertexIdToRegister>7186</VertexIdToRegister>
    <VertexIdToRegister>7187</VertexIdToRegister>
    <VertexIdToRegister>7188</VertexIdToRegister>
    <VertexIdToRegister>7189</VertexIdToRegister>
    <VertexIdToRegister>7190</VertexIdToRegister>
    <VertexIdToRegister>7191</VertexIdToRegister>
    <VertexIdToRegister>7192</VertexIdToRegister>
    <VertexIdToRegister>7193</VertexIdToRegister>
    <VertexIdToRegister>7194</VertexIdToRegister>
    <VertexIdToRegister>7195</VertexIdToRegister>
    <VertexIdToRegister>7196</VertexIdToRegister>
    <VertexIdToRegister>7197</VertexIdToRegister>
    <VertexIdToRegister>7198</VertexIdToRegister>
    <VertexIdToRegister>7199</VertexIdToRegister>
    <VertexIdToRegister>7200</VertexIdToRegister>
    <VertexIdToRegister>7201</VertexIdToRegister>
    <VertexIdToRegister>7202</VertexIdToRegister>
    <VertexIdToRegister>7203</VertexIdToRegister>
    <VertexIdToRegister>7218</VertexIdToRegister>
    <VertexIdToRegister>7219</VertexIdToRegister>
    <VertexIdToRegister>7220</VertexIdToRegister>
    <VertexIdToRegister>7221</VertexIdToRegister>
    <VertexIdToRegister>7222</VertexIdToRegister>
    <VertexIdToRegister>7223</VertexIdToRegister>
    <VertexIdToRegister>7224</VertexIdToRegister>
    <VertexIdToRegister>7225</VertexIdToRegister>
    <VertexIdToRegister>7226</VertexIdToRegister>
    <VertexIdToRegister>7227</VertexIdToRegister>
    <VertexIdToRegister>7228</VertexIdToRegister>
    <VertexIdToRegister>7229</VertexIdToRegister>
    <VertexIdToRegister>7230</VertexIdToRegister>
    <VertexIdToRegister>7231</VertexIdToRegister>
    <VertexIdToRegister>7232</VertexIdToRegister>
    <VertexIdToRegister>7233</VertexIdToRegister>
    <VertexIdToRegister>7234</VertexIdToRegister>
    <VertexIdToRegister>7235</VertexIdToRegister>
    <VertexIdToRegister>7236</VertexIdToRegister>
    <VertexIdToRegister>7237</VertexIdToRegister>
    <VertexIdToRegister>7238</VertexIdToRegister>
    <VertexIdToRegister>7239</VertexIdToRegister>
    <VertexIdToRegister>7240</VertexIdToRegister>
    <VertexIdToRegister>7241</VertexIdToRegister>
    <VertexIdToRegister>7242</VertexIdToRegister>
    <VertexIdToRegister>7243</VertexIdToRegister>
    <VertexIdToRegister>7244</VertexIdToRegister>
    <VertexIdToRegister>7245</VertexIdToRegister>
    <VertexIdToRegister>7246</VertexIdToRegister>
    <VertexIdToRegister>7247</VertexIdToRegister>
    <VertexIdToRegister>7248</VertexIdToRegister>
    <VertexIdToRegister>7249</VertexIdToRegister>
    <VertexIdToRegister>7250</VertexIdToRegister>
    <VertexIdToRegister>7251</VertexIdToRegister>
    <VertexIdToRegister>7252</VertexIdToRegister>
    <VertexIdToRegister>7253</VertexIdToRegister>
    <VertexIdToRegister>7254</VertexIdToRegister>
    <VertexIdToRegister>7255</VertexIdToRegister>
    <VertexIdToRegister>7256</VertexIdToRegister>
    <VertexIdToRegister>7257</VertexIdToRegister>
    <VertexIdToRegister>7258</VertexIdToRegister>
    <VertexIdToRegister>7259</VertexIdToRegister>
    <VertexIdToRegister>7260</VertexIdToRegister>
    <VertexIdToRegister>7261</VertexIdToRegister>
    <VertexIdToRegister>7262</VertexIdToRegister>
    <VertexIdToRegister>7263</VertexIdToRegister>
    <VertexIdToRegister>7264</VertexIdToRegister>
    <VertexIdToRegister>7265</VertexIdToRegister>
    <VertexIdToRegister>7266</VertexIdToRegister>
    <VertexIdToRegister>7267</VertexIdToRegister>
    <VertexIdToRegister>7268</VertexIdToRegister>
    <VertexIdToRegister>7269</VertexIdToRegister>
    <VertexIdToRegister>7270</VertexIdToRegister>
    <VertexIdToRegister>7271</VertexIdToRegister>
    <VertexIdToRegister>7272</VertexIdToRegister>
    <VertexIdToRegister>7273</VertexIdToRegister>
    <VertexIdToRegister>7274</VertexIdToRegister>
    <VertexIdToRegister>7275</VertexIdToRegister>
    <VertexIdToRegister>7276</VertexIdToRegister>
    <VertexIdToRegister>7277</VertexIdToRegister>
    <VertexIdToRegister>7278</VertexIdToRegister>
    <VertexIdToRegister>7279</VertexIdToRegister>
    <VertexIdToRegister>7280</VertexIdToRegister>
    <VertexIdToRegister>7281</VertexIdToRegister>
    <VertexIdToRegister>7292</VertexIdToRegister>
    <VertexIdToRegister>7293</VertexIdToRegister>
    <VertexIdToRegister>7296</VertexIdToRegister>
  </RegisterAssignments>
</Root>