<?xml version="1.0" encoding="utf-8" standalone="yes"?>
<Root>
  <processingTimeInMilliseconds>0.2896</processingTimeInMilliseconds>
  <RegisterAssignments>
    <VertexIdToRegister>4</VertexIdToRegister>
    <VertexIdToRegister>6</VertexIdToRegister>
    <VertexIdToRegister>10</VertexIdToRegister>
    <VertexIdToRegister>13</VertexIdToRegister>
    <VertexIdToRegister>25</VertexIdToRegister>
    <VertexIdToRegister>42</VertexIdToRegister>
    <VertexIdToRegister>43</VertexIdToRegister>
    <VertexIdToRegister>46</VertexIdToRegister>
    <VertexIdToRegister>48</VertexIdToRegister>
  </RegisterAssignments>
</Root>