<?xml version="1.0" encoding="utf-8" standalone="yes"?>
<Root>
  <processingTimeInMilliseconds>63.794900000000005</processingTimeInMilliseconds>
  <RegisterAssignments>
    <VertexIdToRegister>2</VertexIdToRegister>
    <VertexIdToRegister>118</VertexIdToRegister>
    <VertexIdToRegister>119</VertexIdToRegister>
    <VertexIdToRegister>120</VertexIdToRegister>
    <VertexIdToRegister>167</VertexIdToRegister>
    <VertexIdToRegister>171</VertexIdToRegister>
    <VertexIdToRegister>219</VertexIdToRegister>
    <VertexIdToRegister>223</VertexIdToRegister>
    <VertexIdToRegister>271</VertexIdToRegister>
    <VertexIdToRegister>275</VertexIdToRegister>
    <VertexIdToRegister>323</VertexIdToRegister>
    <VertexIdToRegister>327</VertexIdToRegister>
    <VertexIdToRegister>375</VertexIdToRegister>
    <VertexIdToRegister>379</VertexIdToRegister>
    <VertexIdToRegister>427</VertexIdToRegister>
    <VertexIdToRegister>431</VertexIdToRegister>
    <VertexIdToRegister>479</VertexIdToRegister>
    <VertexIdToRegister>483</VertexIdToRegister>
    <VertexIdToRegister>531</VertexIdToRegister>
    <VertexIdToRegister>535</VertexIdToRegister>
    <VertexIdToRegister>583</VertexIdToRegister>
    <VertexIdToRegister>587</VertexIdToRegister>
    <VertexIdToRegister>635</VertexIdToRegister>
    <VertexIdToRegister>639</VertexIdToRegister>
    <VertexIdToRegister>670</VertexIdToRegister>
    <VertexIdToRegister>674</VertexIdToRegister>
    <VertexIdToRegister>698</VertexIdToRegister>
    <VertexIdToRegister>702</VertexIdToRegister>
    <VertexIdToRegister>726</VertexIdToRegister>
    <VertexIdToRegister>730</VertexIdToRegister>
    <VertexIdToRegister>754</VertexIdToRegister>
    <VertexIdToRegister>758</VertexIdToRegister>
    <VertexIdToRegister>782</VertexIdToRegister>
    <VertexIdToRegister>786</VertexIdToRegister>
    <VertexIdToRegister>810</VertexIdToRegister>
    <VertexIdToRegister>814</VertexIdToRegister>
    <VertexIdToRegister>838</VertexIdToRegister>
    <VertexIdToRegister>842</VertexIdToRegister>
    <VertexIdToRegister>866</VertexIdToRegister>
    <VertexIdToRegister>870</VertexIdToRegister>
    <VertexIdToRegister>887</VertexIdToRegister>
    <VertexIdToRegister>915</VertexIdToRegister>
    <VertexIdToRegister>943</VertexIdToRegister>
    <VertexIdToRegister>971</VertexIdToRegister>
    <VertexIdToRegister>999</VertexIdToRegister>
    <VertexIdToRegister>1005</VertexIdToRegister>
    <VertexIdToRegister>1233</VertexIdToRegister>
  </RegisterAssignments>
</Root>