<?xml version="1.0" encoding="utf-8" standalone="yes"?>
<Root>
  <processingTimeInMilliseconds>5.3136</processingTimeInMilliseconds>
  <RegisterAssignments>
    <VertexIdToRegister>1</VertexIdToRegister>
    <VertexIdToRegister>3</VertexIdToRegister>
    <VertexIdToRegister>24</VertexIdToRegister>
    <VertexIdToRegister>25</VertexIdToRegister>
    <VertexIdToRegister>29</VertexIdToRegister>
    <VertexIdToRegister>30</VertexIdToRegister>
    <VertexIdToRegister>31</VertexIdToRegister>
    <VertexIdToRegister>32</VertexIdToRegister>
    <VertexIdToRegister>33</VertexIdToRegister>
    <VertexIdToRegister>41</VertexIdToRegister>
    <VertexIdToRegister>48</VertexIdToRegister>
    <VertexIdToRegister>55</VertexIdToRegister>
    <VertexIdToRegister>58</VertexIdToRegister>
    <VertexIdToRegister>59</VertexIdToRegister>
    <VertexIdToRegister>60</VertexIdToRegister>
    <VertexIdToRegister>61</VertexIdToRegister>
    <VertexIdToRegister>62</VertexIdToRegister>
    <VertexIdToRegister>63</VertexIdToRegister>
    <VertexIdToRegister>71</VertexIdToRegister>
    <VertexIdToRegister>74</VertexIdToRegister>
    <VertexIdToRegister>75</VertexIdToRegister>
    <VertexIdToRegister>76</VertexIdToRegister>
    <VertexIdToRegister>77</VertexIdToRegister>
    <VertexIdToRegister>78</VertexIdToRegister>
    <VertexIdToRegister>82</VertexIdToRegister>
    <VertexIdToRegister>83</VertexIdToRegister>
    <VertexIdToRegister>84</VertexIdToRegister>
    <VertexIdToRegister>85</VertexIdToRegister>
    <VertexIdToRegister>86</VertexIdToRegister>
    <VertexIdToRegister>87</VertexIdToRegister>
    <VertexIdToRegister>88</VertexIdToRegister>
    <VertexIdToRegister>89</VertexIdToRegister>
    <VertexIdToRegister>93</VertexIdToRegister>
    <VertexIdToRegister>94</VertexIdToRegister>
    <VertexIdToRegister>95</VertexIdToRegister>
    <VertexIdToRegister>96</VertexIdToRegister>
    <VertexIdToRegister>97</VertexIdToRegister>
    <VertexIdToRegister>105</VertexIdToRegister>
    <VertexIdToRegister>106</VertexIdToRegister>
    <VertexIdToRegister>113</VertexIdToRegister>
    <VertexIdToRegister>176</VertexIdToRegister>
    <VertexIdToRegister>177</VertexIdToRegister>
    <VertexIdToRegister>178</VertexIdToRegister>
    <VertexIdToRegister>179</VertexIdToRegister>
    <VertexIdToRegister>180</VertexIdToRegister>
    <VertexIdToRegister>181</VertexIdToRegister>
    <VertexIdToRegister>185</VertexIdToRegister>
    <VertexIdToRegister>186</VertexIdToRegister>
    <VertexIdToRegister>187</VertexIdToRegister>
    <VertexIdToRegister>188</VertexIdToRegister>
    <VertexIdToRegister>189</VertexIdToRegister>
    <VertexIdToRegister>190</VertexIdToRegister>
    <VertexIdToRegister>194</VertexIdToRegister>
    <VertexIdToRegister>195</VertexIdToRegister>
    <VertexIdToRegister>196</VertexIdToRegister>
    <VertexIdToRegister>197</VertexIdToRegister>
    <VertexIdToRegister>198</VertexIdToRegister>
    <VertexIdToRegister>199</VertexIdToRegister>
    <VertexIdToRegister>203</VertexIdToRegister>
    <VertexIdToRegister>204</VertexIdToRegister>
    <VertexIdToRegister>205</VertexIdToRegister>
    <VertexIdToRegister>206</VertexIdToRegister>
    <VertexIdToRegister>207</VertexIdToRegister>
    <VertexIdToRegister>208</VertexIdToRegister>
    <VertexIdToRegister>212</VertexIdToRegister>
    <VertexIdToRegister>213</VertexIdToRegister>
    <VertexIdToRegister>214</VertexIdToRegister>
    <VertexIdToRegister>215</VertexIdToRegister>
    <VertexIdToRegister>216</VertexIdToRegister>
    <VertexIdToRegister>217</VertexIdToRegister>
    <VertexIdToRegister>221</VertexIdToRegister>
    <VertexIdToRegister>222</VertexIdToRegister>
    <VertexIdToRegister>223</VertexIdToRegister>
    <VertexIdToRegister>224</VertexIdToRegister>
    <VertexIdToRegister>225</VertexIdToRegister>
    <VertexIdToRegister>226</VertexIdToRegister>
    <VertexIdToRegister>227</VertexIdToRegister>
    <VertexIdToRegister>228</VertexIdToRegister>
    <VertexIdToRegister>229</VertexIdToRegister>
    <VertexIdToRegister>230</VertexIdToRegister>
    <VertexIdToRegister>231</VertexIdToRegister>
    <VertexIdToRegister>232</VertexIdToRegister>
    <VertexIdToRegister>233</VertexIdToRegister>
    <VertexIdToRegister>237</VertexIdToRegister>
    <VertexIdToRegister>238</VertexIdToRegister>
    <VertexIdToRegister>239</VertexIdToRegister>
    <VertexIdToRegister>240</VertexIdToRegister>
    <VertexIdToRegister>241</VertexIdToRegister>
    <VertexIdToRegister>242</VertexIdToRegister>
    <VertexIdToRegister>243</VertexIdToRegister>
    <VertexIdToRegister>244</VertexIdToRegister>
    <VertexIdToRegister>245</VertexIdToRegister>
    <VertexIdToRegister>246</VertexIdToRegister>
    <VertexIdToRegister>247</VertexIdToRegister>
    <VertexIdToRegister>248</VertexIdToRegister>
    <VertexIdToRegister>249</VertexIdToRegister>
    <VertexIdToRegister>253</VertexIdToRegister>
    <VertexIdToRegister>254</VertexIdToRegister>
    <VertexIdToRegister>255</VertexIdToRegister>
    <VertexIdToRegister>256</VertexIdToRegister>
    <VertexIdToRegister>257</VertexIdToRegister>
    <VertexIdToRegister>258</VertexIdToRegister>
    <VertexIdToRegister>259</VertexIdToRegister>
    <VertexIdToRegister>260</VertexIdToRegister>
    <VertexIdToRegister>261</VertexIdToRegister>
    <VertexIdToRegister>262</VertexIdToRegister>
    <VertexIdToRegister>263</VertexIdToRegister>
    <VertexIdToRegister>264</VertexIdToRegister>
    <VertexIdToRegister>265</VertexIdToRegister>
    <VertexIdToRegister>269</VertexIdToRegister>
    <VertexIdToRegister>270</VertexIdToRegister>
    <VertexIdToRegister>271</VertexIdToRegister>
    <VertexIdToRegister>272</VertexIdToRegister>
    <VertexIdToRegister>273</VertexIdToRegister>
    <VertexIdToRegister>274</VertexIdToRegister>
    <VertexIdToRegister>275</VertexIdToRegister>
    <VertexIdToRegister>276</VertexIdToRegister>
    <VertexIdToRegister>277</VertexIdToRegister>
    <VertexIdToRegister>278</VertexIdToRegister>
    <VertexIdToRegister>279</VertexIdToRegister>
    <VertexIdToRegister>280</VertexIdToRegister>
    <VertexIdToRegister>281</VertexIdToRegister>
    <VertexIdToRegister>285</VertexIdToRegister>
    <VertexIdToRegister>286</VertexIdToRegister>
    <VertexIdToRegister>287</VertexIdToRegister>
    <VertexIdToRegister>288</VertexIdToRegister>
    <VertexIdToRegister>289</VertexIdToRegister>
    <VertexIdToRegister>290</VertexIdToRegister>
    <VertexIdToRegister>291</VertexIdToRegister>
    <VertexIdToRegister>292</VertexIdToRegister>
    <VertexIdToRegister>293</VertexIdToRegister>
    <VertexIdToRegister>294</VertexIdToRegister>
    <VertexIdToRegister>295</VertexIdToRegister>
    <VertexIdToRegister>296</VertexIdToRegister>
    <VertexIdToRegister>297</VertexIdToRegister>
    <VertexIdToRegister>305</VertexIdToRegister>
    <VertexIdToRegister>312</VertexIdToRegister>
    <VertexIdToRegister>313</VertexIdToRegister>
    <VertexIdToRegister>315</VertexIdToRegister>
    <VertexIdToRegister>320</VertexIdToRegister>
    <VertexIdToRegister>327</VertexIdToRegister>
    <VertexIdToRegister>328</VertexIdToRegister>
    <VertexIdToRegister>330</VertexIdToRegister>
    <VertexIdToRegister>335</VertexIdToRegister>
    <VertexIdToRegister>342</VertexIdToRegister>
    <VertexIdToRegister>343</VertexIdToRegister>
    <VertexIdToRegister>345</VertexIdToRegister>
    <VertexIdToRegister>350</VertexIdToRegister>
    <VertexIdToRegister>357</VertexIdToRegister>
    <VertexIdToRegister>358</VertexIdToRegister>
    <VertexIdToRegister>360</VertexIdToRegister>
    <VertexIdToRegister>365</VertexIdToRegister>
    <VertexIdToRegister>372</VertexIdToRegister>
    <VertexIdToRegister>373</VertexIdToRegister>
    <VertexIdToRegister>375</VertexIdToRegister>
    <VertexIdToRegister>436</VertexIdToRegister>
    <VertexIdToRegister>437</VertexIdToRegister>
    <VertexIdToRegister>438</VertexIdToRegister>
    <VertexIdToRegister>439</VertexIdToRegister>
    <VertexIdToRegister>440</VertexIdToRegister>
    <VertexIdToRegister>441</VertexIdToRegister>
    <VertexIdToRegister>445</VertexIdToRegister>
    <VertexIdToRegister>446</VertexIdToRegister>
    <VertexIdToRegister>447</VertexIdToRegister>
    <VertexIdToRegister>448</VertexIdToRegister>
    <VertexIdToRegister>449</VertexIdToRegister>
    <VertexIdToRegister>450</VertexIdToRegister>
    <VertexIdToRegister>454</VertexIdToRegister>
    <VertexIdToRegister>455</VertexIdToRegister>
    <VertexIdToRegister>456</VertexIdToRegister>
    <VertexIdToRegister>457</VertexIdToRegister>
    <VertexIdToRegister>458</VertexIdToRegister>
    <VertexIdToRegister>459</VertexIdToRegister>
    <VertexIdToRegister>463</VertexIdToRegister>
    <VertexIdToRegister>464</VertexIdToRegister>
    <VertexIdToRegister>465</VertexIdToRegister>
    <VertexIdToRegister>466</VertexIdToRegister>
    <VertexIdToRegister>467</VertexIdToRegister>
    <VertexIdToRegister>468</VertexIdToRegister>
    <VertexIdToRegister>472</VertexIdToRegister>
    <VertexIdToRegister>473</VertexIdToRegister>
    <VertexIdToRegister>474</VertexIdToRegister>
    <VertexIdToRegister>475</VertexIdToRegister>
    <VertexIdToRegister>476</VertexIdToRegister>
    <VertexIdToRegister>477</VertexIdToRegister>
    <VertexIdToRegister>481</VertexIdToRegister>
    <VertexIdToRegister>482</VertexIdToRegister>
    <VertexIdToRegister>483</VertexIdToRegister>
    <VertexIdToRegister>484</VertexIdToRegister>
    <VertexIdToRegister>485</VertexIdToRegister>
    <VertexIdToRegister>486</VertexIdToRegister>
    <VertexIdToRegister>487</VertexIdToRegister>
    <VertexIdToRegister>488</VertexIdToRegister>
    <VertexIdToRegister>489</VertexIdToRegister>
    <VertexIdToRegister>490</VertexIdToRegister>
    <VertexIdToRegister>491</VertexIdToRegister>
    <VertexIdToRegister>492</VertexIdToRegister>
    <VertexIdToRegister>493</VertexIdToRegister>
    <VertexIdToRegister>497</VertexIdToRegister>
    <VertexIdToRegister>498</VertexIdToRegister>
    <VertexIdToRegister>499</VertexIdToRegister>
    <VertexIdToRegister>500</VertexIdToRegister>
    <VertexIdToRegister>501</VertexIdToRegister>
    <VertexIdToRegister>502</VertexIdToRegister>
    <VertexIdToRegister>503</VertexIdToRegister>
    <VertexIdToRegister>504</VertexIdToRegister>
    <VertexIdToRegister>505</VertexIdToRegister>
    <VertexIdToRegister>506</VertexIdToRegister>
    <VertexIdToRegister>507</VertexIdToRegister>
    <VertexIdToRegister>508</VertexIdToRegister>
    <VertexIdToRegister>509</VertexIdToRegister>
    <VertexIdToRegister>513</VertexIdToRegister>
    <VertexIdToRegister>514</VertexIdToRegister>
    <VertexIdToRegister>515</VertexIdToRegister>
    <VertexIdToRegister>516</VertexIdToRegister>
    <VertexIdToRegister>517</VertexIdToRegister>
    <VertexIdToRegister>518</VertexIdToRegister>
    <VertexIdToRegister>519</VertexIdToRegister>
    <VertexIdToRegister>520</VertexIdToRegister>
    <VertexIdToRegister>521</VertexIdToRegister>
    <VertexIdToRegister>522</VertexIdToRegister>
    <VertexIdToRegister>523</VertexIdToRegister>
    <VertexIdToRegister>524</VertexIdToRegister>
    <VertexIdToRegister>525</VertexIdToRegister>
    <VertexIdToRegister>529</VertexIdToRegister>
    <VertexIdToRegister>530</VertexIdToRegister>
    <VertexIdToRegister>531</VertexIdToRegister>
    <VertexIdToRegister>532</VertexIdToRegister>
    <VertexIdToRegister>533</VertexIdToRegister>
    <VertexIdToRegister>534</VertexIdToRegister>
    <VertexIdToRegister>535</VertexIdToRegister>
    <VertexIdToRegister>536</VertexIdToRegister>
    <VertexIdToRegister>537</VertexIdToRegister>
    <VertexIdToRegister>538</VertexIdToRegister>
    <VertexIdToRegister>539</VertexIdToRegister>
    <VertexIdToRegister>540</VertexIdToRegister>
    <VertexIdToRegister>541</VertexIdToRegister>
    <VertexIdToRegister>545</VertexIdToRegister>
    <VertexIdToRegister>546</VertexIdToRegister>
    <VertexIdToRegister>547</VertexIdToRegister>
    <VertexIdToRegister>548</VertexIdToRegister>
    <VertexIdToRegister>549</VertexIdToRegister>
    <VertexIdToRegister>550</VertexIdToRegister>
    <VertexIdToRegister>551</VertexIdToRegister>
    <VertexIdToRegister>552</VertexIdToRegister>
    <VertexIdToRegister>553</VertexIdToRegister>
    <VertexIdToRegister>554</VertexIdToRegister>
    <VertexIdToRegister>555</VertexIdToRegister>
    <VertexIdToRegister>556</VertexIdToRegister>
    <VertexIdToRegister>557</VertexIdToRegister>
    <VertexIdToRegister>561</VertexIdToRegister>
    <VertexIdToRegister>562</VertexIdToRegister>
    <VertexIdToRegister>563</VertexIdToRegister>
    <VertexIdToRegister>564</VertexIdToRegister>
    <VertexIdToRegister>565</VertexIdToRegister>
    <VertexIdToRegister>569</VertexIdToRegister>
    <VertexIdToRegister>570</VertexIdToRegister>
    <VertexIdToRegister>571</VertexIdToRegister>
    <VertexIdToRegister>572</VertexIdToRegister>
    <VertexIdToRegister>573</VertexIdToRegister>
    <VertexIdToRegister>577</VertexIdToRegister>
    <VertexIdToRegister>578</VertexIdToRegister>
    <VertexIdToRegister>579</VertexIdToRegister>
    <VertexIdToRegister>580</VertexIdToRegister>
    <VertexIdToRegister>581</VertexIdToRegister>
    <VertexIdToRegister>585</VertexIdToRegister>
    <VertexIdToRegister>586</VertexIdToRegister>
    <VertexIdToRegister>587</VertexIdToRegister>
    <VertexIdToRegister>588</VertexIdToRegister>
    <VertexIdToRegister>589</VertexIdToRegister>
    <VertexIdToRegister>593</VertexIdToRegister>
    <VertexIdToRegister>594</VertexIdToRegister>
    <VertexIdToRegister>595</VertexIdToRegister>
    <VertexIdToRegister>596</VertexIdToRegister>
    <VertexIdToRegister>597</VertexIdToRegister>
    <VertexIdToRegister>601</VertexIdToRegister>
    <VertexIdToRegister>602</VertexIdToRegister>
    <VertexIdToRegister>603</VertexIdToRegister>
    <VertexIdToRegister>604</VertexIdToRegister>
    <VertexIdToRegister>605</VertexIdToRegister>
    <VertexIdToRegister>606</VertexIdToRegister>
    <VertexIdToRegister>607</VertexIdToRegister>
    <VertexIdToRegister>608</VertexIdToRegister>
    <VertexIdToRegister>609</VertexIdToRegister>
    <VertexIdToRegister>610</VertexIdToRegister>
    <VertexIdToRegister>611</VertexIdToRegister>
    <VertexIdToRegister>612</VertexIdToRegister>
    <VertexIdToRegister>613</VertexIdToRegister>
    <VertexIdToRegister>614</VertexIdToRegister>
    <VertexIdToRegister>615</VertexIdToRegister>
    <VertexIdToRegister>617</VertexIdToRegister>
    <VertexIdToRegister>618</VertexIdToRegister>
    <VertexIdToRegister>619</VertexIdToRegister>
    <VertexIdToRegister>620</VertexIdToRegister>
    <VertexIdToRegister>621</VertexIdToRegister>
    <VertexIdToRegister>622</VertexIdToRegister>
    <VertexIdToRegister>623</VertexIdToRegister>
    <VertexIdToRegister>624</VertexIdToRegister>
    <VertexIdToRegister>625</VertexIdToRegister>
    <VertexIdToRegister>626</VertexIdToRegister>
    <VertexIdToRegister>627</VertexIdToRegister>
    <VertexIdToRegister>628</VertexIdToRegister>
    <VertexIdToRegister>629</VertexIdToRegister>
    <VertexIdToRegister>630</VertexIdToRegister>
    <VertexIdToRegister>631</VertexIdToRegister>
    <VertexIdToRegister>633</VertexIdToRegister>
    <VertexIdToRegister>634</VertexIdToRegister>
    <VertexIdToRegister>635</VertexIdToRegister>
    <VertexIdToRegister>636</VertexIdToRegister>
    <VertexIdToRegister>637</VertexIdToRegister>
    <VertexIdToRegister>638</VertexIdToRegister>
    <VertexIdToRegister>639</VertexIdToRegister>
    <VertexIdToRegister>640</VertexIdToRegister>
    <VertexIdToRegister>641</VertexIdToRegister>
    <VertexIdToRegister>642</VertexIdToRegister>
    <VertexIdToRegister>643</VertexIdToRegister>
    <VertexIdToRegister>644</VertexIdToRegister>
    <VertexIdToRegister>645</VertexIdToRegister>
    <VertexIdToRegister>646</VertexIdToRegister>
    <VertexIdToRegister>647</VertexIdToRegister>
    <VertexIdToRegister>649</VertexIdToRegister>
    <VertexIdToRegister>650</VertexIdToRegister>
    <VertexIdToRegister>651</VertexIdToRegister>
    <VertexIdToRegister>652</VertexIdToRegister>
    <VertexIdToRegister>653</VertexIdToRegister>
    <VertexIdToRegister>654</VertexIdToRegister>
    <VertexIdToRegister>655</VertexIdToRegister>
    <VertexIdToRegister>656</VertexIdToRegister>
    <VertexIdToRegister>657</VertexIdToRegister>
    <VertexIdToRegister>658</VertexIdToRegister>
    <VertexIdToRegister>659</VertexIdToRegister>
    <VertexIdToRegister>660</VertexIdToRegister>
    <VertexIdToRegister>661</VertexIdToRegister>
    <VertexIdToRegister>662</VertexIdToRegister>
    <VertexIdToRegister>663</VertexIdToRegister>
    <VertexIdToRegister>665</VertexIdToRegister>
    <VertexIdToRegister>666</VertexIdToRegister>
    <VertexIdToRegister>667</VertexIdToRegister>
    <VertexIdToRegister>668</VertexIdToRegister>
    <VertexIdToRegister>669</VertexIdToRegister>
    <VertexIdToRegister>670</VertexIdToRegister>
    <VertexIdToRegister>671</VertexIdToRegister>
    <VertexIdToRegister>672</VertexIdToRegister>
    <VertexIdToRegister>673</VertexIdToRegister>
    <VertexIdToRegister>674</VertexIdToRegister>
    <VertexIdToRegister>675</VertexIdToRegister>
    <VertexIdToRegister>676</VertexIdToRegister>
    <VertexIdToRegister>677</VertexIdToRegister>
    <VertexIdToRegister>678</VertexIdToRegister>
    <VertexIdToRegister>679</VertexIdToRegister>
    <VertexIdToRegister>685</VertexIdToRegister>
    <VertexIdToRegister>692</VertexIdToRegister>
    <VertexIdToRegister>693</VertexIdToRegister>
    <VertexIdToRegister>695</VertexIdToRegister>
    <VertexIdToRegister>700</VertexIdToRegister>
    <VertexIdToRegister>707</VertexIdToRegister>
    <VertexIdToRegister>708</VertexIdToRegister>
    <VertexIdToRegister>710</VertexIdToRegister>
    <VertexIdToRegister>715</VertexIdToRegister>
    <VertexIdToRegister>722</VertexIdToRegister>
    <VertexIdToRegister>723</VertexIdToRegister>
    <VertexIdToRegister>725</VertexIdToRegister>
    <VertexIdToRegister>730</VertexIdToRegister>
    <VertexIdToRegister>737</VertexIdToRegister>
    <VertexIdToRegister>738</VertexIdToRegister>
    <VertexIdToRegister>740</VertexIdToRegister>
    <VertexIdToRegister>745</VertexIdToRegister>
    <VertexIdToRegister>752</VertexIdToRegister>
    <VertexIdToRegister>753</VertexIdToRegister>
    <VertexIdToRegister>755</VertexIdToRegister>
    <VertexIdToRegister>760</VertexIdToRegister>
    <VertexIdToRegister>767</VertexIdToRegister>
    <VertexIdToRegister>786</VertexIdToRegister>
    <VertexIdToRegister>793</VertexIdToRegister>
    <VertexIdToRegister>811</VertexIdToRegister>
    <VertexIdToRegister>813</VertexIdToRegister>
    <VertexIdToRegister>815</VertexIdToRegister>
    <VertexIdToRegister>817</VertexIdToRegister>
    <VertexIdToRegister>819</VertexIdToRegister>
    <VertexIdToRegister>821</VertexIdToRegister>
    <VertexIdToRegister>822</VertexIdToRegister>
    <VertexIdToRegister>823</VertexIdToRegister>
    <VertexIdToRegister>824</VertexIdToRegister>
    <VertexIdToRegister>825</VertexIdToRegister>
    <VertexIdToRegister>826</VertexIdToRegister>
    <VertexIdToRegister>827</VertexIdToRegister>
    <VertexIdToRegister>828</VertexIdToRegister>
    <VertexIdToRegister>829</VertexIdToRegister>
    <VertexIdToRegister>830</VertexIdToRegister>
    <VertexIdToRegister>831</VertexIdToRegister>
    <VertexIdToRegister>832</VertexIdToRegister>
    <VertexIdToRegister>833</VertexIdToRegister>
    <VertexIdToRegister>834</VertexIdToRegister>
    <VertexIdToRegister>835</VertexIdToRegister>
    <VertexIdToRegister>836</VertexIdToRegister>
    <VertexIdToRegister>837</VertexIdToRegister>
  </RegisterAssignments>
</Root>