<?xml version="1.0" encoding="utf-8" standalone="yes"?>
<Root>
  <processingTimeInMilliseconds>7.4110000000000005</processingTimeInMilliseconds>
  <RegisterAssignments>
    <VertexIdToRegister>0</VertexIdToRegister>
    <VertexIdToRegister>63</VertexIdToRegister>
    <VertexIdToRegister>108</VertexIdToRegister>
    <VertexIdToRegister>109</VertexIdToRegister>
    <VertexIdToRegister>110</VertexIdToRegister>
    <VertexIdToRegister>111</VertexIdToRegister>
    <VertexIdToRegister>112</VertexIdToRegister>
    <VertexIdToRegister>115</VertexIdToRegister>
    <VertexIdToRegister>160</VertexIdToRegister>
    <VertexIdToRegister>161</VertexIdToRegister>
    <VertexIdToRegister>162</VertexIdToRegister>
    <VertexIdToRegister>163</VertexIdToRegister>
    <VertexIdToRegister>164</VertexIdToRegister>
    <VertexIdToRegister>167</VertexIdToRegister>
    <VertexIdToRegister>212</VertexIdToRegister>
    <VertexIdToRegister>213</VertexIdToRegister>
    <VertexIdToRegister>214</VertexIdToRegister>
    <VertexIdToRegister>215</VertexIdToRegister>
    <VertexIdToRegister>216</VertexIdToRegister>
    <VertexIdToRegister>219</VertexIdToRegister>
    <VertexIdToRegister>264</VertexIdToRegister>
    <VertexIdToRegister>265</VertexIdToRegister>
    <VertexIdToRegister>266</VertexIdToRegister>
    <VertexIdToRegister>267</VertexIdToRegister>
    <VertexIdToRegister>268</VertexIdToRegister>
    <VertexIdToRegister>271</VertexIdToRegister>
    <VertexIdToRegister>316</VertexIdToRegister>
    <VertexIdToRegister>317</VertexIdToRegister>
    <VertexIdToRegister>318</VertexIdToRegister>
    <VertexIdToRegister>319</VertexIdToRegister>
    <VertexIdToRegister>320</VertexIdToRegister>
    <VertexIdToRegister>323</VertexIdToRegister>
    <VertexIdToRegister>368</VertexIdToRegister>
    <VertexIdToRegister>369</VertexIdToRegister>
    <VertexIdToRegister>370</VertexIdToRegister>
    <VertexIdToRegister>371</VertexIdToRegister>
    <VertexIdToRegister>372</VertexIdToRegister>
    <VertexIdToRegister>375</VertexIdToRegister>
    <VertexIdToRegister>420</VertexIdToRegister>
    <VertexIdToRegister>421</VertexIdToRegister>
    <VertexIdToRegister>422</VertexIdToRegister>
    <VertexIdToRegister>423</VertexIdToRegister>
    <VertexIdToRegister>424</VertexIdToRegister>
    <VertexIdToRegister>427</VertexIdToRegister>
    <VertexIdToRegister>472</VertexIdToRegister>
    <VertexIdToRegister>473</VertexIdToRegister>
    <VertexIdToRegister>474</VertexIdToRegister>
    <VertexIdToRegister>475</VertexIdToRegister>
    <VertexIdToRegister>476</VertexIdToRegister>
    <VertexIdToRegister>479</VertexIdToRegister>
    <VertexIdToRegister>524</VertexIdToRegister>
    <VertexIdToRegister>525</VertexIdToRegister>
    <VertexIdToRegister>526</VertexIdToRegister>
    <VertexIdToRegister>527</VertexIdToRegister>
    <VertexIdToRegister>528</VertexIdToRegister>
    <VertexIdToRegister>531</VertexIdToRegister>
    <VertexIdToRegister>576</VertexIdToRegister>
    <VertexIdToRegister>577</VertexIdToRegister>
    <VertexIdToRegister>578</VertexIdToRegister>
    <VertexIdToRegister>579</VertexIdToRegister>
    <VertexIdToRegister>580</VertexIdToRegister>
    <VertexIdToRegister>583</VertexIdToRegister>
    <VertexIdToRegister>628</VertexIdToRegister>
    <VertexIdToRegister>629</VertexIdToRegister>
    <VertexIdToRegister>630</VertexIdToRegister>
    <VertexIdToRegister>631</VertexIdToRegister>
    <VertexIdToRegister>632</VertexIdToRegister>
    <VertexIdToRegister>635</VertexIdToRegister>
    <VertexIdToRegister>680</VertexIdToRegister>
    <VertexIdToRegister>681</VertexIdToRegister>
    <VertexIdToRegister>682</VertexIdToRegister>
    <VertexIdToRegister>683</VertexIdToRegister>
    <VertexIdToRegister>684</VertexIdToRegister>
    <VertexIdToRegister>687</VertexIdToRegister>
    <VertexIdToRegister>732</VertexIdToRegister>
    <VertexIdToRegister>733</VertexIdToRegister>
    <VertexIdToRegister>734</VertexIdToRegister>
    <VertexIdToRegister>735</VertexIdToRegister>
    <VertexIdToRegister>736</VertexIdToRegister>
    <VertexIdToRegister>739</VertexIdToRegister>
    <VertexIdToRegister>784</VertexIdToRegister>
    <VertexIdToRegister>785</VertexIdToRegister>
    <VertexIdToRegister>786</VertexIdToRegister>
    <VertexIdToRegister>787</VertexIdToRegister>
    <VertexIdToRegister>788</VertexIdToRegister>
    <VertexIdToRegister>791</VertexIdToRegister>
    <VertexIdToRegister>836</VertexIdToRegister>
    <VertexIdToRegister>837</VertexIdToRegister>
    <VertexIdToRegister>838</VertexIdToRegister>
    <VertexIdToRegister>839</VertexIdToRegister>
    <VertexIdToRegister>840</VertexIdToRegister>
    <VertexIdToRegister>867</VertexIdToRegister>
  </RegisterAssignments>
</Root>