<?xml version="1.0" encoding="utf-8" standalone="yes"?>
<Root>
  <processingTimeInMilliseconds>19.7254</processingTimeInMilliseconds>
  <RegisterAssignments>
    <VertexIdToRegister>2</VertexIdToRegister>
    <VertexIdToRegister>4</VertexIdToRegister>
    <VertexIdToRegister>6</VertexIdToRegister>
    <VertexIdToRegister>8</VertexIdToRegister>
    <VertexIdToRegister>136</VertexIdToRegister>
    <VertexIdToRegister>137</VertexIdToRegister>
    <VertexIdToRegister>138</VertexIdToRegister>
    <VertexIdToRegister>139</VertexIdToRegister>
    <VertexIdToRegister>140</VertexIdToRegister>
    <VertexIdToRegister>141</VertexIdToRegister>
    <VertexIdToRegister>142</VertexIdToRegister>
    <VertexIdToRegister>143</VertexIdToRegister>
    <VertexIdToRegister>153</VertexIdToRegister>
    <VertexIdToRegister>154</VertexIdToRegister>
    <VertexIdToRegister>155</VertexIdToRegister>
    <VertexIdToRegister>156</VertexIdToRegister>
    <VertexIdToRegister>157</VertexIdToRegister>
    <VertexIdToRegister>158</VertexIdToRegister>
    <VertexIdToRegister>159</VertexIdToRegister>
    <VertexIdToRegister>160</VertexIdToRegister>
    <VertexIdToRegister>170</VertexIdToRegister>
    <VertexIdToRegister>171</VertexIdToRegister>
    <VertexIdToRegister>172</VertexIdToRegister>
    <VertexIdToRegister>173</VertexIdToRegister>
    <VertexIdToRegister>174</VertexIdToRegister>
    <VertexIdToRegister>175</VertexIdToRegister>
    <VertexIdToRegister>176</VertexIdToRegister>
    <VertexIdToRegister>177</VertexIdToRegister>
    <VertexIdToRegister>187</VertexIdToRegister>
    <VertexIdToRegister>188</VertexIdToRegister>
    <VertexIdToRegister>189</VertexIdToRegister>
    <VertexIdToRegister>190</VertexIdToRegister>
    <VertexIdToRegister>191</VertexIdToRegister>
    <VertexIdToRegister>192</VertexIdToRegister>
    <VertexIdToRegister>193</VertexIdToRegister>
    <VertexIdToRegister>194</VertexIdToRegister>
    <VertexIdToRegister>383</VertexIdToRegister>
    <VertexIdToRegister>403</VertexIdToRegister>
    <VertexIdToRegister>404</VertexIdToRegister>
    <VertexIdToRegister>407</VertexIdToRegister>
    <VertexIdToRegister>414</VertexIdToRegister>
    <VertexIdToRegister>423</VertexIdToRegister>
    <VertexIdToRegister>430</VertexIdToRegister>
    <VertexIdToRegister>439</VertexIdToRegister>
    <VertexIdToRegister>446</VertexIdToRegister>
    <VertexIdToRegister>455</VertexIdToRegister>
    <VertexIdToRegister>462</VertexIdToRegister>
    <VertexIdToRegister>471</VertexIdToRegister>
    <VertexIdToRegister>478</VertexIdToRegister>
    <VertexIdToRegister>487</VertexIdToRegister>
    <VertexIdToRegister>494</VertexIdToRegister>
    <VertexIdToRegister>503</VertexIdToRegister>
    <VertexIdToRegister>510</VertexIdToRegister>
    <VertexIdToRegister>519</VertexIdToRegister>
    <VertexIdToRegister>526</VertexIdToRegister>
    <VertexIdToRegister>535</VertexIdToRegister>
    <VertexIdToRegister>542</VertexIdToRegister>
    <VertexIdToRegister>587</VertexIdToRegister>
    <VertexIdToRegister>588</VertexIdToRegister>
    <VertexIdToRegister>589</VertexIdToRegister>
    <VertexIdToRegister>590</VertexIdToRegister>
    <VertexIdToRegister>591</VertexIdToRegister>
    <VertexIdToRegister>601</VertexIdToRegister>
    <VertexIdToRegister>602</VertexIdToRegister>
    <VertexIdToRegister>603</VertexIdToRegister>
    <VertexIdToRegister>604</VertexIdToRegister>
    <VertexIdToRegister>605</VertexIdToRegister>
    <VertexIdToRegister>615</VertexIdToRegister>
    <VertexIdToRegister>616</VertexIdToRegister>
    <VertexIdToRegister>617</VertexIdToRegister>
    <VertexIdToRegister>618</VertexIdToRegister>
    <VertexIdToRegister>619</VertexIdToRegister>
    <VertexIdToRegister>629</VertexIdToRegister>
    <VertexIdToRegister>630</VertexIdToRegister>
    <VertexIdToRegister>631</VertexIdToRegister>
    <VertexIdToRegister>632</VertexIdToRegister>
    <VertexIdToRegister>633</VertexIdToRegister>
    <VertexIdToRegister>702</VertexIdToRegister>
    <VertexIdToRegister>703</VertexIdToRegister>
    <VertexIdToRegister>704</VertexIdToRegister>
    <VertexIdToRegister>705</VertexIdToRegister>
    <VertexIdToRegister>706</VertexIdToRegister>
    <VertexIdToRegister>707</VertexIdToRegister>
    <VertexIdToRegister>708</VertexIdToRegister>
    <VertexIdToRegister>709</VertexIdToRegister>
    <VertexIdToRegister>719</VertexIdToRegister>
    <VertexIdToRegister>720</VertexIdToRegister>
    <VertexIdToRegister>721</VertexIdToRegister>
    <VertexIdToRegister>722</VertexIdToRegister>
    <VertexIdToRegister>723</VertexIdToRegister>
    <VertexIdToRegister>724</VertexIdToRegister>
    <VertexIdToRegister>725</VertexIdToRegister>
    <VertexIdToRegister>726</VertexIdToRegister>
    <VertexIdToRegister>734</VertexIdToRegister>
    <VertexIdToRegister>735</VertexIdToRegister>
    <VertexIdToRegister>742</VertexIdToRegister>
    <VertexIdToRegister>743</VertexIdToRegister>
    <VertexIdToRegister>750</VertexIdToRegister>
    <VertexIdToRegister>757</VertexIdToRegister>
    <VertexIdToRegister>772</VertexIdToRegister>
    <VertexIdToRegister>774</VertexIdToRegister>
    <VertexIdToRegister>776</VertexIdToRegister>
    <VertexIdToRegister>777</VertexIdToRegister>
    <VertexIdToRegister>778</VertexIdToRegister>
    <VertexIdToRegister>779</VertexIdToRegister>
    <VertexIdToRegister>780</VertexIdToRegister>
    <VertexIdToRegister>781</VertexIdToRegister>
    <VertexIdToRegister>782</VertexIdToRegister>
    <VertexIdToRegister>783</VertexIdToRegister>
    <VertexIdToRegister>784</VertexIdToRegister>
    <VertexIdToRegister>789</VertexIdToRegister>
    <VertexIdToRegister>796</VertexIdToRegister>
    <VertexIdToRegister>987</VertexIdToRegister>
    <VertexIdToRegister>988</VertexIdToRegister>
    <VertexIdToRegister>989</VertexIdToRegister>
    <VertexIdToRegister>990</VertexIdToRegister>
    <VertexIdToRegister>991</VertexIdToRegister>
    <VertexIdToRegister>992</VertexIdToRegister>
    <VertexIdToRegister>993</VertexIdToRegister>
    <VertexIdToRegister>994</VertexIdToRegister>
    <VertexIdToRegister>995</VertexIdToRegister>
    <VertexIdToRegister>1004</VertexIdToRegister>
    <VertexIdToRegister>1005</VertexIdToRegister>
    <VertexIdToRegister>1006</VertexIdToRegister>
    <VertexIdToRegister>1007</VertexIdToRegister>
    <VertexIdToRegister>1008</VertexIdToRegister>
    <VertexIdToRegister>1009</VertexIdToRegister>
    <VertexIdToRegister>1010</VertexIdToRegister>
    <VertexIdToRegister>1011</VertexIdToRegister>
    <VertexIdToRegister>1012</VertexIdToRegister>
    <VertexIdToRegister>1021</VertexIdToRegister>
    <VertexIdToRegister>1022</VertexIdToRegister>
    <VertexIdToRegister>1029</VertexIdToRegister>
    <VertexIdToRegister>1030</VertexIdToRegister>
    <VertexIdToRegister>1031</VertexIdToRegister>
    <VertexIdToRegister>1032</VertexIdToRegister>
    <VertexIdToRegister>1033</VertexIdToRegister>
    <VertexIdToRegister>1034</VertexIdToRegister>
    <VertexIdToRegister>1035</VertexIdToRegister>
    <VertexIdToRegister>1036</VertexIdToRegister>
    <VertexIdToRegister>1037</VertexIdToRegister>
    <VertexIdToRegister>1046</VertexIdToRegister>
    <VertexIdToRegister>1047</VertexIdToRegister>
    <VertexIdToRegister>1048</VertexIdToRegister>
    <VertexIdToRegister>1049</VertexIdToRegister>
    <VertexIdToRegister>1050</VertexIdToRegister>
    <VertexIdToRegister>1051</VertexIdToRegister>
    <VertexIdToRegister>1052</VertexIdToRegister>
    <VertexIdToRegister>1053</VertexIdToRegister>
    <VertexIdToRegister>1054</VertexIdToRegister>
    <VertexIdToRegister>1063</VertexIdToRegister>
    <VertexIdToRegister>1064</VertexIdToRegister>
    <VertexIdToRegister>1069</VertexIdToRegister>
    <VertexIdToRegister>1070</VertexIdToRegister>
    <VertexIdToRegister>1071</VertexIdToRegister>
    <VertexIdToRegister>1072</VertexIdToRegister>
    <VertexIdToRegister>1073</VertexIdToRegister>
    <VertexIdToRegister>1080</VertexIdToRegister>
    <VertexIdToRegister>1081</VertexIdToRegister>
    <VertexIdToRegister>1082</VertexIdToRegister>
    <VertexIdToRegister>1083</VertexIdToRegister>
    <VertexIdToRegister>1084</VertexIdToRegister>
    <VertexIdToRegister>1091</VertexIdToRegister>
    <VertexIdToRegister>1092</VertexIdToRegister>
    <VertexIdToRegister>1093</VertexIdToRegister>
    <VertexIdToRegister>1094</VertexIdToRegister>
    <VertexIdToRegister>1095</VertexIdToRegister>
    <VertexIdToRegister>1102</VertexIdToRegister>
    <VertexIdToRegister>1103</VertexIdToRegister>
    <VertexIdToRegister>1104</VertexIdToRegister>
    <VertexIdToRegister>1105</VertexIdToRegister>
    <VertexIdToRegister>1106</VertexIdToRegister>
    <VertexIdToRegister>1113</VertexIdToRegister>
    <VertexIdToRegister>1114</VertexIdToRegister>
    <VertexIdToRegister>1115</VertexIdToRegister>
    <VertexIdToRegister>1116</VertexIdToRegister>
    <VertexIdToRegister>1117</VertexIdToRegister>
    <VertexIdToRegister>1124</VertexIdToRegister>
    <VertexIdToRegister>1125</VertexIdToRegister>
    <VertexIdToRegister>1126</VertexIdToRegister>
    <VertexIdToRegister>1127</VertexIdToRegister>
    <VertexIdToRegister>1128</VertexIdToRegister>
    <VertexIdToRegister>1135</VertexIdToRegister>
    <VertexIdToRegister>1136</VertexIdToRegister>
    <VertexIdToRegister>1137</VertexIdToRegister>
    <VertexIdToRegister>1138</VertexIdToRegister>
    <VertexIdToRegister>1139</VertexIdToRegister>
    <VertexIdToRegister>1146</VertexIdToRegister>
    <VertexIdToRegister>1147</VertexIdToRegister>
    <VertexIdToRegister>1148</VertexIdToRegister>
    <VertexIdToRegister>1149</VertexIdToRegister>
    <VertexIdToRegister>1150</VertexIdToRegister>
    <VertexIdToRegister>1157</VertexIdToRegister>
    <VertexIdToRegister>1158</VertexIdToRegister>
    <VertexIdToRegister>1159</VertexIdToRegister>
    <VertexIdToRegister>1160</VertexIdToRegister>
    <VertexIdToRegister>1161</VertexIdToRegister>
    <VertexIdToRegister>1168</VertexIdToRegister>
    <VertexIdToRegister>1169</VertexIdToRegister>
    <VertexIdToRegister>1170</VertexIdToRegister>
    <VertexIdToRegister>1171</VertexIdToRegister>
    <VertexIdToRegister>1172</VertexIdToRegister>
    <VertexIdToRegister>1179</VertexIdToRegister>
    <VertexIdToRegister>1180</VertexIdToRegister>
    <VertexIdToRegister>1181</VertexIdToRegister>
    <VertexIdToRegister>1182</VertexIdToRegister>
    <VertexIdToRegister>1183</VertexIdToRegister>
    <VertexIdToRegister>1190</VertexIdToRegister>
    <VertexIdToRegister>1191</VertexIdToRegister>
    <VertexIdToRegister>1192</VertexIdToRegister>
    <VertexIdToRegister>1193</VertexIdToRegister>
    <VertexIdToRegister>1194</VertexIdToRegister>
    <VertexIdToRegister>1201</VertexIdToRegister>
    <VertexIdToRegister>1202</VertexIdToRegister>
    <VertexIdToRegister>1209</VertexIdToRegister>
    <VertexIdToRegister>1210</VertexIdToRegister>
    <VertexIdToRegister>1217</VertexIdToRegister>
    <VertexIdToRegister>1218</VertexIdToRegister>
    <VertexIdToRegister>1225</VertexIdToRegister>
    <VertexIdToRegister>1226</VertexIdToRegister>
    <VertexIdToRegister>1233</VertexIdToRegister>
    <VertexIdToRegister>1234</VertexIdToRegister>
    <VertexIdToRegister>1235</VertexIdToRegister>
    <VertexIdToRegister>1242</VertexIdToRegister>
    <VertexIdToRegister>1243</VertexIdToRegister>
    <VertexIdToRegister>1244</VertexIdToRegister>
    <VertexIdToRegister>1251</VertexIdToRegister>
    <VertexIdToRegister>1252</VertexIdToRegister>
    <VertexIdToRegister>1253</VertexIdToRegister>
    <VertexIdToRegister>1260</VertexIdToRegister>
    <VertexIdToRegister>1261</VertexIdToRegister>
    <VertexIdToRegister>1262</VertexIdToRegister>
    <VertexIdToRegister>1267</VertexIdToRegister>
    <VertexIdToRegister>1271</VertexIdToRegister>
    <VertexIdToRegister>1281</VertexIdToRegister>
    <VertexIdToRegister>1285</VertexIdToRegister>
    <VertexIdToRegister>1299</VertexIdToRegister>
    <VertexIdToRegister>1300</VertexIdToRegister>
    <VertexIdToRegister>1301</VertexIdToRegister>
    <VertexIdToRegister>1302</VertexIdToRegister>
    <VertexIdToRegister>1303</VertexIdToRegister>
    <VertexIdToRegister>1313</VertexIdToRegister>
    <VertexIdToRegister>1314</VertexIdToRegister>
    <VertexIdToRegister>1315</VertexIdToRegister>
    <VertexIdToRegister>1316</VertexIdToRegister>
    <VertexIdToRegister>1317</VertexIdToRegister>
    <VertexIdToRegister>1327</VertexIdToRegister>
    <VertexIdToRegister>1328</VertexIdToRegister>
    <VertexIdToRegister>1329</VertexIdToRegister>
    <VertexIdToRegister>1330</VertexIdToRegister>
    <VertexIdToRegister>1331</VertexIdToRegister>
    <VertexIdToRegister>1341</VertexIdToRegister>
    <VertexIdToRegister>1342</VertexIdToRegister>
    <VertexIdToRegister>1343</VertexIdToRegister>
    <VertexIdToRegister>1344</VertexIdToRegister>
    <VertexIdToRegister>1345</VertexIdToRegister>
    <VertexIdToRegister>1352</VertexIdToRegister>
    <VertexIdToRegister>1360</VertexIdToRegister>
    <VertexIdToRegister>1371</VertexIdToRegister>
    <VertexIdToRegister>1372</VertexIdToRegister>
    <VertexIdToRegister>1373</VertexIdToRegister>
    <VertexIdToRegister>1374</VertexIdToRegister>
    <VertexIdToRegister>1375</VertexIdToRegister>
    <VertexIdToRegister>1376</VertexIdToRegister>
    <VertexIdToRegister>1377</VertexIdToRegister>
    <VertexIdToRegister>1378</VertexIdToRegister>
    <VertexIdToRegister>1388</VertexIdToRegister>
    <VertexIdToRegister>1389</VertexIdToRegister>
    <VertexIdToRegister>1390</VertexIdToRegister>
    <VertexIdToRegister>1391</VertexIdToRegister>
    <VertexIdToRegister>1392</VertexIdToRegister>
    <VertexIdToRegister>1393</VertexIdToRegister>
    <VertexIdToRegister>1394</VertexIdToRegister>
    <VertexIdToRegister>1395</VertexIdToRegister>
    <VertexIdToRegister>1405</VertexIdToRegister>
    <VertexIdToRegister>1406</VertexIdToRegister>
    <VertexIdToRegister>1407</VertexIdToRegister>
    <VertexIdToRegister>1408</VertexIdToRegister>
    <VertexIdToRegister>1409</VertexIdToRegister>
    <VertexIdToRegister>1410</VertexIdToRegister>
    <VertexIdToRegister>1411</VertexIdToRegister>
    <VertexIdToRegister>1412</VertexIdToRegister>
    <VertexIdToRegister>1422</VertexIdToRegister>
    <VertexIdToRegister>1423</VertexIdToRegister>
    <VertexIdToRegister>1424</VertexIdToRegister>
    <VertexIdToRegister>1425</VertexIdToRegister>
    <VertexIdToRegister>1426</VertexIdToRegister>
    <VertexIdToRegister>1427</VertexIdToRegister>
    <VertexIdToRegister>1428</VertexIdToRegister>
    <VertexIdToRegister>1429</VertexIdToRegister>
    <VertexIdToRegister>1439</VertexIdToRegister>
    <VertexIdToRegister>1440</VertexIdToRegister>
    <VertexIdToRegister>1447</VertexIdToRegister>
    <VertexIdToRegister>1448</VertexIdToRegister>
    <VertexIdToRegister>1449</VertexIdToRegister>
    <VertexIdToRegister>1450</VertexIdToRegister>
    <VertexIdToRegister>1451</VertexIdToRegister>
    <VertexIdToRegister>1452</VertexIdToRegister>
    <VertexIdToRegister>1453</VertexIdToRegister>
    <VertexIdToRegister>1454</VertexIdToRegister>
    <VertexIdToRegister>1464</VertexIdToRegister>
    <VertexIdToRegister>1465</VertexIdToRegister>
    <VertexIdToRegister>1466</VertexIdToRegister>
    <VertexIdToRegister>1467</VertexIdToRegister>
    <VertexIdToRegister>1468</VertexIdToRegister>
    <VertexIdToRegister>1469</VertexIdToRegister>
    <VertexIdToRegister>1470</VertexIdToRegister>
    <VertexIdToRegister>1471</VertexIdToRegister>
    <VertexIdToRegister>1481</VertexIdToRegister>
    <VertexIdToRegister>1482</VertexIdToRegister>
    <VertexIdToRegister>1489</VertexIdToRegister>
    <VertexIdToRegister>1490</VertexIdToRegister>
    <VertexIdToRegister>1497</VertexIdToRegister>
    <VertexIdToRegister>1498</VertexIdToRegister>
    <VertexIdToRegister>1505</VertexIdToRegister>
    <VertexIdToRegister>1506</VertexIdToRegister>
    <VertexIdToRegister>1507</VertexIdToRegister>
    <VertexIdToRegister>1508</VertexIdToRegister>
    <VertexIdToRegister>1509</VertexIdToRegister>
    <VertexIdToRegister>1519</VertexIdToRegister>
    <VertexIdToRegister>1520</VertexIdToRegister>
    <VertexIdToRegister>1521</VertexIdToRegister>
    <VertexIdToRegister>1522</VertexIdToRegister>
    <VertexIdToRegister>1523</VertexIdToRegister>
    <VertexIdToRegister>1534</VertexIdToRegister>
    <VertexIdToRegister>1541</VertexIdToRegister>
    <VertexIdToRegister>1542</VertexIdToRegister>
    <VertexIdToRegister>1543</VertexIdToRegister>
    <VertexIdToRegister>1544</VertexIdToRegister>
    <VertexIdToRegister>1545</VertexIdToRegister>
    <VertexIdToRegister>1555</VertexIdToRegister>
    <VertexIdToRegister>1556</VertexIdToRegister>
    <VertexIdToRegister>1557</VertexIdToRegister>
    <VertexIdToRegister>1558</VertexIdToRegister>
    <VertexIdToRegister>1559</VertexIdToRegister>
    <VertexIdToRegister>1570</VertexIdToRegister>
    <VertexIdToRegister>1577</VertexIdToRegister>
    <VertexIdToRegister>1578</VertexIdToRegister>
    <VertexIdToRegister>1585</VertexIdToRegister>
    <VertexIdToRegister>1586</VertexIdToRegister>
    <VertexIdToRegister>1587</VertexIdToRegister>
    <VertexIdToRegister>1588</VertexIdToRegister>
    <VertexIdToRegister>1589</VertexIdToRegister>
    <VertexIdToRegister>1590</VertexIdToRegister>
    <VertexIdToRegister>1591</VertexIdToRegister>
    <VertexIdToRegister>1592</VertexIdToRegister>
    <VertexIdToRegister>1602</VertexIdToRegister>
    <VertexIdToRegister>1603</VertexIdToRegister>
    <VertexIdToRegister>1604</VertexIdToRegister>
    <VertexIdToRegister>1605</VertexIdToRegister>
    <VertexIdToRegister>1606</VertexIdToRegister>
    <VertexIdToRegister>1607</VertexIdToRegister>
    <VertexIdToRegister>1608</VertexIdToRegister>
    <VertexIdToRegister>1609</VertexIdToRegister>
    <VertexIdToRegister>1619</VertexIdToRegister>
    <VertexIdToRegister>1620</VertexIdToRegister>
    <VertexIdToRegister>1621</VertexIdToRegister>
    <VertexIdToRegister>1622</VertexIdToRegister>
    <VertexIdToRegister>1623</VertexIdToRegister>
    <VertexIdToRegister>1624</VertexIdToRegister>
    <VertexIdToRegister>1625</VertexIdToRegister>
    <VertexIdToRegister>1626</VertexIdToRegister>
    <VertexIdToRegister>1636</VertexIdToRegister>
    <VertexIdToRegister>1637</VertexIdToRegister>
    <VertexIdToRegister>1638</VertexIdToRegister>
    <VertexIdToRegister>1639</VertexIdToRegister>
    <VertexIdToRegister>1640</VertexIdToRegister>
    <VertexIdToRegister>1641</VertexIdToRegister>
    <VertexIdToRegister>1642</VertexIdToRegister>
    <VertexIdToRegister>1643</VertexIdToRegister>
    <VertexIdToRegister>1653</VertexIdToRegister>
    <VertexIdToRegister>1654</VertexIdToRegister>
    <VertexIdToRegister>1661</VertexIdToRegister>
    <VertexIdToRegister>1662</VertexIdToRegister>
    <VertexIdToRegister>1663</VertexIdToRegister>
    <VertexIdToRegister>1664</VertexIdToRegister>
    <VertexIdToRegister>1665</VertexIdToRegister>
    <VertexIdToRegister>1666</VertexIdToRegister>
    <VertexIdToRegister>1667</VertexIdToRegister>
    <VertexIdToRegister>1668</VertexIdToRegister>
    <VertexIdToRegister>1678</VertexIdToRegister>
    <VertexIdToRegister>1679</VertexIdToRegister>
    <VertexIdToRegister>1680</VertexIdToRegister>
    <VertexIdToRegister>1681</VertexIdToRegister>
    <VertexIdToRegister>1682</VertexIdToRegister>
    <VertexIdToRegister>1683</VertexIdToRegister>
    <VertexIdToRegister>1684</VertexIdToRegister>
    <VertexIdToRegister>1685</VertexIdToRegister>
    <VertexIdToRegister>1695</VertexIdToRegister>
    <VertexIdToRegister>1696</VertexIdToRegister>
    <VertexIdToRegister>1697</VertexIdToRegister>
    <VertexIdToRegister>1698</VertexIdToRegister>
    <VertexIdToRegister>1699</VertexIdToRegister>
    <VertexIdToRegister>1709</VertexIdToRegister>
    <VertexIdToRegister>1710</VertexIdToRegister>
    <VertexIdToRegister>1711</VertexIdToRegister>
    <VertexIdToRegister>1712</VertexIdToRegister>
    <VertexIdToRegister>1713</VertexIdToRegister>
    <VertexIdToRegister>1724</VertexIdToRegister>
    <VertexIdToRegister>1731</VertexIdToRegister>
    <VertexIdToRegister>1732</VertexIdToRegister>
    <VertexIdToRegister>1739</VertexIdToRegister>
    <VertexIdToRegister>1740</VertexIdToRegister>
    <VertexIdToRegister>1747</VertexIdToRegister>
    <VertexIdToRegister>1748</VertexIdToRegister>
    <VertexIdToRegister>1749</VertexIdToRegister>
    <VertexIdToRegister>1750</VertexIdToRegister>
    <VertexIdToRegister>1751</VertexIdToRegister>
    <VertexIdToRegister>1761</VertexIdToRegister>
    <VertexIdToRegister>1762</VertexIdToRegister>
    <VertexIdToRegister>1763</VertexIdToRegister>
    <VertexIdToRegister>1764</VertexIdToRegister>
    <VertexIdToRegister>1765</VertexIdToRegister>
    <VertexIdToRegister>1776</VertexIdToRegister>
    <VertexIdToRegister>1783</VertexIdToRegister>
    <VertexIdToRegister>1784</VertexIdToRegister>
    <VertexIdToRegister>1791</VertexIdToRegister>
    <VertexIdToRegister>1792</VertexIdToRegister>
    <VertexIdToRegister>1793</VertexIdToRegister>
    <VertexIdToRegister>1794</VertexIdToRegister>
    <VertexIdToRegister>1795</VertexIdToRegister>
    <VertexIdToRegister>1796</VertexIdToRegister>
    <VertexIdToRegister>1797</VertexIdToRegister>
    <VertexIdToRegister>1798</VertexIdToRegister>
    <VertexIdToRegister>1808</VertexIdToRegister>
    <VertexIdToRegister>1809</VertexIdToRegister>
    <VertexIdToRegister>1810</VertexIdToRegister>
    <VertexIdToRegister>1811</VertexIdToRegister>
    <VertexIdToRegister>1812</VertexIdToRegister>
    <VertexIdToRegister>1813</VertexIdToRegister>
    <VertexIdToRegister>1814</VertexIdToRegister>
    <VertexIdToRegister>1815</VertexIdToRegister>
    <VertexIdToRegister>1825</VertexIdToRegister>
    <VertexIdToRegister>1826</VertexIdToRegister>
    <VertexIdToRegister>1827</VertexIdToRegister>
    <VertexIdToRegister>1828</VertexIdToRegister>
    <VertexIdToRegister>1829</VertexIdToRegister>
    <VertexIdToRegister>1830</VertexIdToRegister>
    <VertexIdToRegister>1831</VertexIdToRegister>
    <VertexIdToRegister>1832</VertexIdToRegister>
    <VertexIdToRegister>1842</VertexIdToRegister>
    <VertexIdToRegister>1843</VertexIdToRegister>
    <VertexIdToRegister>1844</VertexIdToRegister>
    <VertexIdToRegister>1845</VertexIdToRegister>
    <VertexIdToRegister>1846</VertexIdToRegister>
    <VertexIdToRegister>1847</VertexIdToRegister>
    <VertexIdToRegister>1848</VertexIdToRegister>
    <VertexIdToRegister>1849</VertexIdToRegister>
    <VertexIdToRegister>1859</VertexIdToRegister>
    <VertexIdToRegister>1860</VertexIdToRegister>
    <VertexIdToRegister>1867</VertexIdToRegister>
    <VertexIdToRegister>1868</VertexIdToRegister>
    <VertexIdToRegister>1869</VertexIdToRegister>
    <VertexIdToRegister>1870</VertexIdToRegister>
    <VertexIdToRegister>1871</VertexIdToRegister>
    <VertexIdToRegister>1872</VertexIdToRegister>
    <VertexIdToRegister>1873</VertexIdToRegister>
    <VertexIdToRegister>1874</VertexIdToRegister>
    <VertexIdToRegister>1884</VertexIdToRegister>
    <VertexIdToRegister>1885</VertexIdToRegister>
    <VertexIdToRegister>1886</VertexIdToRegister>
    <VertexIdToRegister>1887</VertexIdToRegister>
    <VertexIdToRegister>1888</VertexIdToRegister>
    <VertexIdToRegister>1889</VertexIdToRegister>
    <VertexIdToRegister>1890</VertexIdToRegister>
    <VertexIdToRegister>1891</VertexIdToRegister>
    <VertexIdToRegister>1901</VertexIdToRegister>
    <VertexIdToRegister>1902</VertexIdToRegister>
    <VertexIdToRegister>1903</VertexIdToRegister>
    <VertexIdToRegister>1904</VertexIdToRegister>
    <VertexIdToRegister>1905</VertexIdToRegister>
    <VertexIdToRegister>1915</VertexIdToRegister>
    <VertexIdToRegister>1916</VertexIdToRegister>
    <VertexIdToRegister>1917</VertexIdToRegister>
    <VertexIdToRegister>1918</VertexIdToRegister>
    <VertexIdToRegister>1919</VertexIdToRegister>
    <VertexIdToRegister>1930</VertexIdToRegister>
    <VertexIdToRegister>1937</VertexIdToRegister>
    <VertexIdToRegister>1938</VertexIdToRegister>
    <VertexIdToRegister>1945</VertexIdToRegister>
    <VertexIdToRegister>1946</VertexIdToRegister>
    <VertexIdToRegister>1953</VertexIdToRegister>
    <VertexIdToRegister>1954</VertexIdToRegister>
    <VertexIdToRegister>1955</VertexIdToRegister>
    <VertexIdToRegister>1956</VertexIdToRegister>
    <VertexIdToRegister>1957</VertexIdToRegister>
    <VertexIdToRegister>1967</VertexIdToRegister>
    <VertexIdToRegister>1968</VertexIdToRegister>
    <VertexIdToRegister>1969</VertexIdToRegister>
    <VertexIdToRegister>1970</VertexIdToRegister>
    <VertexIdToRegister>1971</VertexIdToRegister>
    <VertexIdToRegister>1982</VertexIdToRegister>
    <VertexIdToRegister>1989</VertexIdToRegister>
    <VertexIdToRegister>1990</VertexIdToRegister>
    <VertexIdToRegister>1997</VertexIdToRegister>
    <VertexIdToRegister>1998</VertexIdToRegister>
    <VertexIdToRegister>1999</VertexIdToRegister>
    <VertexIdToRegister>2000</VertexIdToRegister>
    <VertexIdToRegister>2001</VertexIdToRegister>
    <VertexIdToRegister>2002</VertexIdToRegister>
    <VertexIdToRegister>2003</VertexIdToRegister>
    <VertexIdToRegister>2004</VertexIdToRegister>
    <VertexIdToRegister>2014</VertexIdToRegister>
    <VertexIdToRegister>2015</VertexIdToRegister>
    <VertexIdToRegister>2016</VertexIdToRegister>
    <VertexIdToRegister>2017</VertexIdToRegister>
    <VertexIdToRegister>2018</VertexIdToRegister>
    <VertexIdToRegister>2019</VertexIdToRegister>
    <VertexIdToRegister>2020</VertexIdToRegister>
    <VertexIdToRegister>2021</VertexIdToRegister>
    <VertexIdToRegister>2031</VertexIdToRegister>
    <VertexIdToRegister>2032</VertexIdToRegister>
    <VertexIdToRegister>2033</VertexIdToRegister>
    <VertexIdToRegister>2034</VertexIdToRegister>
    <VertexIdToRegister>2035</VertexIdToRegister>
    <VertexIdToRegister>2036</VertexIdToRegister>
    <VertexIdToRegister>2037</VertexIdToRegister>
    <VertexIdToRegister>2038</VertexIdToRegister>
    <VertexIdToRegister>2048</VertexIdToRegister>
    <VertexIdToRegister>2049</VertexIdToRegister>
    <VertexIdToRegister>2050</VertexIdToRegister>
    <VertexIdToRegister>2051</VertexIdToRegister>
    <VertexIdToRegister>2052</VertexIdToRegister>
    <VertexIdToRegister>2053</VertexIdToRegister>
    <VertexIdToRegister>2054</VertexIdToRegister>
    <VertexIdToRegister>2055</VertexIdToRegister>
    <VertexIdToRegister>2065</VertexIdToRegister>
    <VertexIdToRegister>2066</VertexIdToRegister>
    <VertexIdToRegister>2073</VertexIdToRegister>
    <VertexIdToRegister>2074</VertexIdToRegister>
    <VertexIdToRegister>2075</VertexIdToRegister>
    <VertexIdToRegister>2076</VertexIdToRegister>
    <VertexIdToRegister>2077</VertexIdToRegister>
    <VertexIdToRegister>2078</VertexIdToRegister>
    <VertexIdToRegister>2079</VertexIdToRegister>
    <VertexIdToRegister>2080</VertexIdToRegister>
    <VertexIdToRegister>2090</VertexIdToRegister>
    <VertexIdToRegister>2091</VertexIdToRegister>
    <VertexIdToRegister>2092</VertexIdToRegister>
    <VertexIdToRegister>2093</VertexIdToRegister>
    <VertexIdToRegister>2094</VertexIdToRegister>
    <VertexIdToRegister>2095</VertexIdToRegister>
    <VertexIdToRegister>2096</VertexIdToRegister>
    <VertexIdToRegister>2097</VertexIdToRegister>
    <VertexIdToRegister>2107</VertexIdToRegister>
    <VertexIdToRegister>2108</VertexIdToRegister>
    <VertexIdToRegister>2109</VertexIdToRegister>
    <VertexIdToRegister>2110</VertexIdToRegister>
    <VertexIdToRegister>2111</VertexIdToRegister>
    <VertexIdToRegister>2121</VertexIdToRegister>
    <VertexIdToRegister>2122</VertexIdToRegister>
    <VertexIdToRegister>2123</VertexIdToRegister>
    <VertexIdToRegister>2124</VertexIdToRegister>
    <VertexIdToRegister>2125</VertexIdToRegister>
    <VertexIdToRegister>2136</VertexIdToRegister>
    <VertexIdToRegister>2143</VertexIdToRegister>
    <VertexIdToRegister>2144</VertexIdToRegister>
    <VertexIdToRegister>2151</VertexIdToRegister>
    <VertexIdToRegister>2152</VertexIdToRegister>
    <VertexIdToRegister>2159</VertexIdToRegister>
    <VertexIdToRegister>2160</VertexIdToRegister>
    <VertexIdToRegister>2161</VertexIdToRegister>
    <VertexIdToRegister>2162</VertexIdToRegister>
    <VertexIdToRegister>2163</VertexIdToRegister>
    <VertexIdToRegister>2173</VertexIdToRegister>
    <VertexIdToRegister>2174</VertexIdToRegister>
    <VertexIdToRegister>2175</VertexIdToRegister>
    <VertexIdToRegister>2176</VertexIdToRegister>
    <VertexIdToRegister>2177</VertexIdToRegister>
    <VertexIdToRegister>2188</VertexIdToRegister>
    <VertexIdToRegister>2195</VertexIdToRegister>
    <VertexIdToRegister>2196</VertexIdToRegister>
    <VertexIdToRegister>2203</VertexIdToRegister>
    <VertexIdToRegister>2204</VertexIdToRegister>
    <VertexIdToRegister>2205</VertexIdToRegister>
    <VertexIdToRegister>2206</VertexIdToRegister>
    <VertexIdToRegister>2207</VertexIdToRegister>
    <VertexIdToRegister>2208</VertexIdToRegister>
    <VertexIdToRegister>2209</VertexIdToRegister>
    <VertexIdToRegister>2210</VertexIdToRegister>
    <VertexIdToRegister>2220</VertexIdToRegister>
    <VertexIdToRegister>2221</VertexIdToRegister>
    <VertexIdToRegister>2222</VertexIdToRegister>
    <VertexIdToRegister>2223</VertexIdToRegister>
    <VertexIdToRegister>2224</VertexIdToRegister>
    <VertexIdToRegister>2225</VertexIdToRegister>
    <VertexIdToRegister>2226</VertexIdToRegister>
    <VertexIdToRegister>2227</VertexIdToRegister>
    <VertexIdToRegister>2237</VertexIdToRegister>
    <VertexIdToRegister>2238</VertexIdToRegister>
    <VertexIdToRegister>2239</VertexIdToRegister>
    <VertexIdToRegister>2240</VertexIdToRegister>
    <VertexIdToRegister>2241</VertexIdToRegister>
    <VertexIdToRegister>2242</VertexIdToRegister>
    <VertexIdToRegister>2243</VertexIdToRegister>
    <VertexIdToRegister>2244</VertexIdToRegister>
    <VertexIdToRegister>2254</VertexIdToRegister>
    <VertexIdToRegister>2255</VertexIdToRegister>
    <VertexIdToRegister>2256</VertexIdToRegister>
    <VertexIdToRegister>2257</VertexIdToRegister>
    <VertexIdToRegister>2258</VertexIdToRegister>
    <VertexIdToRegister>2259</VertexIdToRegister>
    <VertexIdToRegister>2260</VertexIdToRegister>
    <VertexIdToRegister>2261</VertexIdToRegister>
    <VertexIdToRegister>2271</VertexIdToRegister>
    <VertexIdToRegister>2272</VertexIdToRegister>
    <VertexIdToRegister>2279</VertexIdToRegister>
    <VertexIdToRegister>2280</VertexIdToRegister>
    <VertexIdToRegister>2281</VertexIdToRegister>
    <VertexIdToRegister>2282</VertexIdToRegister>
    <VertexIdToRegister>2283</VertexIdToRegister>
    <VertexIdToRegister>2284</VertexIdToRegister>
    <VertexIdToRegister>2285</VertexIdToRegister>
    <VertexIdToRegister>2286</VertexIdToRegister>
    <VertexIdToRegister>2296</VertexIdToRegister>
    <VertexIdToRegister>2297</VertexIdToRegister>
    <VertexIdToRegister>2298</VertexIdToRegister>
    <VertexIdToRegister>2299</VertexIdToRegister>
    <VertexIdToRegister>2300</VertexIdToRegister>
    <VertexIdToRegister>2301</VertexIdToRegister>
    <VertexIdToRegister>2302</VertexIdToRegister>
    <VertexIdToRegister>2303</VertexIdToRegister>
    <VertexIdToRegister>2313</VertexIdToRegister>
    <VertexIdToRegister>2314</VertexIdToRegister>
    <VertexIdToRegister>2315</VertexIdToRegister>
    <VertexIdToRegister>2316</VertexIdToRegister>
    <VertexIdToRegister>2317</VertexIdToRegister>
    <VertexIdToRegister>2327</VertexIdToRegister>
    <VertexIdToRegister>2328</VertexIdToRegister>
    <VertexIdToRegister>2329</VertexIdToRegister>
    <VertexIdToRegister>2330</VertexIdToRegister>
    <VertexIdToRegister>2331</VertexIdToRegister>
    <VertexIdToRegister>2338</VertexIdToRegister>
    <VertexIdToRegister>2342</VertexIdToRegister>
    <VertexIdToRegister>2349</VertexIdToRegister>
    <VertexIdToRegister>2350</VertexIdToRegister>
    <VertexIdToRegister>2357</VertexIdToRegister>
    <VertexIdToRegister>2358</VertexIdToRegister>
    <VertexIdToRegister>2365</VertexIdToRegister>
    <VertexIdToRegister>2366</VertexIdToRegister>
    <VertexIdToRegister>2367</VertexIdToRegister>
    <VertexIdToRegister>2368</VertexIdToRegister>
    <VertexIdToRegister>2369</VertexIdToRegister>
    <VertexIdToRegister>2379</VertexIdToRegister>
    <VertexIdToRegister>2380</VertexIdToRegister>
    <VertexIdToRegister>2381</VertexIdToRegister>
    <VertexIdToRegister>2382</VertexIdToRegister>
    <VertexIdToRegister>2383</VertexIdToRegister>
    <VertexIdToRegister>2390</VertexIdToRegister>
    <VertexIdToRegister>2394</VertexIdToRegister>
    <VertexIdToRegister>2397</VertexIdToRegister>
    <VertexIdToRegister>2406</VertexIdToRegister>
    <VertexIdToRegister>2407</VertexIdToRegister>
    <VertexIdToRegister>2408</VertexIdToRegister>
    <VertexIdToRegister>2409</VertexIdToRegister>
    <VertexIdToRegister>2410</VertexIdToRegister>
    <VertexIdToRegister>2411</VertexIdToRegister>
    <VertexIdToRegister>2412</VertexIdToRegister>
    <VertexIdToRegister>2413</VertexIdToRegister>
    <VertexIdToRegister>2423</VertexIdToRegister>
    <VertexIdToRegister>2424</VertexIdToRegister>
    <VertexIdToRegister>2425</VertexIdToRegister>
    <VertexIdToRegister>2426</VertexIdToRegister>
    <VertexIdToRegister>2427</VertexIdToRegister>
    <VertexIdToRegister>2428</VertexIdToRegister>
    <VertexIdToRegister>2429</VertexIdToRegister>
    <VertexIdToRegister>2430</VertexIdToRegister>
    <VertexIdToRegister>2440</VertexIdToRegister>
    <VertexIdToRegister>2441</VertexIdToRegister>
    <VertexIdToRegister>2442</VertexIdToRegister>
    <VertexIdToRegister>2443</VertexIdToRegister>
    <VertexIdToRegister>2444</VertexIdToRegister>
    <VertexIdToRegister>2445</VertexIdToRegister>
    <VertexIdToRegister>2446</VertexIdToRegister>
    <VertexIdToRegister>2447</VertexIdToRegister>
    <VertexIdToRegister>2457</VertexIdToRegister>
    <VertexIdToRegister>2458</VertexIdToRegister>
    <VertexIdToRegister>2459</VertexIdToRegister>
    <VertexIdToRegister>2460</VertexIdToRegister>
    <VertexIdToRegister>2461</VertexIdToRegister>
    <VertexIdToRegister>2462</VertexIdToRegister>
    <VertexIdToRegister>2463</VertexIdToRegister>
    <VertexIdToRegister>2464</VertexIdToRegister>
    <VertexIdToRegister>2470</VertexIdToRegister>
    <VertexIdToRegister>2479</VertexIdToRegister>
    <VertexIdToRegister>2480</VertexIdToRegister>
    <VertexIdToRegister>2481</VertexIdToRegister>
    <VertexIdToRegister>2482</VertexIdToRegister>
    <VertexIdToRegister>2483</VertexIdToRegister>
    <VertexIdToRegister>2484</VertexIdToRegister>
    <VertexIdToRegister>2485</VertexIdToRegister>
    <VertexIdToRegister>2486</VertexIdToRegister>
    <VertexIdToRegister>2496</VertexIdToRegister>
    <VertexIdToRegister>2497</VertexIdToRegister>
    <VertexIdToRegister>2498</VertexIdToRegister>
    <VertexIdToRegister>2499</VertexIdToRegister>
    <VertexIdToRegister>2500</VertexIdToRegister>
    <VertexIdToRegister>2501</VertexIdToRegister>
    <VertexIdToRegister>2502</VertexIdToRegister>
    <VertexIdToRegister>2503</VertexIdToRegister>
    <VertexIdToRegister>2514</VertexIdToRegister>
    <VertexIdToRegister>2515</VertexIdToRegister>
    <VertexIdToRegister>2516</VertexIdToRegister>
    <VertexIdToRegister>2517</VertexIdToRegister>
    <VertexIdToRegister>2518</VertexIdToRegister>
    <VertexIdToRegister>2528</VertexIdToRegister>
    <VertexIdToRegister>2529</VertexIdToRegister>
    <VertexIdToRegister>2530</VertexIdToRegister>
    <VertexIdToRegister>2531</VertexIdToRegister>
    <VertexIdToRegister>2532</VertexIdToRegister>
    <VertexIdToRegister>2539</VertexIdToRegister>
    <VertexIdToRegister>2543</VertexIdToRegister>
    <VertexIdToRegister>2546</VertexIdToRegister>
    <VertexIdToRegister>2551</VertexIdToRegister>
    <VertexIdToRegister>2561</VertexIdToRegister>
    <VertexIdToRegister>2562</VertexIdToRegister>
    <VertexIdToRegister>2563</VertexIdToRegister>
    <VertexIdToRegister>2564</VertexIdToRegister>
    <VertexIdToRegister>2565</VertexIdToRegister>
    <VertexIdToRegister>2575</VertexIdToRegister>
    <VertexIdToRegister>2576</VertexIdToRegister>
    <VertexIdToRegister>2577</VertexIdToRegister>
    <VertexIdToRegister>2578</VertexIdToRegister>
    <VertexIdToRegister>2579</VertexIdToRegister>
    <VertexIdToRegister>2586</VertexIdToRegister>
    <VertexIdToRegister>2590</VertexIdToRegister>
    <VertexIdToRegister>2593</VertexIdToRegister>
    <VertexIdToRegister>2602</VertexIdToRegister>
    <VertexIdToRegister>2603</VertexIdToRegister>
    <VertexIdToRegister>2604</VertexIdToRegister>
    <VertexIdToRegister>2605</VertexIdToRegister>
    <VertexIdToRegister>2606</VertexIdToRegister>
    <VertexIdToRegister>2607</VertexIdToRegister>
    <VertexIdToRegister>2608</VertexIdToRegister>
    <VertexIdToRegister>2609</VertexIdToRegister>
    <VertexIdToRegister>2619</VertexIdToRegister>
    <VertexIdToRegister>2620</VertexIdToRegister>
    <VertexIdToRegister>2621</VertexIdToRegister>
    <VertexIdToRegister>2622</VertexIdToRegister>
    <VertexIdToRegister>2623</VertexIdToRegister>
    <VertexIdToRegister>2624</VertexIdToRegister>
    <VertexIdToRegister>2625</VertexIdToRegister>
    <VertexIdToRegister>2626</VertexIdToRegister>
    <VertexIdToRegister>2638</VertexIdToRegister>
    <VertexIdToRegister>2639</VertexIdToRegister>
    <VertexIdToRegister>2640</VertexIdToRegister>
    <VertexIdToRegister>2641</VertexIdToRegister>
    <VertexIdToRegister>2642</VertexIdToRegister>
    <VertexIdToRegister>2643</VertexIdToRegister>
    <VertexIdToRegister>2644</VertexIdToRegister>
    <VertexIdToRegister>2645</VertexIdToRegister>
    <VertexIdToRegister>2655</VertexIdToRegister>
    <VertexIdToRegister>2656</VertexIdToRegister>
    <VertexIdToRegister>2657</VertexIdToRegister>
    <VertexIdToRegister>2658</VertexIdToRegister>
    <VertexIdToRegister>2659</VertexIdToRegister>
    <VertexIdToRegister>2660</VertexIdToRegister>
    <VertexIdToRegister>2661</VertexIdToRegister>
    <VertexIdToRegister>2662</VertexIdToRegister>
    <VertexIdToRegister>2668</VertexIdToRegister>
    <VertexIdToRegister>2677</VertexIdToRegister>
    <VertexIdToRegister>2678</VertexIdToRegister>
    <VertexIdToRegister>2679</VertexIdToRegister>
    <VertexIdToRegister>2680</VertexIdToRegister>
    <VertexIdToRegister>2681</VertexIdToRegister>
    <VertexIdToRegister>2682</VertexIdToRegister>
    <VertexIdToRegister>2683</VertexIdToRegister>
    <VertexIdToRegister>2684</VertexIdToRegister>
    <VertexIdToRegister>2694</VertexIdToRegister>
    <VertexIdToRegister>2695</VertexIdToRegister>
    <VertexIdToRegister>2696</VertexIdToRegister>
    <VertexIdToRegister>2697</VertexIdToRegister>
    <VertexIdToRegister>2698</VertexIdToRegister>
    <VertexIdToRegister>2699</VertexIdToRegister>
    <VertexIdToRegister>2700</VertexIdToRegister>
    <VertexIdToRegister>2701</VertexIdToRegister>
    <VertexIdToRegister>2712</VertexIdToRegister>
    <VertexIdToRegister>2713</VertexIdToRegister>
    <VertexIdToRegister>2714</VertexIdToRegister>
    <VertexIdToRegister>2715</VertexIdToRegister>
    <VertexIdToRegister>2716</VertexIdToRegister>
    <VertexIdToRegister>2726</VertexIdToRegister>
    <VertexIdToRegister>2727</VertexIdToRegister>
    <VertexIdToRegister>2728</VertexIdToRegister>
    <VertexIdToRegister>2729</VertexIdToRegister>
    <VertexIdToRegister>2730</VertexIdToRegister>
    <VertexIdToRegister>2737</VertexIdToRegister>
    <VertexIdToRegister>2741</VertexIdToRegister>
    <VertexIdToRegister>2744</VertexIdToRegister>
    <VertexIdToRegister>2749</VertexIdToRegister>
    <VertexIdToRegister>2759</VertexIdToRegister>
    <VertexIdToRegister>2760</VertexIdToRegister>
    <VertexIdToRegister>2761</VertexIdToRegister>
    <VertexIdToRegister>2762</VertexIdToRegister>
    <VertexIdToRegister>2763</VertexIdToRegister>
    <VertexIdToRegister>2773</VertexIdToRegister>
    <VertexIdToRegister>2774</VertexIdToRegister>
    <VertexIdToRegister>2775</VertexIdToRegister>
    <VertexIdToRegister>2776</VertexIdToRegister>
    <VertexIdToRegister>2777</VertexIdToRegister>
    <VertexIdToRegister>2784</VertexIdToRegister>
    <VertexIdToRegister>2788</VertexIdToRegister>
    <VertexIdToRegister>2796</VertexIdToRegister>
    <VertexIdToRegister>2797</VertexIdToRegister>
    <VertexIdToRegister>2798</VertexIdToRegister>
    <VertexIdToRegister>2799</VertexIdToRegister>
    <VertexIdToRegister>2800</VertexIdToRegister>
    <VertexIdToRegister>2801</VertexIdToRegister>
    <VertexIdToRegister>2802</VertexIdToRegister>
    <VertexIdToRegister>2803</VertexIdToRegister>
    <VertexIdToRegister>2813</VertexIdToRegister>
    <VertexIdToRegister>2814</VertexIdToRegister>
    <VertexIdToRegister>2815</VertexIdToRegister>
    <VertexIdToRegister>2816</VertexIdToRegister>
    <VertexIdToRegister>2817</VertexIdToRegister>
    <VertexIdToRegister>2818</VertexIdToRegister>
    <VertexIdToRegister>2819</VertexIdToRegister>
    <VertexIdToRegister>2820</VertexIdToRegister>
    <VertexIdToRegister>2832</VertexIdToRegister>
    <VertexIdToRegister>2833</VertexIdToRegister>
    <VertexIdToRegister>2834</VertexIdToRegister>
    <VertexIdToRegister>2835</VertexIdToRegister>
    <VertexIdToRegister>2836</VertexIdToRegister>
    <VertexIdToRegister>2837</VertexIdToRegister>
    <VertexIdToRegister>2838</VertexIdToRegister>
    <VertexIdToRegister>2839</VertexIdToRegister>
    <VertexIdToRegister>2849</VertexIdToRegister>
    <VertexIdToRegister>2850</VertexIdToRegister>
    <VertexIdToRegister>2851</VertexIdToRegister>
    <VertexIdToRegister>2852</VertexIdToRegister>
    <VertexIdToRegister>2853</VertexIdToRegister>
    <VertexIdToRegister>2854</VertexIdToRegister>
    <VertexIdToRegister>2855</VertexIdToRegister>
    <VertexIdToRegister>2856</VertexIdToRegister>
    <VertexIdToRegister>2867</VertexIdToRegister>
    <VertexIdToRegister>2868</VertexIdToRegister>
    <VertexIdToRegister>2869</VertexIdToRegister>
    <VertexIdToRegister>2870</VertexIdToRegister>
    <VertexIdToRegister>2871</VertexIdToRegister>
    <VertexIdToRegister>2872</VertexIdToRegister>
    <VertexIdToRegister>2873</VertexIdToRegister>
    <VertexIdToRegister>2874</VertexIdToRegister>
    <VertexIdToRegister>2884</VertexIdToRegister>
    <VertexIdToRegister>2885</VertexIdToRegister>
    <VertexIdToRegister>2886</VertexIdToRegister>
    <VertexIdToRegister>2887</VertexIdToRegister>
    <VertexIdToRegister>2888</VertexIdToRegister>
    <VertexIdToRegister>2889</VertexIdToRegister>
    <VertexIdToRegister>2890</VertexIdToRegister>
    <VertexIdToRegister>2891</VertexIdToRegister>
    <VertexIdToRegister>2901</VertexIdToRegister>
    <VertexIdToRegister>2902</VertexIdToRegister>
    <VertexIdToRegister>2903</VertexIdToRegister>
    <VertexIdToRegister>2904</VertexIdToRegister>
    <VertexIdToRegister>2905</VertexIdToRegister>
    <VertexIdToRegister>2915</VertexIdToRegister>
    <VertexIdToRegister>2916</VertexIdToRegister>
    <VertexIdToRegister>2917</VertexIdToRegister>
    <VertexIdToRegister>2918</VertexIdToRegister>
    <VertexIdToRegister>2919</VertexIdToRegister>
    <VertexIdToRegister>2926</VertexIdToRegister>
    <VertexIdToRegister>2933</VertexIdToRegister>
    <VertexIdToRegister>2934</VertexIdToRegister>
    <VertexIdToRegister>2935</VertexIdToRegister>
    <VertexIdToRegister>2936</VertexIdToRegister>
    <VertexIdToRegister>2937</VertexIdToRegister>
    <VertexIdToRegister>2947</VertexIdToRegister>
    <VertexIdToRegister>2948</VertexIdToRegister>
    <VertexIdToRegister>2949</VertexIdToRegister>
    <VertexIdToRegister>2950</VertexIdToRegister>
    <VertexIdToRegister>2951</VertexIdToRegister>
    <VertexIdToRegister>2958</VertexIdToRegister>
    <VertexIdToRegister>2963</VertexIdToRegister>
    <VertexIdToRegister>2964</VertexIdToRegister>
    <VertexIdToRegister>2965</VertexIdToRegister>
    <VertexIdToRegister>2966</VertexIdToRegister>
    <VertexIdToRegister>2967</VertexIdToRegister>
    <VertexIdToRegister>2968</VertexIdToRegister>
    <VertexIdToRegister>2969</VertexIdToRegister>
    <VertexIdToRegister>2970</VertexIdToRegister>
    <VertexIdToRegister>2980</VertexIdToRegister>
    <VertexIdToRegister>2981</VertexIdToRegister>
    <VertexIdToRegister>2982</VertexIdToRegister>
    <VertexIdToRegister>2983</VertexIdToRegister>
    <VertexIdToRegister>2984</VertexIdToRegister>
    <VertexIdToRegister>2985</VertexIdToRegister>
    <VertexIdToRegister>2986</VertexIdToRegister>
    <VertexIdToRegister>2987</VertexIdToRegister>
    <VertexIdToRegister>2994</VertexIdToRegister>
    <VertexIdToRegister>2996</VertexIdToRegister>
  </RegisterAssignments>
</Root>