<?xml version="1.0" encoding="utf-8" standalone="yes"?>
<Root>
  <processingTimeInMilliseconds>0.46080000000000004</processingTimeInMilliseconds>
  <RegisterAssignments>
    <VertexIdToRegister>0</VertexIdToRegister>
    <VertexIdToRegister>2</VertexIdToRegister>
    <VertexIdToRegister>4</VertexIdToRegister>
    <VertexIdToRegister>22</VertexIdToRegister>
    <VertexIdToRegister>25</VertexIdToRegister>
    <VertexIdToRegister>30</VertexIdToRegister>
    <VertexIdToRegister>50</VertexIdToRegister>
  </RegisterAssignments>
</Root>