<?xml version="1.0" encoding="utf-8" standalone="yes"?>
<Root>
  <processingTimeInMilliseconds>0.88630000000000009</processingTimeInMilliseconds>
  <RegisterAssignments>
    <VertexIdToRegister>83</VertexIdToRegister>
    <VertexIdToRegister>87</VertexIdToRegister>
    <VertexIdToRegister>91</VertexIdToRegister>
    <VertexIdToRegister>94</VertexIdToRegister>
    <VertexIdToRegister>98</VertexIdToRegister>
    <VertexIdToRegister>102</VertexIdToRegister>
    <VertexIdToRegister>108</VertexIdToRegister>
    <VertexIdToRegister>113</VertexIdToRegister>
    <VertexIdToRegister>122</VertexIdToRegister>
    <VertexIdToRegister>131</VertexIdToRegister>
    <VertexIdToRegister>137</VertexIdToRegister>
    <VertexIdToRegister>142</VertexIdToRegister>
    <VertexIdToRegister>143</VertexIdToRegister>
    <VertexIdToRegister>144</VertexIdToRegister>
    <VertexIdToRegister>173</VertexIdToRegister>
    <VertexIdToRegister>177</VertexIdToRegister>
    <VertexIdToRegister>181</VertexIdToRegister>
    <VertexIdToRegister>199</VertexIdToRegister>
    <VertexIdToRegister>221</VertexIdToRegister>
    <VertexIdToRegister>225</VertexIdToRegister>
    <VertexIdToRegister>243</VertexIdToRegister>
    <VertexIdToRegister>253</VertexIdToRegister>
    <VertexIdToRegister>263</VertexIdToRegister>
    <VertexIdToRegister>275</VertexIdToRegister>
    <VertexIdToRegister>297</VertexIdToRegister>
    <VertexIdToRegister>301</VertexIdToRegister>
    <VertexIdToRegister>319</VertexIdToRegister>
    <VertexIdToRegister>329</VertexIdToRegister>
    <VertexIdToRegister>339</VertexIdToRegister>
    <VertexIdToRegister>350</VertexIdToRegister>
    <VertexIdToRegister>351</VertexIdToRegister>
    <VertexIdToRegister>352</VertexIdToRegister>
    <VertexIdToRegister>354</VertexIdToRegister>
    <VertexIdToRegister>355</VertexIdToRegister>
    <VertexIdToRegister>357</VertexIdToRegister>
    <VertexIdToRegister>358</VertexIdToRegister>
    <VertexIdToRegister>360</VertexIdToRegister>
    <VertexIdToRegister>361</VertexIdToRegister>
    <VertexIdToRegister>363</VertexIdToRegister>
    <VertexIdToRegister>364</VertexIdToRegister>
    <VertexIdToRegister>373</VertexIdToRegister>
    <VertexIdToRegister>377</VertexIdToRegister>
    <VertexIdToRegister>395</VertexIdToRegister>
    <VertexIdToRegister>405</VertexIdToRegister>
    <VertexIdToRegister>415</VertexIdToRegister>
    <VertexIdToRegister>427</VertexIdToRegister>
    <VertexIdToRegister>449</VertexIdToRegister>
    <VertexIdToRegister>453</VertexIdToRegister>
    <VertexIdToRegister>471</VertexIdToRegister>
    <VertexIdToRegister>481</VertexIdToRegister>
    <VertexIdToRegister>491</VertexIdToRegister>
    <VertexIdToRegister>503</VertexIdToRegister>
    <VertexIdToRegister>525</VertexIdToRegister>
    <VertexIdToRegister>529</VertexIdToRegister>
    <VertexIdToRegister>540</VertexIdToRegister>
    <VertexIdToRegister>541</VertexIdToRegister>
    <VertexIdToRegister>543</VertexIdToRegister>
    <VertexIdToRegister>544</VertexIdToRegister>
    <VertexIdToRegister>547</VertexIdToRegister>
    <VertexIdToRegister>550</VertexIdToRegister>
    <VertexIdToRegister>551</VertexIdToRegister>
    <VertexIdToRegister>553</VertexIdToRegister>
    <VertexIdToRegister>554</VertexIdToRegister>
    <VertexIdToRegister>557</VertexIdToRegister>
    <VertexIdToRegister>567</VertexIdToRegister>
    <VertexIdToRegister>578</VertexIdToRegister>
    <VertexIdToRegister>579</VertexIdToRegister>
    <VertexIdToRegister>580</VertexIdToRegister>
    <VertexIdToRegister>601</VertexIdToRegister>
    <VertexIdToRegister>605</VertexIdToRegister>
    <VertexIdToRegister>623</VertexIdToRegister>
    <VertexIdToRegister>633</VertexIdToRegister>
    <VertexIdToRegister>643</VertexIdToRegister>
    <VertexIdToRegister>655</VertexIdToRegister>
    <VertexIdToRegister>677</VertexIdToRegister>
    <VertexIdToRegister>681</VertexIdToRegister>
    <VertexIdToRegister>699</VertexIdToRegister>
    <VertexIdToRegister>709</VertexIdToRegister>
    <VertexIdToRegister>719</VertexIdToRegister>
    <VertexIdToRegister>731</VertexIdToRegister>
    <VertexIdToRegister>734</VertexIdToRegister>
    <VertexIdToRegister>735</VertexIdToRegister>
    <VertexIdToRegister>737</VertexIdToRegister>
    <VertexIdToRegister>738</VertexIdToRegister>
    <VertexIdToRegister>740</VertexIdToRegister>
    <VertexIdToRegister>741</VertexIdToRegister>
    <VertexIdToRegister>743</VertexIdToRegister>
    <VertexIdToRegister>744</VertexIdToRegister>
    <VertexIdToRegister>753</VertexIdToRegister>
    <VertexIdToRegister>757</VertexIdToRegister>
    <VertexIdToRegister>775</VertexIdToRegister>
    <VertexIdToRegister>785</VertexIdToRegister>
    <VertexIdToRegister>795</VertexIdToRegister>
    <VertexIdToRegister>806</VertexIdToRegister>
    <VertexIdToRegister>807</VertexIdToRegister>
    <VertexIdToRegister>808</VertexIdToRegister>
    <VertexIdToRegister>829</VertexIdToRegister>
    <VertexIdToRegister>833</VertexIdToRegister>
    <VertexIdToRegister>856</VertexIdToRegister>
    <VertexIdToRegister>857</VertexIdToRegister>
    <VertexIdToRegister>858</VertexIdToRegister>
    <VertexIdToRegister>861</VertexIdToRegister>
    <VertexIdToRegister>876</VertexIdToRegister>
  </RegisterAssignments>
</Root>