<?xml version="1.0" encoding="utf-8" standalone="yes"?>
<Root>
  <processingTimeInMilliseconds>64.5076</processingTimeInMilliseconds>
  <RegisterAssignments>
    <VertexIdToRegister>3</VertexIdToRegister>
    <VertexIdToRegister>951</VertexIdToRegister>
    <VertexIdToRegister>952</VertexIdToRegister>
    <VertexIdToRegister>953</VertexIdToRegister>
    <VertexIdToRegister>5364</VertexIdToRegister>
    <VertexIdToRegister>5365</VertexIdToRegister>
    <VertexIdToRegister>5368</VertexIdToRegister>
    <VertexIdToRegister>5406</VertexIdToRegister>
    <VertexIdToRegister>5407</VertexIdToRegister>
    <VertexIdToRegister>5408</VertexIdToRegister>
    <VertexIdToRegister>5409</VertexIdToRegister>
    <VertexIdToRegister>5416</VertexIdToRegister>
    <VertexIdToRegister>5417</VertexIdToRegister>
    <VertexIdToRegister>5418</VertexIdToRegister>
    <VertexIdToRegister>5419</VertexIdToRegister>
    <VertexIdToRegister>5420</VertexIdToRegister>
    <VertexIdToRegister>5427</VertexIdToRegister>
    <VertexIdToRegister>5428</VertexIdToRegister>
    <VertexIdToRegister>5429</VertexIdToRegister>
    <VertexIdToRegister>5430</VertexIdToRegister>
    <VertexIdToRegister>5431</VertexIdToRegister>
    <VertexIdToRegister>5604</VertexIdToRegister>
    <VertexIdToRegister>5605</VertexIdToRegister>
    <VertexIdToRegister>5608</VertexIdToRegister>
    <VertexIdToRegister>5610</VertexIdToRegister>
    <VertexIdToRegister>5613</VertexIdToRegister>
    <VertexIdToRegister>5643</VertexIdToRegister>
    <VertexIdToRegister>5644</VertexIdToRegister>
    <VertexIdToRegister>5645</VertexIdToRegister>
    <VertexIdToRegister>5646</VertexIdToRegister>
    <VertexIdToRegister>5653</VertexIdToRegister>
    <VertexIdToRegister>5654</VertexIdToRegister>
    <VertexIdToRegister>5655</VertexIdToRegister>
    <VertexIdToRegister>5656</VertexIdToRegister>
    <VertexIdToRegister>5657</VertexIdToRegister>
    <VertexIdToRegister>6098</VertexIdToRegister>
    <VertexIdToRegister>6101</VertexIdToRegister>
    <VertexIdToRegister>6105</VertexIdToRegister>
    <VertexIdToRegister>6117</VertexIdToRegister>
    <VertexIdToRegister>6119</VertexIdToRegister>
  </RegisterAssignments>
</Root>