<?xml version="1.0" encoding="utf-8" standalone="yes"?>
<Root>
  <processingTimeInMilliseconds>0.4692</processingTimeInMilliseconds>
  <RegisterAssignments>
    <VertexIdToRegister>43</VertexIdToRegister>
    <VertexIdToRegister>45</VertexIdToRegister>
    <VertexIdToRegister>46</VertexIdToRegister>
    <VertexIdToRegister>48</VertexIdToRegister>
    <VertexIdToRegister>110</VertexIdToRegister>
    <VertexIdToRegister>112</VertexIdToRegister>
    <VertexIdToRegister>113</VertexIdToRegister>
    <VertexIdToRegister>115</VertexIdToRegister>
    <VertexIdToRegister>150</VertexIdToRegister>
    <VertexIdToRegister>152</VertexIdToRegister>
    <VertexIdToRegister>290</VertexIdToRegister>
    <VertexIdToRegister>291</VertexIdToRegister>
    <VertexIdToRegister>292</VertexIdToRegister>
    <VertexIdToRegister>293</VertexIdToRegister>
    <VertexIdToRegister>294</VertexIdToRegister>
    <VertexIdToRegister>295</VertexIdToRegister>
    <VertexIdToRegister>296</VertexIdToRegister>
    <VertexIdToRegister>297</VertexIdToRegister>
    <VertexIdToRegister>298</VertexIdToRegister>
    <VertexIdToRegister>299</VertexIdToRegister>
    <VertexIdToRegister>301</VertexIdToRegister>
    <VertexIdToRegister>302</VertexIdToRegister>
    <VertexIdToRegister>303</VertexIdToRegister>
    <VertexIdToRegister>304</VertexIdToRegister>
    <VertexIdToRegister>305</VertexIdToRegister>
    <VertexIdToRegister>306</VertexIdToRegister>
    <VertexIdToRegister>307</VertexIdToRegister>
    <VertexIdToRegister>308</VertexIdToRegister>
    <VertexIdToRegister>309</VertexIdToRegister>
    <VertexIdToRegister>310</VertexIdToRegister>
    <VertexIdToRegister>312</VertexIdToRegister>
    <VertexIdToRegister>313</VertexIdToRegister>
    <VertexIdToRegister>314</VertexIdToRegister>
    <VertexIdToRegister>315</VertexIdToRegister>
    <VertexIdToRegister>316</VertexIdToRegister>
    <VertexIdToRegister>317</VertexIdToRegister>
    <VertexIdToRegister>318</VertexIdToRegister>
    <VertexIdToRegister>319</VertexIdToRegister>
    <VertexIdToRegister>320</VertexIdToRegister>
    <VertexIdToRegister>321</VertexIdToRegister>
    <VertexIdToRegister>352</VertexIdToRegister>
    <VertexIdToRegister>354</VertexIdToRegister>
    <VertexIdToRegister>355</VertexIdToRegister>
    <VertexIdToRegister>357</VertexIdToRegister>
    <VertexIdToRegister>358</VertexIdToRegister>
    <VertexIdToRegister>360</VertexIdToRegister>
    <VertexIdToRegister>361</VertexIdToRegister>
    <VertexIdToRegister>363</VertexIdToRegister>
    <VertexIdToRegister>367</VertexIdToRegister>
    <VertexIdToRegister>369</VertexIdToRegister>
    <VertexIdToRegister>370</VertexIdToRegister>
    <VertexIdToRegister>372</VertexIdToRegister>
    <VertexIdToRegister>373</VertexIdToRegister>
    <VertexIdToRegister>375</VertexIdToRegister>
    <VertexIdToRegister>376</VertexIdToRegister>
    <VertexIdToRegister>378</VertexIdToRegister>
    <VertexIdToRegister>381</VertexIdToRegister>
    <VertexIdToRegister>383</VertexIdToRegister>
    <VertexIdToRegister>385</VertexIdToRegister>
    <VertexIdToRegister>387</VertexIdToRegister>
    <VertexIdToRegister>429</VertexIdToRegister>
    <VertexIdToRegister>430</VertexIdToRegister>
    <VertexIdToRegister>431</VertexIdToRegister>
    <VertexIdToRegister>451</VertexIdToRegister>
    <VertexIdToRegister>465</VertexIdToRegister>
    <VertexIdToRegister>467</VertexIdToRegister>
    <VertexIdToRegister>468</VertexIdToRegister>
    <VertexIdToRegister>470</VertexIdToRegister>
    <VertexIdToRegister>504</VertexIdToRegister>
    <VertexIdToRegister>505</VertexIdToRegister>
    <VertexIdToRegister>507</VertexIdToRegister>
    <VertexIdToRegister>508</VertexIdToRegister>
    <VertexIdToRegister>510</VertexIdToRegister>
    <VertexIdToRegister>512</VertexIdToRegister>
    <VertexIdToRegister>514</VertexIdToRegister>
    <VertexIdToRegister>543</VertexIdToRegister>
    <VertexIdToRegister>545</VertexIdToRegister>
    <VertexIdToRegister>547</VertexIdToRegister>
    <VertexIdToRegister>549</VertexIdToRegister>
    <VertexIdToRegister>550</VertexIdToRegister>
    <VertexIdToRegister>551</VertexIdToRegister>
    <VertexIdToRegister>677</VertexIdToRegister>
    <VertexIdToRegister>681</VertexIdToRegister>
    <VertexIdToRegister>695</VertexIdToRegister>
  </RegisterAssignments>
</Root>