<?xml version="1.0" encoding="utf-8" standalone="yes"?>
<Root>
  <processingTimeInMilliseconds>17.4125</processingTimeInMilliseconds>
  <RegisterAssignments>
    <VertexIdToRegister>3</VertexIdToRegister>
    <VertexIdToRegister>369</VertexIdToRegister>
    <VertexIdToRegister>370</VertexIdToRegister>
    <VertexIdToRegister>371</VertexIdToRegister>
    <VertexIdToRegister>372</VertexIdToRegister>
    <VertexIdToRegister>545</VertexIdToRegister>
    <VertexIdToRegister>546</VertexIdToRegister>
    <VertexIdToRegister>547</VertexIdToRegister>
    <VertexIdToRegister>550</VertexIdToRegister>
    <VertexIdToRegister>605</VertexIdToRegister>
    <VertexIdToRegister>606</VertexIdToRegister>
    <VertexIdToRegister>607</VertexIdToRegister>
    <VertexIdToRegister>608</VertexIdToRegister>
    <VertexIdToRegister>609</VertexIdToRegister>
    <VertexIdToRegister>616</VertexIdToRegister>
    <VertexIdToRegister>617</VertexIdToRegister>
    <VertexIdToRegister>618</VertexIdToRegister>
    <VertexIdToRegister>625</VertexIdToRegister>
    <VertexIdToRegister>626</VertexIdToRegister>
    <VertexIdToRegister>627</VertexIdToRegister>
    <VertexIdToRegister>628</VertexIdToRegister>
    <VertexIdToRegister>637</VertexIdToRegister>
    <VertexIdToRegister>638</VertexIdToRegister>
    <VertexIdToRegister>639</VertexIdToRegister>
    <VertexIdToRegister>645</VertexIdToRegister>
    <VertexIdToRegister>646</VertexIdToRegister>
    <VertexIdToRegister>647</VertexIdToRegister>
    <VertexIdToRegister>650</VertexIdToRegister>
    <VertexIdToRegister>652</VertexIdToRegister>
    <VertexIdToRegister>659</VertexIdToRegister>
    <VertexIdToRegister>1053</VertexIdToRegister>
    <VertexIdToRegister>1054</VertexIdToRegister>
    <VertexIdToRegister>1055</VertexIdToRegister>
    <VertexIdToRegister>1056</VertexIdToRegister>
    <VertexIdToRegister>1063</VertexIdToRegister>
    <VertexIdToRegister>1064</VertexIdToRegister>
    <VertexIdToRegister>1065</VertexIdToRegister>
    <VertexIdToRegister>1072</VertexIdToRegister>
    <VertexIdToRegister>1073</VertexIdToRegister>
    <VertexIdToRegister>1074</VertexIdToRegister>
    <VertexIdToRegister>1075</VertexIdToRegister>
    <VertexIdToRegister>1082</VertexIdToRegister>
    <VertexIdToRegister>1083</VertexIdToRegister>
    <VertexIdToRegister>1084</VertexIdToRegister>
    <VertexIdToRegister>1091</VertexIdToRegister>
    <VertexIdToRegister>1092</VertexIdToRegister>
    <VertexIdToRegister>1093</VertexIdToRegister>
    <VertexIdToRegister>1094</VertexIdToRegister>
    <VertexIdToRegister>1101</VertexIdToRegister>
    <VertexIdToRegister>1102</VertexIdToRegister>
    <VertexIdToRegister>1103</VertexIdToRegister>
    <VertexIdToRegister>1110</VertexIdToRegister>
    <VertexIdToRegister>1111</VertexIdToRegister>
    <VertexIdToRegister>1112</VertexIdToRegister>
    <VertexIdToRegister>1113</VertexIdToRegister>
    <VertexIdToRegister>1120</VertexIdToRegister>
    <VertexIdToRegister>1121</VertexIdToRegister>
    <VertexIdToRegister>1122</VertexIdToRegister>
    <VertexIdToRegister>1129</VertexIdToRegister>
    <VertexIdToRegister>1130</VertexIdToRegister>
    <VertexIdToRegister>1131</VertexIdToRegister>
    <VertexIdToRegister>1132</VertexIdToRegister>
    <VertexIdToRegister>1139</VertexIdToRegister>
    <VertexIdToRegister>1140</VertexIdToRegister>
    <VertexIdToRegister>1141</VertexIdToRegister>
    <VertexIdToRegister>1148</VertexIdToRegister>
    <VertexIdToRegister>1149</VertexIdToRegister>
    <VertexIdToRegister>1150</VertexIdToRegister>
    <VertexIdToRegister>1151</VertexIdToRegister>
    <VertexIdToRegister>1158</VertexIdToRegister>
    <VertexIdToRegister>1159</VertexIdToRegister>
    <VertexIdToRegister>1160</VertexIdToRegister>
    <VertexIdToRegister>1167</VertexIdToRegister>
    <VertexIdToRegister>1168</VertexIdToRegister>
    <VertexIdToRegister>1169</VertexIdToRegister>
    <VertexIdToRegister>1170</VertexIdToRegister>
    <VertexIdToRegister>1177</VertexIdToRegister>
    <VertexIdToRegister>1178</VertexIdToRegister>
    <VertexIdToRegister>1179</VertexIdToRegister>
    <VertexIdToRegister>1186</VertexIdToRegister>
    <VertexIdToRegister>1187</VertexIdToRegister>
    <VertexIdToRegister>1188</VertexIdToRegister>
    <VertexIdToRegister>1189</VertexIdToRegister>
    <VertexIdToRegister>1196</VertexIdToRegister>
    <VertexIdToRegister>1197</VertexIdToRegister>
    <VertexIdToRegister>1198</VertexIdToRegister>
    <VertexIdToRegister>1205</VertexIdToRegister>
    <VertexIdToRegister>1206</VertexIdToRegister>
    <VertexIdToRegister>1207</VertexIdToRegister>
    <VertexIdToRegister>1208</VertexIdToRegister>
    <VertexIdToRegister>1215</VertexIdToRegister>
    <VertexIdToRegister>1216</VertexIdToRegister>
    <VertexIdToRegister>1217</VertexIdToRegister>
    <VertexIdToRegister>1224</VertexIdToRegister>
    <VertexIdToRegister>1225</VertexIdToRegister>
    <VertexIdToRegister>1226</VertexIdToRegister>
    <VertexIdToRegister>1227</VertexIdToRegister>
    <VertexIdToRegister>1234</VertexIdToRegister>
    <VertexIdToRegister>1235</VertexIdToRegister>
    <VertexIdToRegister>1236</VertexIdToRegister>
    <VertexIdToRegister>1243</VertexIdToRegister>
    <VertexIdToRegister>1244</VertexIdToRegister>
    <VertexIdToRegister>1245</VertexIdToRegister>
    <VertexIdToRegister>1246</VertexIdToRegister>
    <VertexIdToRegister>1253</VertexIdToRegister>
    <VertexIdToRegister>1254</VertexIdToRegister>
    <VertexIdToRegister>1255</VertexIdToRegister>
    <VertexIdToRegister>1262</VertexIdToRegister>
    <VertexIdToRegister>1263</VertexIdToRegister>
    <VertexIdToRegister>1264</VertexIdToRegister>
    <VertexIdToRegister>1265</VertexIdToRegister>
    <VertexIdToRegister>1272</VertexIdToRegister>
    <VertexIdToRegister>1273</VertexIdToRegister>
    <VertexIdToRegister>1274</VertexIdToRegister>
    <VertexIdToRegister>1281</VertexIdToRegister>
    <VertexIdToRegister>1282</VertexIdToRegister>
    <VertexIdToRegister>1283</VertexIdToRegister>
    <VertexIdToRegister>1284</VertexIdToRegister>
    <VertexIdToRegister>1291</VertexIdToRegister>
    <VertexIdToRegister>1292</VertexIdToRegister>
    <VertexIdToRegister>1293</VertexIdToRegister>
    <VertexIdToRegister>1300</VertexIdToRegister>
    <VertexIdToRegister>1301</VertexIdToRegister>
    <VertexIdToRegister>1302</VertexIdToRegister>
    <VertexIdToRegister>1303</VertexIdToRegister>
    <VertexIdToRegister>1310</VertexIdToRegister>
    <VertexIdToRegister>1311</VertexIdToRegister>
    <VertexIdToRegister>1312</VertexIdToRegister>
    <VertexIdToRegister>1319</VertexIdToRegister>
    <VertexIdToRegister>1320</VertexIdToRegister>
    <VertexIdToRegister>1321</VertexIdToRegister>
    <VertexIdToRegister>1322</VertexIdToRegister>
    <VertexIdToRegister>1329</VertexIdToRegister>
    <VertexIdToRegister>1330</VertexIdToRegister>
    <VertexIdToRegister>1331</VertexIdToRegister>
    <VertexIdToRegister>1338</VertexIdToRegister>
    <VertexIdToRegister>1339</VertexIdToRegister>
    <VertexIdToRegister>1340</VertexIdToRegister>
    <VertexIdToRegister>1341</VertexIdToRegister>
    <VertexIdToRegister>1348</VertexIdToRegister>
    <VertexIdToRegister>1349</VertexIdToRegister>
    <VertexIdToRegister>1350</VertexIdToRegister>
    <VertexIdToRegister>1357</VertexIdToRegister>
    <VertexIdToRegister>1358</VertexIdToRegister>
    <VertexIdToRegister>1359</VertexIdToRegister>
    <VertexIdToRegister>1360</VertexIdToRegister>
    <VertexIdToRegister>1367</VertexIdToRegister>
    <VertexIdToRegister>1368</VertexIdToRegister>
    <VertexIdToRegister>1369</VertexIdToRegister>
    <VertexIdToRegister>1376</VertexIdToRegister>
    <VertexIdToRegister>1377</VertexIdToRegister>
    <VertexIdToRegister>1378</VertexIdToRegister>
    <VertexIdToRegister>1379</VertexIdToRegister>
    <VertexIdToRegister>1386</VertexIdToRegister>
    <VertexIdToRegister>1387</VertexIdToRegister>
    <VertexIdToRegister>1388</VertexIdToRegister>
    <VertexIdToRegister>1395</VertexIdToRegister>
    <VertexIdToRegister>1396</VertexIdToRegister>
    <VertexIdToRegister>1397</VertexIdToRegister>
    <VertexIdToRegister>1398</VertexIdToRegister>
    <VertexIdToRegister>1405</VertexIdToRegister>
    <VertexIdToRegister>1406</VertexIdToRegister>
    <VertexIdToRegister>1407</VertexIdToRegister>
    <VertexIdToRegister>1414</VertexIdToRegister>
    <VertexIdToRegister>1415</VertexIdToRegister>
    <VertexIdToRegister>1416</VertexIdToRegister>
    <VertexIdToRegister>1417</VertexIdToRegister>
    <VertexIdToRegister>1424</VertexIdToRegister>
    <VertexIdToRegister>1425</VertexIdToRegister>
    <VertexIdToRegister>1426</VertexIdToRegister>
    <VertexIdToRegister>1433</VertexIdToRegister>
    <VertexIdToRegister>1434</VertexIdToRegister>
    <VertexIdToRegister>1435</VertexIdToRegister>
    <VertexIdToRegister>1436</VertexIdToRegister>
    <VertexIdToRegister>1443</VertexIdToRegister>
    <VertexIdToRegister>1444</VertexIdToRegister>
    <VertexIdToRegister>1445</VertexIdToRegister>
    <VertexIdToRegister>1452</VertexIdToRegister>
    <VertexIdToRegister>1453</VertexIdToRegister>
    <VertexIdToRegister>1454</VertexIdToRegister>
    <VertexIdToRegister>1455</VertexIdToRegister>
    <VertexIdToRegister>1462</VertexIdToRegister>
    <VertexIdToRegister>1463</VertexIdToRegister>
    <VertexIdToRegister>1464</VertexIdToRegister>
    <VertexIdToRegister>1471</VertexIdToRegister>
    <VertexIdToRegister>1472</VertexIdToRegister>
    <VertexIdToRegister>1473</VertexIdToRegister>
    <VertexIdToRegister>1474</VertexIdToRegister>
    <VertexIdToRegister>1481</VertexIdToRegister>
    <VertexIdToRegister>1482</VertexIdToRegister>
    <VertexIdToRegister>1483</VertexIdToRegister>
    <VertexIdToRegister>1490</VertexIdToRegister>
    <VertexIdToRegister>1491</VertexIdToRegister>
    <VertexIdToRegister>1492</VertexIdToRegister>
    <VertexIdToRegister>1493</VertexIdToRegister>
    <VertexIdToRegister>1500</VertexIdToRegister>
    <VertexIdToRegister>1501</VertexIdToRegister>
    <VertexIdToRegister>1502</VertexIdToRegister>
    <VertexIdToRegister>1509</VertexIdToRegister>
    <VertexIdToRegister>1510</VertexIdToRegister>
    <VertexIdToRegister>1511</VertexIdToRegister>
    <VertexIdToRegister>1512</VertexIdToRegister>
    <VertexIdToRegister>1519</VertexIdToRegister>
    <VertexIdToRegister>1520</VertexIdToRegister>
    <VertexIdToRegister>1521</VertexIdToRegister>
    <VertexIdToRegister>1528</VertexIdToRegister>
    <VertexIdToRegister>1529</VertexIdToRegister>
    <VertexIdToRegister>1530</VertexIdToRegister>
    <VertexIdToRegister>1531</VertexIdToRegister>
    <VertexIdToRegister>1538</VertexIdToRegister>
    <VertexIdToRegister>1539</VertexIdToRegister>
    <VertexIdToRegister>1540</VertexIdToRegister>
    <VertexIdToRegister>1547</VertexIdToRegister>
    <VertexIdToRegister>1548</VertexIdToRegister>
    <VertexIdToRegister>1549</VertexIdToRegister>
    <VertexIdToRegister>1550</VertexIdToRegister>
    <VertexIdToRegister>1557</VertexIdToRegister>
    <VertexIdToRegister>1558</VertexIdToRegister>
    <VertexIdToRegister>1559</VertexIdToRegister>
    <VertexIdToRegister>1672</VertexIdToRegister>
    <VertexIdToRegister>1674</VertexIdToRegister>
    <VertexIdToRegister>1676</VertexIdToRegister>
    <VertexIdToRegister>1678</VertexIdToRegister>
    <VertexIdToRegister>1680</VertexIdToRegister>
    <VertexIdToRegister>1682</VertexIdToRegister>
    <VertexIdToRegister>1684</VertexIdToRegister>
    <VertexIdToRegister>1686</VertexIdToRegister>
    <VertexIdToRegister>1688</VertexIdToRegister>
    <VertexIdToRegister>1690</VertexIdToRegister>
    <VertexIdToRegister>1692</VertexIdToRegister>
    <VertexIdToRegister>1694</VertexIdToRegister>
    <VertexIdToRegister>1696</VertexIdToRegister>
    <VertexIdToRegister>1698</VertexIdToRegister>
    <VertexIdToRegister>1700</VertexIdToRegister>
    <VertexIdToRegister>1702</VertexIdToRegister>
    <VertexIdToRegister>1704</VertexIdToRegister>
    <VertexIdToRegister>1706</VertexIdToRegister>
    <VertexIdToRegister>1708</VertexIdToRegister>
    <VertexIdToRegister>1710</VertexIdToRegister>
    <VertexIdToRegister>1712</VertexIdToRegister>
    <VertexIdToRegister>1714</VertexIdToRegister>
    <VertexIdToRegister>1716</VertexIdToRegister>
    <VertexIdToRegister>1718</VertexIdToRegister>
    <VertexIdToRegister>1720</VertexIdToRegister>
    <VertexIdToRegister>1722</VertexIdToRegister>
    <VertexIdToRegister>1724</VertexIdToRegister>
    <VertexIdToRegister>1726</VertexIdToRegister>
    <VertexIdToRegister>1728</VertexIdToRegister>
    <VertexIdToRegister>1730</VertexIdToRegister>
    <VertexIdToRegister>1732</VertexIdToRegister>
    <VertexIdToRegister>1734</VertexIdToRegister>
    <VertexIdToRegister>1736</VertexIdToRegister>
    <VertexIdToRegister>1738</VertexIdToRegister>
    <VertexIdToRegister>1740</VertexIdToRegister>
    <VertexIdToRegister>1742</VertexIdToRegister>
    <VertexIdToRegister>1744</VertexIdToRegister>
    <VertexIdToRegister>1746</VertexIdToRegister>
    <VertexIdToRegister>1748</VertexIdToRegister>
    <VertexIdToRegister>1750</VertexIdToRegister>
    <VertexIdToRegister>1752</VertexIdToRegister>
    <VertexIdToRegister>1754</VertexIdToRegister>
    <VertexIdToRegister>1756</VertexIdToRegister>
    <VertexIdToRegister>1758</VertexIdToRegister>
    <VertexIdToRegister>1760</VertexIdToRegister>
    <VertexIdToRegister>1762</VertexIdToRegister>
    <VertexIdToRegister>1764</VertexIdToRegister>
    <VertexIdToRegister>1766</VertexIdToRegister>
    <VertexIdToRegister>1768</VertexIdToRegister>
    <VertexIdToRegister>1770</VertexIdToRegister>
    <VertexIdToRegister>1772</VertexIdToRegister>
    <VertexIdToRegister>1774</VertexIdToRegister>
    <VertexIdToRegister>1776</VertexIdToRegister>
    <VertexIdToRegister>1778</VertexIdToRegister>
    <VertexIdToRegister>1780</VertexIdToRegister>
    <VertexIdToRegister>1782</VertexIdToRegister>
    <VertexIdToRegister>1784</VertexIdToRegister>
    <VertexIdToRegister>1786</VertexIdToRegister>
    <VertexIdToRegister>1788</VertexIdToRegister>
    <VertexIdToRegister>1790</VertexIdToRegister>
    <VertexIdToRegister>1792</VertexIdToRegister>
    <VertexIdToRegister>1794</VertexIdToRegister>
    <VertexIdToRegister>1796</VertexIdToRegister>
    <VertexIdToRegister>1798</VertexIdToRegister>
    <VertexIdToRegister>1800</VertexIdToRegister>
    <VertexIdToRegister>1802</VertexIdToRegister>
    <VertexIdToRegister>1804</VertexIdToRegister>
    <VertexIdToRegister>1806</VertexIdToRegister>
    <VertexIdToRegister>1808</VertexIdToRegister>
    <VertexIdToRegister>1810</VertexIdToRegister>
    <VertexIdToRegister>1812</VertexIdToRegister>
    <VertexIdToRegister>1814</VertexIdToRegister>
    <VertexIdToRegister>1816</VertexIdToRegister>
    <VertexIdToRegister>1818</VertexIdToRegister>
    <VertexIdToRegister>1820</VertexIdToRegister>
    <VertexIdToRegister>1822</VertexIdToRegister>
    <VertexIdToRegister>1824</VertexIdToRegister>
    <VertexIdToRegister>1826</VertexIdToRegister>
    <VertexIdToRegister>1828</VertexIdToRegister>
    <VertexIdToRegister>1830</VertexIdToRegister>
    <VertexIdToRegister>1832</VertexIdToRegister>
    <VertexIdToRegister>2026</VertexIdToRegister>
    <VertexIdToRegister>2028</VertexIdToRegister>
    <VertexIdToRegister>2030</VertexIdToRegister>
    <VertexIdToRegister>2032</VertexIdToRegister>
    <VertexIdToRegister>2034</VertexIdToRegister>
    <VertexIdToRegister>2036</VertexIdToRegister>
    <VertexIdToRegister>2038</VertexIdToRegister>
    <VertexIdToRegister>2040</VertexIdToRegister>
    <VertexIdToRegister>2042</VertexIdToRegister>
    <VertexIdToRegister>2044</VertexIdToRegister>
    <VertexIdToRegister>2046</VertexIdToRegister>
    <VertexIdToRegister>2048</VertexIdToRegister>
    <VertexIdToRegister>2050</VertexIdToRegister>
    <VertexIdToRegister>2052</VertexIdToRegister>
    <VertexIdToRegister>2054</VertexIdToRegister>
    <VertexIdToRegister>2056</VertexIdToRegister>
    <VertexIdToRegister>2058</VertexIdToRegister>
    <VertexIdToRegister>2060</VertexIdToRegister>
    <VertexIdToRegister>2062</VertexIdToRegister>
    <VertexIdToRegister>2064</VertexIdToRegister>
    <VertexIdToRegister>2066</VertexIdToRegister>
    <VertexIdToRegister>2068</VertexIdToRegister>
    <VertexIdToRegister>2070</VertexIdToRegister>
    <VertexIdToRegister>2072</VertexIdToRegister>
    <VertexIdToRegister>2074</VertexIdToRegister>
    <VertexIdToRegister>2076</VertexIdToRegister>
    <VertexIdToRegister>2078</VertexIdToRegister>
    <VertexIdToRegister>2081</VertexIdToRegister>
    <VertexIdToRegister>2085</VertexIdToRegister>
    <VertexIdToRegister>2201</VertexIdToRegister>
    <VertexIdToRegister>2203</VertexIdToRegister>
    <VertexIdToRegister>2207</VertexIdToRegister>
    <VertexIdToRegister>2211</VertexIdToRegister>
    <VertexIdToRegister>2215</VertexIdToRegister>
    <VertexIdToRegister>2219</VertexIdToRegister>
    <VertexIdToRegister>2223</VertexIdToRegister>
    <VertexIdToRegister>2227</VertexIdToRegister>
    <VertexIdToRegister>2231</VertexIdToRegister>
    <VertexIdToRegister>2235</VertexIdToRegister>
    <VertexIdToRegister>2239</VertexIdToRegister>
    <VertexIdToRegister>2243</VertexIdToRegister>
    <VertexIdToRegister>2247</VertexIdToRegister>
    <VertexIdToRegister>2251</VertexIdToRegister>
    <VertexIdToRegister>2255</VertexIdToRegister>
    <VertexIdToRegister>2259</VertexIdToRegister>
    <VertexIdToRegister>2263</VertexIdToRegister>
    <VertexIdToRegister>2267</VertexIdToRegister>
    <VertexIdToRegister>2271</VertexIdToRegister>
    <VertexIdToRegister>2275</VertexIdToRegister>
    <VertexIdToRegister>2279</VertexIdToRegister>
    <VertexIdToRegister>2283</VertexIdToRegister>
    <VertexIdToRegister>2287</VertexIdToRegister>
    <VertexIdToRegister>2291</VertexIdToRegister>
    <VertexIdToRegister>2295</VertexIdToRegister>
    <VertexIdToRegister>2299</VertexIdToRegister>
    <VertexIdToRegister>2303</VertexIdToRegister>
    <VertexIdToRegister>2307</VertexIdToRegister>
  </RegisterAssignments>
</Root>