<?xml version="1.0" encoding="utf-8" standalone="yes"?>
<Root>
  <processingTimeInMilliseconds>0.2758</processingTimeInMilliseconds>
  <RegisterAssignments>
    <VertexIdToRegister>19</VertexIdToRegister>
    <VertexIdToRegister>36</VertexIdToRegister>
    <VertexIdToRegister>39</VertexIdToRegister>
    <VertexIdToRegister>58</VertexIdToRegister>
    <VertexIdToRegister>66</VertexIdToRegister>
    <VertexIdToRegister>72</VertexIdToRegister>
    <VertexIdToRegister>74</VertexIdToRegister>
    <VertexIdToRegister>77</VertexIdToRegister>
    <VertexIdToRegister>92</VertexIdToRegister>
    <VertexIdToRegister>95</VertexIdToRegister>
    <VertexIdToRegister>96</VertexIdToRegister>
    <VertexIdToRegister>99</VertexIdToRegister>
    <VertexIdToRegister>100</VertexIdToRegister>
    <VertexIdToRegister>158</VertexIdToRegister>
    <VertexIdToRegister>169</VertexIdToRegister>
    <VertexIdToRegister>171</VertexIdToRegister>
    <VertexIdToRegister>174</VertexIdToRegister>
    <VertexIdToRegister>189</VertexIdToRegister>
    <VertexIdToRegister>192</VertexIdToRegister>
    <VertexIdToRegister>193</VertexIdToRegister>
    <VertexIdToRegister>196</VertexIdToRegister>
    <VertexIdToRegister>197</VertexIdToRegister>
    <VertexIdToRegister>240</VertexIdToRegister>
    <VertexIdToRegister>248</VertexIdToRegister>
    <VertexIdToRegister>254</VertexIdToRegister>
    <VertexIdToRegister>256</VertexIdToRegister>
    <VertexIdToRegister>259</VertexIdToRegister>
    <VertexIdToRegister>274</VertexIdToRegister>
    <VertexIdToRegister>277</VertexIdToRegister>
    <VertexIdToRegister>278</VertexIdToRegister>
    <VertexIdToRegister>281</VertexIdToRegister>
    <VertexIdToRegister>282</VertexIdToRegister>
    <VertexIdToRegister>347</VertexIdToRegister>
    <VertexIdToRegister>349</VertexIdToRegister>
    <VertexIdToRegister>352</VertexIdToRegister>
    <VertexIdToRegister>367</VertexIdToRegister>
    <VertexIdToRegister>370</VertexIdToRegister>
    <VertexIdToRegister>371</VertexIdToRegister>
    <VertexIdToRegister>374</VertexIdToRegister>
    <VertexIdToRegister>375</VertexIdToRegister>
    <VertexIdToRegister>426</VertexIdToRegister>
    <VertexIdToRegister>436</VertexIdToRegister>
  </RegisterAssignments>
</Root>