<?xml version="1.0" encoding="utf-8" standalone="yes"?>
<Root>
  <processingTimeInMilliseconds>2.5426</processingTimeInMilliseconds>
  <RegisterAssignments>
    <VertexIdToRegister>6</VertexIdToRegister>
    <VertexIdToRegister>13</VertexIdToRegister>
    <VertexIdToRegister>40</VertexIdToRegister>
    <VertexIdToRegister>91</VertexIdToRegister>
    <VertexIdToRegister>116</VertexIdToRegister>
    <VertexIdToRegister>124</VertexIdToRegister>
    <VertexIdToRegister>125</VertexIdToRegister>
    <VertexIdToRegister>126</VertexIdToRegister>
    <VertexIdToRegister>140</VertexIdToRegister>
    <VertexIdToRegister>157</VertexIdToRegister>
    <VertexIdToRegister>160</VertexIdToRegister>
    <VertexIdToRegister>216</VertexIdToRegister>
    <VertexIdToRegister>230</VertexIdToRegister>
    <VertexIdToRegister>241</VertexIdToRegister>
    <VertexIdToRegister>245</VertexIdToRegister>
    <VertexIdToRegister>254</VertexIdToRegister>
    <VertexIdToRegister>256</VertexIdToRegister>
    <VertexIdToRegister>258</VertexIdToRegister>
    <VertexIdToRegister>260</VertexIdToRegister>
  </RegisterAssignments>
</Root>