<?xml version="1.0" encoding="utf-8" standalone="yes"?>
<Root>
  <processingTimeInMilliseconds>6.4772000000000007</processingTimeInMilliseconds>
  <RegisterAssignments>
    <VertexIdToRegister>5</VertexIdToRegister>
    <VertexIdToRegister>28</VertexIdToRegister>
    <VertexIdToRegister>46</VertexIdToRegister>
    <VertexIdToRegister>103</VertexIdToRegister>
    <VertexIdToRegister>104</VertexIdToRegister>
    <VertexIdToRegister>105</VertexIdToRegister>
    <VertexIdToRegister>180</VertexIdToRegister>
    <VertexIdToRegister>183</VertexIdToRegister>
    <VertexIdToRegister>186</VertexIdToRegister>
    <VertexIdToRegister>214</VertexIdToRegister>
    <VertexIdToRegister>215</VertexIdToRegister>
    <VertexIdToRegister>217</VertexIdToRegister>
    <VertexIdToRegister>218</VertexIdToRegister>
    <VertexIdToRegister>220</VertexIdToRegister>
    <VertexIdToRegister>221</VertexIdToRegister>
    <VertexIdToRegister>223</VertexIdToRegister>
    <VertexIdToRegister>224</VertexIdToRegister>
    <VertexIdToRegister>238</VertexIdToRegister>
    <VertexIdToRegister>241</VertexIdToRegister>
    <VertexIdToRegister>244</VertexIdToRegister>
    <VertexIdToRegister>294</VertexIdToRegister>
    <VertexIdToRegister>296</VertexIdToRegister>
    <VertexIdToRegister>297</VertexIdToRegister>
    <VertexIdToRegister>299</VertexIdToRegister>
    <VertexIdToRegister>300</VertexIdToRegister>
    <VertexIdToRegister>302</VertexIdToRegister>
    <VertexIdToRegister>303</VertexIdToRegister>
    <VertexIdToRegister>305</VertexIdToRegister>
    <VertexIdToRegister>306</VertexIdToRegister>
    <VertexIdToRegister>348</VertexIdToRegister>
    <VertexIdToRegister>349</VertexIdToRegister>
    <VertexIdToRegister>351</VertexIdToRegister>
    <VertexIdToRegister>352</VertexIdToRegister>
    <VertexIdToRegister>354</VertexIdToRegister>
    <VertexIdToRegister>355</VertexIdToRegister>
    <VertexIdToRegister>357</VertexIdToRegister>
    <VertexIdToRegister>358</VertexIdToRegister>
    <VertexIdToRegister>393</VertexIdToRegister>
    <VertexIdToRegister>395</VertexIdToRegister>
  </RegisterAssignments>
</Root>