<?xml version="1.0" encoding="utf-8" standalone="yes"?>
<Root>
  <processingTimeInMilliseconds>114.68520000000001</processingTimeInMilliseconds>
  <RegisterAssignments>
    <VertexIdToRegister>19</VertexIdToRegister>
    <VertexIdToRegister>22</VertexIdToRegister>
    <VertexIdToRegister>1174</VertexIdToRegister>
    <VertexIdToRegister>1182</VertexIdToRegister>
    <VertexIdToRegister>1211</VertexIdToRegister>
    <VertexIdToRegister>1954</VertexIdToRegister>
    <VertexIdToRegister>1957</VertexIdToRegister>
    <VertexIdToRegister>2025</VertexIdToRegister>
    <VertexIdToRegister>2093</VertexIdToRegister>
    <VertexIdToRegister>2094</VertexIdToRegister>
    <VertexIdToRegister>3185</VertexIdToRegister>
    <VertexIdToRegister>4275</VertexIdToRegister>
    <VertexIdToRegister>4278</VertexIdToRegister>
    <VertexIdToRegister>4281</VertexIdToRegister>
    <VertexIdToRegister>4284</VertexIdToRegister>
    <VertexIdToRegister>4287</VertexIdToRegister>
    <VertexIdToRegister>4290</VertexIdToRegister>
    <VertexIdToRegister>4293</VertexIdToRegister>
    <VertexIdToRegister>4296</VertexIdToRegister>
    <VertexIdToRegister>4299</VertexIdToRegister>
    <VertexIdToRegister>4302</VertexIdToRegister>
    <VertexIdToRegister>4305</VertexIdToRegister>
    <VertexIdToRegister>4308</VertexIdToRegister>
    <VertexIdToRegister>4311</VertexIdToRegister>
    <VertexIdToRegister>4314</VertexIdToRegister>
    <VertexIdToRegister>4317</VertexIdToRegister>
    <VertexIdToRegister>4320</VertexIdToRegister>
    <VertexIdToRegister>4323</VertexIdToRegister>
    <VertexIdToRegister>4326</VertexIdToRegister>
    <VertexIdToRegister>4329</VertexIdToRegister>
    <VertexIdToRegister>4332</VertexIdToRegister>
    <VertexIdToRegister>4335</VertexIdToRegister>
    <VertexIdToRegister>4338</VertexIdToRegister>
    <VertexIdToRegister>4341</VertexIdToRegister>
    <VertexIdToRegister>4344</VertexIdToRegister>
    <VertexIdToRegister>4347</VertexIdToRegister>
    <VertexIdToRegister>4350</VertexIdToRegister>
    <VertexIdToRegister>4353</VertexIdToRegister>
    <VertexIdToRegister>4356</VertexIdToRegister>
    <VertexIdToRegister>4359</VertexIdToRegister>
    <VertexIdToRegister>4362</VertexIdToRegister>
    <VertexIdToRegister>4365</VertexIdToRegister>
    <VertexIdToRegister>4368</VertexIdToRegister>
    <VertexIdToRegister>4371</VertexIdToRegister>
    <VertexIdToRegister>4374</VertexIdToRegister>
    <VertexIdToRegister>4377</VertexIdToRegister>
    <VertexIdToRegister>4380</VertexIdToRegister>
    <VertexIdToRegister>4383</VertexIdToRegister>
    <VertexIdToRegister>4386</VertexIdToRegister>
    <VertexIdToRegister>4389</VertexIdToRegister>
    <VertexIdToRegister>4392</VertexIdToRegister>
    <VertexIdToRegister>4395</VertexIdToRegister>
    <VertexIdToRegister>4398</VertexIdToRegister>
    <VertexIdToRegister>4401</VertexIdToRegister>
    <VertexIdToRegister>4404</VertexIdToRegister>
    <VertexIdToRegister>4407</VertexIdToRegister>
    <VertexIdToRegister>4410</VertexIdToRegister>
    <VertexIdToRegister>4413</VertexIdToRegister>
    <VertexIdToRegister>4416</VertexIdToRegister>
    <VertexIdToRegister>4419</VertexIdToRegister>
    <VertexIdToRegister>4422</VertexIdToRegister>
    <VertexIdToRegister>4425</VertexIdToRegister>
    <VertexIdToRegister>4428</VertexIdToRegister>
    <VertexIdToRegister>4431</VertexIdToRegister>
    <VertexIdToRegister>4434</VertexIdToRegister>
    <VertexIdToRegister>4437</VertexIdToRegister>
    <VertexIdToRegister>4440</VertexIdToRegister>
    <VertexIdToRegister>4443</VertexIdToRegister>
    <VertexIdToRegister>4446</VertexIdToRegister>
    <VertexIdToRegister>4449</VertexIdToRegister>
    <VertexIdToRegister>4452</VertexIdToRegister>
    <VertexIdToRegister>4455</VertexIdToRegister>
    <VertexIdToRegister>4458</VertexIdToRegister>
    <VertexIdToRegister>4461</VertexIdToRegister>
    <VertexIdToRegister>4464</VertexIdToRegister>
    <VertexIdToRegister>5430</VertexIdToRegister>
    <VertexIdToRegister>5431</VertexIdToRegister>
    <VertexIdToRegister>5433</VertexIdToRegister>
    <VertexIdToRegister>5434</VertexIdToRegister>
    <VertexIdToRegister>5442</VertexIdToRegister>
    <VertexIdToRegister>5443</VertexIdToRegister>
    <VertexIdToRegister>5445</VertexIdToRegister>
    <VertexIdToRegister>5446</VertexIdToRegister>
    <VertexIdToRegister>5454</VertexIdToRegister>
    <VertexIdToRegister>5455</VertexIdToRegister>
    <VertexIdToRegister>5457</VertexIdToRegister>
    <VertexIdToRegister>5458</VertexIdToRegister>
    <VertexIdToRegister>5466</VertexIdToRegister>
    <VertexIdToRegister>5467</VertexIdToRegister>
    <VertexIdToRegister>5469</VertexIdToRegister>
    <VertexIdToRegister>5470</VertexIdToRegister>
    <VertexIdToRegister>5478</VertexIdToRegister>
    <VertexIdToRegister>5479</VertexIdToRegister>
    <VertexIdToRegister>5481</VertexIdToRegister>
    <VertexIdToRegister>5482</VertexIdToRegister>
    <VertexIdToRegister>5490</VertexIdToRegister>
    <VertexIdToRegister>5491</VertexIdToRegister>
    <VertexIdToRegister>5493</VertexIdToRegister>
    <VertexIdToRegister>5494</VertexIdToRegister>
    <VertexIdToRegister>5502</VertexIdToRegister>
    <VertexIdToRegister>5503</VertexIdToRegister>
    <VertexIdToRegister>5505</VertexIdToRegister>
    <VertexIdToRegister>5506</VertexIdToRegister>
    <VertexIdToRegister>5514</VertexIdToRegister>
    <VertexIdToRegister>5515</VertexIdToRegister>
    <VertexIdToRegister>5517</VertexIdToRegister>
    <VertexIdToRegister>5518</VertexIdToRegister>
    <VertexIdToRegister>5526</VertexIdToRegister>
    <VertexIdToRegister>5527</VertexIdToRegister>
    <VertexIdToRegister>5529</VertexIdToRegister>
    <VertexIdToRegister>5530</VertexIdToRegister>
    <VertexIdToRegister>5538</VertexIdToRegister>
    <VertexIdToRegister>5539</VertexIdToRegister>
    <VertexIdToRegister>5541</VertexIdToRegister>
    <VertexIdToRegister>5542</VertexIdToRegister>
    <VertexIdToRegister>5550</VertexIdToRegister>
    <VertexIdToRegister>5551</VertexIdToRegister>
    <VertexIdToRegister>5553</VertexIdToRegister>
    <VertexIdToRegister>5554</VertexIdToRegister>
    <VertexIdToRegister>5562</VertexIdToRegister>
    <VertexIdToRegister>5563</VertexIdToRegister>
    <VertexIdToRegister>5565</VertexIdToRegister>
    <VertexIdToRegister>5566</VertexIdToRegister>
    <VertexIdToRegister>5574</VertexIdToRegister>
    <VertexIdToRegister>5575</VertexIdToRegister>
    <VertexIdToRegister>5577</VertexIdToRegister>
    <VertexIdToRegister>5578</VertexIdToRegister>
    <VertexIdToRegister>5586</VertexIdToRegister>
    <VertexIdToRegister>5587</VertexIdToRegister>
    <VertexIdToRegister>5589</VertexIdToRegister>
    <VertexIdToRegister>5590</VertexIdToRegister>
    <VertexIdToRegister>5598</VertexIdToRegister>
    <VertexIdToRegister>5599</VertexIdToRegister>
    <VertexIdToRegister>5601</VertexIdToRegister>
    <VertexIdToRegister>5602</VertexIdToRegister>
    <VertexIdToRegister>5610</VertexIdToRegister>
    <VertexIdToRegister>5611</VertexIdToRegister>
    <VertexIdToRegister>5613</VertexIdToRegister>
    <VertexIdToRegister>5614</VertexIdToRegister>
    <VertexIdToRegister>5622</VertexIdToRegister>
    <VertexIdToRegister>5623</VertexIdToRegister>
    <VertexIdToRegister>5625</VertexIdToRegister>
    <VertexIdToRegister>5626</VertexIdToRegister>
    <VertexIdToRegister>5634</VertexIdToRegister>
    <VertexIdToRegister>5635</VertexIdToRegister>
    <VertexIdToRegister>5637</VertexIdToRegister>
    <VertexIdToRegister>5638</VertexIdToRegister>
    <VertexIdToRegister>5646</VertexIdToRegister>
    <VertexIdToRegister>5647</VertexIdToRegister>
    <VertexIdToRegister>5649</VertexIdToRegister>
    <VertexIdToRegister>5650</VertexIdToRegister>
    <VertexIdToRegister>5658</VertexIdToRegister>
    <VertexIdToRegister>5659</VertexIdToRegister>
    <VertexIdToRegister>5661</VertexIdToRegister>
    <VertexIdToRegister>5662</VertexIdToRegister>
    <VertexIdToRegister>5670</VertexIdToRegister>
    <VertexIdToRegister>5671</VertexIdToRegister>
    <VertexIdToRegister>5673</VertexIdToRegister>
    <VertexIdToRegister>5674</VertexIdToRegister>
    <VertexIdToRegister>5682</VertexIdToRegister>
    <VertexIdToRegister>5683</VertexIdToRegister>
    <VertexIdToRegister>5685</VertexIdToRegister>
    <VertexIdToRegister>5686</VertexIdToRegister>
    <VertexIdToRegister>5694</VertexIdToRegister>
    <VertexIdToRegister>5695</VertexIdToRegister>
    <VertexIdToRegister>5697</VertexIdToRegister>
    <VertexIdToRegister>5698</VertexIdToRegister>
    <VertexIdToRegister>5706</VertexIdToRegister>
    <VertexIdToRegister>5707</VertexIdToRegister>
    <VertexIdToRegister>5709</VertexIdToRegister>
    <VertexIdToRegister>5710</VertexIdToRegister>
    <VertexIdToRegister>5718</VertexIdToRegister>
    <VertexIdToRegister>5719</VertexIdToRegister>
    <VertexIdToRegister>5721</VertexIdToRegister>
    <VertexIdToRegister>5722</VertexIdToRegister>
    <VertexIdToRegister>5730</VertexIdToRegister>
    <VertexIdToRegister>5731</VertexIdToRegister>
    <VertexIdToRegister>5733</VertexIdToRegister>
    <VertexIdToRegister>5734</VertexIdToRegister>
    <VertexIdToRegister>5742</VertexIdToRegister>
    <VertexIdToRegister>5743</VertexIdToRegister>
    <VertexIdToRegister>5745</VertexIdToRegister>
    <VertexIdToRegister>5746</VertexIdToRegister>
    <VertexIdToRegister>5754</VertexIdToRegister>
    <VertexIdToRegister>5755</VertexIdToRegister>
    <VertexIdToRegister>5757</VertexIdToRegister>
    <VertexIdToRegister>5758</VertexIdToRegister>
    <VertexIdToRegister>5766</VertexIdToRegister>
    <VertexIdToRegister>5767</VertexIdToRegister>
    <VertexIdToRegister>5769</VertexIdToRegister>
    <VertexIdToRegister>5770</VertexIdToRegister>
    <VertexIdToRegister>5778</VertexIdToRegister>
    <VertexIdToRegister>5779</VertexIdToRegister>
    <VertexIdToRegister>5781</VertexIdToRegister>
    <VertexIdToRegister>5782</VertexIdToRegister>
    <VertexIdToRegister>5790</VertexIdToRegister>
    <VertexIdToRegister>5791</VertexIdToRegister>
    <VertexIdToRegister>5793</VertexIdToRegister>
    <VertexIdToRegister>5794</VertexIdToRegister>
    <VertexIdToRegister>5802</VertexIdToRegister>
    <VertexIdToRegister>5803</VertexIdToRegister>
    <VertexIdToRegister>5805</VertexIdToRegister>
    <VertexIdToRegister>5806</VertexIdToRegister>
    <VertexIdToRegister>5813</VertexIdToRegister>
    <VertexIdToRegister>5814</VertexIdToRegister>
    <VertexIdToRegister>5815</VertexIdToRegister>
    <VertexIdToRegister>5821</VertexIdToRegister>
    <VertexIdToRegister>5822</VertexIdToRegister>
    <VertexIdToRegister>5823</VertexIdToRegister>
    <VertexIdToRegister>5833</VertexIdToRegister>
    <VertexIdToRegister>5834</VertexIdToRegister>
    <VertexIdToRegister>5835</VertexIdToRegister>
    <VertexIdToRegister>5841</VertexIdToRegister>
    <VertexIdToRegister>5842</VertexIdToRegister>
    <VertexIdToRegister>5843</VertexIdToRegister>
    <VertexIdToRegister>5853</VertexIdToRegister>
    <VertexIdToRegister>5854</VertexIdToRegister>
    <VertexIdToRegister>5855</VertexIdToRegister>
    <VertexIdToRegister>5861</VertexIdToRegister>
    <VertexIdToRegister>5862</VertexIdToRegister>
    <VertexIdToRegister>5863</VertexIdToRegister>
    <VertexIdToRegister>5873</VertexIdToRegister>
    <VertexIdToRegister>5874</VertexIdToRegister>
    <VertexIdToRegister>5875</VertexIdToRegister>
    <VertexIdToRegister>5881</VertexIdToRegister>
    <VertexIdToRegister>5882</VertexIdToRegister>
    <VertexIdToRegister>5883</VertexIdToRegister>
    <VertexIdToRegister>5893</VertexIdToRegister>
    <VertexIdToRegister>5894</VertexIdToRegister>
    <VertexIdToRegister>5895</VertexIdToRegister>
    <VertexIdToRegister>5901</VertexIdToRegister>
    <VertexIdToRegister>5902</VertexIdToRegister>
    <VertexIdToRegister>5903</VertexIdToRegister>
    <VertexIdToRegister>5913</VertexIdToRegister>
    <VertexIdToRegister>5914</VertexIdToRegister>
    <VertexIdToRegister>5915</VertexIdToRegister>
    <VertexIdToRegister>5921</VertexIdToRegister>
    <VertexIdToRegister>5922</VertexIdToRegister>
    <VertexIdToRegister>5923</VertexIdToRegister>
    <VertexIdToRegister>5933</VertexIdToRegister>
    <VertexIdToRegister>5934</VertexIdToRegister>
    <VertexIdToRegister>5935</VertexIdToRegister>
    <VertexIdToRegister>5941</VertexIdToRegister>
    <VertexIdToRegister>5942</VertexIdToRegister>
    <VertexIdToRegister>5943</VertexIdToRegister>
    <VertexIdToRegister>5953</VertexIdToRegister>
    <VertexIdToRegister>5954</VertexIdToRegister>
    <VertexIdToRegister>5955</VertexIdToRegister>
    <VertexIdToRegister>5961</VertexIdToRegister>
    <VertexIdToRegister>5962</VertexIdToRegister>
    <VertexIdToRegister>5963</VertexIdToRegister>
    <VertexIdToRegister>5973</VertexIdToRegister>
    <VertexIdToRegister>5974</VertexIdToRegister>
    <VertexIdToRegister>5975</VertexIdToRegister>
    <VertexIdToRegister>5981</VertexIdToRegister>
    <VertexIdToRegister>5982</VertexIdToRegister>
    <VertexIdToRegister>5983</VertexIdToRegister>
    <VertexIdToRegister>5993</VertexIdToRegister>
    <VertexIdToRegister>5994</VertexIdToRegister>
    <VertexIdToRegister>5995</VertexIdToRegister>
    <VertexIdToRegister>6001</VertexIdToRegister>
    <VertexIdToRegister>6002</VertexIdToRegister>
    <VertexIdToRegister>6003</VertexIdToRegister>
    <VertexIdToRegister>6013</VertexIdToRegister>
    <VertexIdToRegister>6014</VertexIdToRegister>
    <VertexIdToRegister>6015</VertexIdToRegister>
    <VertexIdToRegister>6021</VertexIdToRegister>
    <VertexIdToRegister>6022</VertexIdToRegister>
    <VertexIdToRegister>6023</VertexIdToRegister>
    <VertexIdToRegister>6033</VertexIdToRegister>
    <VertexIdToRegister>6034</VertexIdToRegister>
    <VertexIdToRegister>6035</VertexIdToRegister>
    <VertexIdToRegister>6041</VertexIdToRegister>
    <VertexIdToRegister>6042</VertexIdToRegister>
    <VertexIdToRegister>6043</VertexIdToRegister>
    <VertexIdToRegister>6053</VertexIdToRegister>
    <VertexIdToRegister>6054</VertexIdToRegister>
    <VertexIdToRegister>6055</VertexIdToRegister>
    <VertexIdToRegister>6061</VertexIdToRegister>
    <VertexIdToRegister>6062</VertexIdToRegister>
    <VertexIdToRegister>6063</VertexIdToRegister>
    <VertexIdToRegister>6073</VertexIdToRegister>
    <VertexIdToRegister>6074</VertexIdToRegister>
    <VertexIdToRegister>6075</VertexIdToRegister>
    <VertexIdToRegister>6081</VertexIdToRegister>
    <VertexIdToRegister>6082</VertexIdToRegister>
    <VertexIdToRegister>6083</VertexIdToRegister>
    <VertexIdToRegister>6093</VertexIdToRegister>
    <VertexIdToRegister>6094</VertexIdToRegister>
    <VertexIdToRegister>6095</VertexIdToRegister>
    <VertexIdToRegister>6101</VertexIdToRegister>
    <VertexIdToRegister>6102</VertexIdToRegister>
    <VertexIdToRegister>6103</VertexIdToRegister>
    <VertexIdToRegister>6113</VertexIdToRegister>
    <VertexIdToRegister>6114</VertexIdToRegister>
    <VertexIdToRegister>6115</VertexIdToRegister>
    <VertexIdToRegister>6121</VertexIdToRegister>
    <VertexIdToRegister>6122</VertexIdToRegister>
    <VertexIdToRegister>6123</VertexIdToRegister>
    <VertexIdToRegister>6133</VertexIdToRegister>
    <VertexIdToRegister>6134</VertexIdToRegister>
    <VertexIdToRegister>6135</VertexIdToRegister>
    <VertexIdToRegister>6141</VertexIdToRegister>
    <VertexIdToRegister>6142</VertexIdToRegister>
    <VertexIdToRegister>6143</VertexIdToRegister>
    <VertexIdToRegister>6153</VertexIdToRegister>
    <VertexIdToRegister>6154</VertexIdToRegister>
    <VertexIdToRegister>6155</VertexIdToRegister>
    <VertexIdToRegister>6161</VertexIdToRegister>
    <VertexIdToRegister>6162</VertexIdToRegister>
    <VertexIdToRegister>6163</VertexIdToRegister>
    <VertexIdToRegister>6173</VertexIdToRegister>
    <VertexIdToRegister>6174</VertexIdToRegister>
    <VertexIdToRegister>6175</VertexIdToRegister>
    <VertexIdToRegister>6181</VertexIdToRegister>
    <VertexIdToRegister>6182</VertexIdToRegister>
    <VertexIdToRegister>6183</VertexIdToRegister>
    <VertexIdToRegister>6193</VertexIdToRegister>
    <VertexIdToRegister>6194</VertexIdToRegister>
    <VertexIdToRegister>6195</VertexIdToRegister>
    <VertexIdToRegister>6201</VertexIdToRegister>
    <VertexIdToRegister>6202</VertexIdToRegister>
    <VertexIdToRegister>6203</VertexIdToRegister>
    <VertexIdToRegister>6213</VertexIdToRegister>
    <VertexIdToRegister>6214</VertexIdToRegister>
    <VertexIdToRegister>6215</VertexIdToRegister>
    <VertexIdToRegister>6221</VertexIdToRegister>
    <VertexIdToRegister>6222</VertexIdToRegister>
    <VertexIdToRegister>6223</VertexIdToRegister>
    <VertexIdToRegister>6233</VertexIdToRegister>
    <VertexIdToRegister>6234</VertexIdToRegister>
    <VertexIdToRegister>6235</VertexIdToRegister>
    <VertexIdToRegister>6241</VertexIdToRegister>
    <VertexIdToRegister>6242</VertexIdToRegister>
    <VertexIdToRegister>6243</VertexIdToRegister>
    <VertexIdToRegister>6253</VertexIdToRegister>
    <VertexIdToRegister>6254</VertexIdToRegister>
    <VertexIdToRegister>6255</VertexIdToRegister>
    <VertexIdToRegister>6261</VertexIdToRegister>
    <VertexIdToRegister>6262</VertexIdToRegister>
    <VertexIdToRegister>6263</VertexIdToRegister>
    <VertexIdToRegister>6273</VertexIdToRegister>
    <VertexIdToRegister>6274</VertexIdToRegister>
    <VertexIdToRegister>6275</VertexIdToRegister>
    <VertexIdToRegister>6281</VertexIdToRegister>
    <VertexIdToRegister>6282</VertexIdToRegister>
    <VertexIdToRegister>6283</VertexIdToRegister>
    <VertexIdToRegister>6293</VertexIdToRegister>
    <VertexIdToRegister>6294</VertexIdToRegister>
    <VertexIdToRegister>6295</VertexIdToRegister>
    <VertexIdToRegister>6301</VertexIdToRegister>
    <VertexIdToRegister>6302</VertexIdToRegister>
    <VertexIdToRegister>6303</VertexIdToRegister>
    <VertexIdToRegister>6313</VertexIdToRegister>
    <VertexIdToRegister>6314</VertexIdToRegister>
    <VertexIdToRegister>6315</VertexIdToRegister>
    <VertexIdToRegister>6321</VertexIdToRegister>
    <VertexIdToRegister>6322</VertexIdToRegister>
    <VertexIdToRegister>6323</VertexIdToRegister>
    <VertexIdToRegister>6333</VertexIdToRegister>
    <VertexIdToRegister>6334</VertexIdToRegister>
    <VertexIdToRegister>6335</VertexIdToRegister>
    <VertexIdToRegister>6341</VertexIdToRegister>
    <VertexIdToRegister>6342</VertexIdToRegister>
    <VertexIdToRegister>6343</VertexIdToRegister>
    <VertexIdToRegister>6353</VertexIdToRegister>
    <VertexIdToRegister>6354</VertexIdToRegister>
    <VertexIdToRegister>6355</VertexIdToRegister>
    <VertexIdToRegister>6361</VertexIdToRegister>
    <VertexIdToRegister>6362</VertexIdToRegister>
    <VertexIdToRegister>6363</VertexIdToRegister>
    <VertexIdToRegister>6373</VertexIdToRegister>
    <VertexIdToRegister>6374</VertexIdToRegister>
    <VertexIdToRegister>6375</VertexIdToRegister>
    <VertexIdToRegister>6381</VertexIdToRegister>
    <VertexIdToRegister>6382</VertexIdToRegister>
    <VertexIdToRegister>6383</VertexIdToRegister>
    <VertexIdToRegister>6393</VertexIdToRegister>
    <VertexIdToRegister>6394</VertexIdToRegister>
    <VertexIdToRegister>6395</VertexIdToRegister>
    <VertexIdToRegister>6401</VertexIdToRegister>
    <VertexIdToRegister>6402</VertexIdToRegister>
    <VertexIdToRegister>6403</VertexIdToRegister>
    <VertexIdToRegister>6413</VertexIdToRegister>
    <VertexIdToRegister>6414</VertexIdToRegister>
    <VertexIdToRegister>6415</VertexIdToRegister>
    <VertexIdToRegister>6421</VertexIdToRegister>
    <VertexIdToRegister>6422</VertexIdToRegister>
    <VertexIdToRegister>6423</VertexIdToRegister>
    <VertexIdToRegister>6433</VertexIdToRegister>
    <VertexIdToRegister>6434</VertexIdToRegister>
    <VertexIdToRegister>6435</VertexIdToRegister>
    <VertexIdToRegister>6441</VertexIdToRegister>
    <VertexIdToRegister>6442</VertexIdToRegister>
    <VertexIdToRegister>6443</VertexIdToRegister>
    <VertexIdToRegister>6462</VertexIdToRegister>
    <VertexIdToRegister>6474</VertexIdToRegister>
    <VertexIdToRegister>6475</VertexIdToRegister>
    <VertexIdToRegister>6487</VertexIdToRegister>
    <VertexIdToRegister>6488</VertexIdToRegister>
    <VertexIdToRegister>6500</VertexIdToRegister>
    <VertexIdToRegister>6501</VertexIdToRegister>
    <VertexIdToRegister>6513</VertexIdToRegister>
    <VertexIdToRegister>6514</VertexIdToRegister>
    <VertexIdToRegister>6526</VertexIdToRegister>
    <VertexIdToRegister>6527</VertexIdToRegister>
    <VertexIdToRegister>6539</VertexIdToRegister>
    <VertexIdToRegister>6540</VertexIdToRegister>
    <VertexIdToRegister>6552</VertexIdToRegister>
    <VertexIdToRegister>6553</VertexIdToRegister>
    <VertexIdToRegister>6565</VertexIdToRegister>
    <VertexIdToRegister>6566</VertexIdToRegister>
    <VertexIdToRegister>6578</VertexIdToRegister>
    <VertexIdToRegister>6579</VertexIdToRegister>
    <VertexIdToRegister>6591</VertexIdToRegister>
    <VertexIdToRegister>6592</VertexIdToRegister>
    <VertexIdToRegister>6604</VertexIdToRegister>
    <VertexIdToRegister>6605</VertexIdToRegister>
    <VertexIdToRegister>6617</VertexIdToRegister>
    <VertexIdToRegister>6618</VertexIdToRegister>
    <VertexIdToRegister>6630</VertexIdToRegister>
    <VertexIdToRegister>6631</VertexIdToRegister>
    <VertexIdToRegister>6643</VertexIdToRegister>
    <VertexIdToRegister>6644</VertexIdToRegister>
    <VertexIdToRegister>6656</VertexIdToRegister>
    <VertexIdToRegister>6657</VertexIdToRegister>
    <VertexIdToRegister>6669</VertexIdToRegister>
    <VertexIdToRegister>6670</VertexIdToRegister>
    <VertexIdToRegister>6682</VertexIdToRegister>
    <VertexIdToRegister>6683</VertexIdToRegister>
    <VertexIdToRegister>6695</VertexIdToRegister>
    <VertexIdToRegister>6696</VertexIdToRegister>
    <VertexIdToRegister>6708</VertexIdToRegister>
    <VertexIdToRegister>6709</VertexIdToRegister>
    <VertexIdToRegister>6721</VertexIdToRegister>
    <VertexIdToRegister>6722</VertexIdToRegister>
    <VertexIdToRegister>6734</VertexIdToRegister>
    <VertexIdToRegister>6735</VertexIdToRegister>
    <VertexIdToRegister>6747</VertexIdToRegister>
    <VertexIdToRegister>6748</VertexIdToRegister>
    <VertexIdToRegister>6760</VertexIdToRegister>
    <VertexIdToRegister>6761</VertexIdToRegister>
    <VertexIdToRegister>6773</VertexIdToRegister>
    <VertexIdToRegister>6774</VertexIdToRegister>
    <VertexIdToRegister>6786</VertexIdToRegister>
    <VertexIdToRegister>6787</VertexIdToRegister>
    <VertexIdToRegister>6799</VertexIdToRegister>
    <VertexIdToRegister>6800</VertexIdToRegister>
    <VertexIdToRegister>6812</VertexIdToRegister>
    <VertexIdToRegister>6813</VertexIdToRegister>
    <VertexIdToRegister>6825</VertexIdToRegister>
    <VertexIdToRegister>6826</VertexIdToRegister>
    <VertexIdToRegister>6838</VertexIdToRegister>
    <VertexIdToRegister>6839</VertexIdToRegister>
    <VertexIdToRegister>6851</VertexIdToRegister>
    <VertexIdToRegister>6852</VertexIdToRegister>
    <VertexIdToRegister>6864</VertexIdToRegister>
    <VertexIdToRegister>6865</VertexIdToRegister>
    <VertexIdToRegister>6871</VertexIdToRegister>
    <VertexIdToRegister>6872</VertexIdToRegister>
    <VertexIdToRegister>6882</VertexIdToRegister>
    <VertexIdToRegister>6883</VertexIdToRegister>
    <VertexIdToRegister>6893</VertexIdToRegister>
    <VertexIdToRegister>6894</VertexIdToRegister>
    <VertexIdToRegister>6904</VertexIdToRegister>
    <VertexIdToRegister>6905</VertexIdToRegister>
    <VertexIdToRegister>6915</VertexIdToRegister>
    <VertexIdToRegister>6916</VertexIdToRegister>
    <VertexIdToRegister>6926</VertexIdToRegister>
    <VertexIdToRegister>6927</VertexIdToRegister>
    <VertexIdToRegister>6937</VertexIdToRegister>
    <VertexIdToRegister>6938</VertexIdToRegister>
    <VertexIdToRegister>6948</VertexIdToRegister>
    <VertexIdToRegister>6949</VertexIdToRegister>
    <VertexIdToRegister>6959</VertexIdToRegister>
    <VertexIdToRegister>6960</VertexIdToRegister>
    <VertexIdToRegister>6970</VertexIdToRegister>
    <VertexIdToRegister>6971</VertexIdToRegister>
    <VertexIdToRegister>6981</VertexIdToRegister>
    <VertexIdToRegister>6982</VertexIdToRegister>
    <VertexIdToRegister>6992</VertexIdToRegister>
    <VertexIdToRegister>6993</VertexIdToRegister>
    <VertexIdToRegister>7003</VertexIdToRegister>
    <VertexIdToRegister>7004</VertexIdToRegister>
    <VertexIdToRegister>7014</VertexIdToRegister>
    <VertexIdToRegister>7015</VertexIdToRegister>
    <VertexIdToRegister>7025</VertexIdToRegister>
    <VertexIdToRegister>7026</VertexIdToRegister>
    <VertexIdToRegister>7036</VertexIdToRegister>
    <VertexIdToRegister>7037</VertexIdToRegister>
    <VertexIdToRegister>7043</VertexIdToRegister>
    <VertexIdToRegister>7044</VertexIdToRegister>
    <VertexIdToRegister>7045</VertexIdToRegister>
    <VertexIdToRegister>7046</VertexIdToRegister>
    <VertexIdToRegister>7047</VertexIdToRegister>
    <VertexIdToRegister>7048</VertexIdToRegister>
    <VertexIdToRegister>7049</VertexIdToRegister>
    <VertexIdToRegister>7050</VertexIdToRegister>
    <VertexIdToRegister>7051</VertexIdToRegister>
    <VertexIdToRegister>7052</VertexIdToRegister>
    <VertexIdToRegister>7053</VertexIdToRegister>
    <VertexIdToRegister>7054</VertexIdToRegister>
    <VertexIdToRegister>7055</VertexIdToRegister>
    <VertexIdToRegister>7056</VertexIdToRegister>
    <VertexIdToRegister>7057</VertexIdToRegister>
    <VertexIdToRegister>7058</VertexIdToRegister>
    <VertexIdToRegister>7059</VertexIdToRegister>
    <VertexIdToRegister>7060</VertexIdToRegister>
    <VertexIdToRegister>7061</VertexIdToRegister>
    <VertexIdToRegister>7062</VertexIdToRegister>
    <VertexIdToRegister>7063</VertexIdToRegister>
    <VertexIdToRegister>7064</VertexIdToRegister>
    <VertexIdToRegister>7065</VertexIdToRegister>
    <VertexIdToRegister>7066</VertexIdToRegister>
    <VertexIdToRegister>7067</VertexIdToRegister>
    <VertexIdToRegister>7068</VertexIdToRegister>
    <VertexIdToRegister>7069</VertexIdToRegister>
    <VertexIdToRegister>7070</VertexIdToRegister>
    <VertexIdToRegister>7071</VertexIdToRegister>
    <VertexIdToRegister>7072</VertexIdToRegister>
    <VertexIdToRegister>7073</VertexIdToRegister>
    <VertexIdToRegister>7074</VertexIdToRegister>
    <VertexIdToRegister>7075</VertexIdToRegister>
    <VertexIdToRegister>7076</VertexIdToRegister>
    <VertexIdToRegister>7077</VertexIdToRegister>
    <VertexIdToRegister>7078</VertexIdToRegister>
    <VertexIdToRegister>7079</VertexIdToRegister>
    <VertexIdToRegister>7080</VertexIdToRegister>
    <VertexIdToRegister>7081</VertexIdToRegister>
    <VertexIdToRegister>7082</VertexIdToRegister>
    <VertexIdToRegister>7083</VertexIdToRegister>
    <VertexIdToRegister>7084</VertexIdToRegister>
    <VertexIdToRegister>7085</VertexIdToRegister>
    <VertexIdToRegister>7086</VertexIdToRegister>
    <VertexIdToRegister>7087</VertexIdToRegister>
    <VertexIdToRegister>7088</VertexIdToRegister>
    <VertexIdToRegister>7089</VertexIdToRegister>
    <VertexIdToRegister>7090</VertexIdToRegister>
    <VertexIdToRegister>7091</VertexIdToRegister>
    <VertexIdToRegister>7092</VertexIdToRegister>
    <VertexIdToRegister>7093</VertexIdToRegister>
    <VertexIdToRegister>7094</VertexIdToRegister>
    <VertexIdToRegister>7095</VertexIdToRegister>
    <VertexIdToRegister>7096</VertexIdToRegister>
    <VertexIdToRegister>7097</VertexIdToRegister>
    <VertexIdToRegister>7098</VertexIdToRegister>
    <VertexIdToRegister>7099</VertexIdToRegister>
    <VertexIdToRegister>7100</VertexIdToRegister>
    <VertexIdToRegister>7101</VertexIdToRegister>
    <VertexIdToRegister>7102</VertexIdToRegister>
    <VertexIdToRegister>7103</VertexIdToRegister>
    <VertexIdToRegister>7104</VertexIdToRegister>
    <VertexIdToRegister>7105</VertexIdToRegister>
    <VertexIdToRegister>7106</VertexIdToRegister>
    <VertexIdToRegister>7108</VertexIdToRegister>
    <VertexIdToRegister>7109</VertexIdToRegister>
    <VertexIdToRegister>7111</VertexIdToRegister>
    <VertexIdToRegister>7112</VertexIdToRegister>
    <VertexIdToRegister>7114</VertexIdToRegister>
    <VertexIdToRegister>7115</VertexIdToRegister>
    <VertexIdToRegister>7117</VertexIdToRegister>
    <VertexIdToRegister>7118</VertexIdToRegister>
    <VertexIdToRegister>7120</VertexIdToRegister>
    <VertexIdToRegister>7121</VertexIdToRegister>
    <VertexIdToRegister>7123</VertexIdToRegister>
    <VertexIdToRegister>7124</VertexIdToRegister>
    <VertexIdToRegister>7126</VertexIdToRegister>
    <VertexIdToRegister>7127</VertexIdToRegister>
    <VertexIdToRegister>7129</VertexIdToRegister>
    <VertexIdToRegister>7130</VertexIdToRegister>
    <VertexIdToRegister>7197</VertexIdToRegister>
    <VertexIdToRegister>7202</VertexIdToRegister>
    <VertexIdToRegister>7203</VertexIdToRegister>
    <VertexIdToRegister>7205</VertexIdToRegister>
    <VertexIdToRegister>7206</VertexIdToRegister>
    <VertexIdToRegister>7208</VertexIdToRegister>
    <VertexIdToRegister>7209</VertexIdToRegister>
    <VertexIdToRegister>7211</VertexIdToRegister>
    <VertexIdToRegister>7212</VertexIdToRegister>
    <VertexIdToRegister>7214</VertexIdToRegister>
    <VertexIdToRegister>7220</VertexIdToRegister>
    <VertexIdToRegister>7221</VertexIdToRegister>
    <VertexIdToRegister>7223</VertexIdToRegister>
    <VertexIdToRegister>7224</VertexIdToRegister>
    <VertexIdToRegister>7227</VertexIdToRegister>
    <VertexIdToRegister>7228</VertexIdToRegister>
    <VertexIdToRegister>7230</VertexIdToRegister>
    <VertexIdToRegister>7231</VertexIdToRegister>
    <VertexIdToRegister>7242</VertexIdToRegister>
  </RegisterAssignments>
</Root>