<?xml version="1.0" encoding="utf-8" standalone="yes"?>
<Root>
  <processingTimeInMilliseconds>0.0</processingTimeInMilliseconds>
  <RegisterAssignments>
    <VertexIdToRegister>582</VertexIdToRegister>
    <VertexIdToRegister>562</VertexIdToRegister>
    <VertexIdToRegister>578</VertexIdToRegister>
    <VertexIdToRegister>554</VertexIdToRegister>
    <VertexIdToRegister>280</VertexIdToRegister>
    <VertexIdToRegister>574</VertexIdToRegister>
    <VertexIdToRegister>570</VertexIdToRegister>
    <VertexIdToRegister>566</VertexIdToRegister>
    <VertexIdToRegister>661</VertexIdToRegister>
    <VertexIdToRegister>313</VertexIdToRegister>
    <VertexIdToRegister>550</VertexIdToRegister>
    <VertexIdToRegister>558</VertexIdToRegister>
    <VertexIdToRegister>658</VertexIdToRegister>
    <VertexIdToRegister>753</VertexIdToRegister>
    <VertexIdToRegister>761</VertexIdToRegister>
  </RegisterAssignments>
</Root>
