<?xml version="1.0" encoding="utf-8" standalone="yes"?>
<Root>
  <processingTimeInMilliseconds>1.2895</processingTimeInMilliseconds>
  <RegisterAssignments>
    <VertexIdToRegister>73</VertexIdToRegister>
    <VertexIdToRegister>86</VertexIdToRegister>
    <VertexIdToRegister>90</VertexIdToRegister>
    <VertexIdToRegister>91</VertexIdToRegister>
    <VertexIdToRegister>93</VertexIdToRegister>
    <VertexIdToRegister>94</VertexIdToRegister>
    <VertexIdToRegister>96</VertexIdToRegister>
    <VertexIdToRegister>97</VertexIdToRegister>
    <VertexIdToRegister>99</VertexIdToRegister>
    <VertexIdToRegister>100</VertexIdToRegister>
    <VertexIdToRegister>102</VertexIdToRegister>
    <VertexIdToRegister>103</VertexIdToRegister>
    <VertexIdToRegister>105</VertexIdToRegister>
    <VertexIdToRegister>106</VertexIdToRegister>
    <VertexIdToRegister>108</VertexIdToRegister>
    <VertexIdToRegister>109</VertexIdToRegister>
    <VertexIdToRegister>111</VertexIdToRegister>
    <VertexIdToRegister>112</VertexIdToRegister>
    <VertexIdToRegister>114</VertexIdToRegister>
    <VertexIdToRegister>115</VertexIdToRegister>
    <VertexIdToRegister>117</VertexIdToRegister>
    <VertexIdToRegister>118</VertexIdToRegister>
    <VertexIdToRegister>120</VertexIdToRegister>
    <VertexIdToRegister>121</VertexIdToRegister>
    <VertexIdToRegister>123</VertexIdToRegister>
    <VertexIdToRegister>124</VertexIdToRegister>
    <VertexIdToRegister>126</VertexIdToRegister>
    <VertexIdToRegister>198</VertexIdToRegister>
    <VertexIdToRegister>200</VertexIdToRegister>
    <VertexIdToRegister>202</VertexIdToRegister>
    <VertexIdToRegister>204</VertexIdToRegister>
    <VertexIdToRegister>206</VertexIdToRegister>
    <VertexIdToRegister>208</VertexIdToRegister>
    <VertexIdToRegister>210</VertexIdToRegister>
    <VertexIdToRegister>212</VertexIdToRegister>
    <VertexIdToRegister>214</VertexIdToRegister>
    <VertexIdToRegister>216</VertexIdToRegister>
    <VertexIdToRegister>218</VertexIdToRegister>
    <VertexIdToRegister>220</VertexIdToRegister>
    <VertexIdToRegister>1038</VertexIdToRegister>
    <VertexIdToRegister>1046</VertexIdToRegister>
    <VertexIdToRegister>1280</VertexIdToRegister>
    <VertexIdToRegister>1284</VertexIdToRegister>
    <VertexIdToRegister>1405</VertexIdToRegister>
    <VertexIdToRegister>1408</VertexIdToRegister>
    <VertexIdToRegister>1529</VertexIdToRegister>
    <VertexIdToRegister>1533</VertexIdToRegister>
    <VertexIdToRegister>1541</VertexIdToRegister>
    <VertexIdToRegister>1542</VertexIdToRegister>
    <VertexIdToRegister>1543</VertexIdToRegister>
    <VertexIdToRegister>1548</VertexIdToRegister>
    <VertexIdToRegister>1549</VertexIdToRegister>
    <VertexIdToRegister>1550</VertexIdToRegister>
    <VertexIdToRegister>1555</VertexIdToRegister>
    <VertexIdToRegister>1556</VertexIdToRegister>
    <VertexIdToRegister>1557</VertexIdToRegister>
    <VertexIdToRegister>1562</VertexIdToRegister>
    <VertexIdToRegister>1563</VertexIdToRegister>
    <VertexIdToRegister>1564</VertexIdToRegister>
    <VertexIdToRegister>1569</VertexIdToRegister>
    <VertexIdToRegister>1570</VertexIdToRegister>
    <VertexIdToRegister>1571</VertexIdToRegister>
    <VertexIdToRegister>1576</VertexIdToRegister>
    <VertexIdToRegister>1577</VertexIdToRegister>
    <VertexIdToRegister>1578</VertexIdToRegister>
    <VertexIdToRegister>1583</VertexIdToRegister>
    <VertexIdToRegister>1584</VertexIdToRegister>
    <VertexIdToRegister>1585</VertexIdToRegister>
    <VertexIdToRegister>1590</VertexIdToRegister>
    <VertexIdToRegister>1591</VertexIdToRegister>
    <VertexIdToRegister>1592</VertexIdToRegister>
    <VertexIdToRegister>1600</VertexIdToRegister>
    <VertexIdToRegister>1601</VertexIdToRegister>
    <VertexIdToRegister>1603</VertexIdToRegister>
    <VertexIdToRegister>1604</VertexIdToRegister>
    <VertexIdToRegister>1606</VertexIdToRegister>
    <VertexIdToRegister>1607</VertexIdToRegister>
    <VertexIdToRegister>1609</VertexIdToRegister>
    <VertexIdToRegister>1610</VertexIdToRegister>
    <VertexIdToRegister>1612</VertexIdToRegister>
    <VertexIdToRegister>1613</VertexIdToRegister>
    <VertexIdToRegister>1615</VertexIdToRegister>
    <VertexIdToRegister>1616</VertexIdToRegister>
    <VertexIdToRegister>1618</VertexIdToRegister>
    <VertexIdToRegister>1619</VertexIdToRegister>
    <VertexIdToRegister>1621</VertexIdToRegister>
    <VertexIdToRegister>1622</VertexIdToRegister>
    <VertexIdToRegister>1624</VertexIdToRegister>
    <VertexIdToRegister>1627</VertexIdToRegister>
    <VertexIdToRegister>1666</VertexIdToRegister>
    <VertexIdToRegister>1670</VertexIdToRegister>
    <VertexIdToRegister>1674</VertexIdToRegister>
    <VertexIdToRegister>1678</VertexIdToRegister>
    <VertexIdToRegister>1682</VertexIdToRegister>
    <VertexIdToRegister>1686</VertexIdToRegister>
    <VertexIdToRegister>1690</VertexIdToRegister>
    <VertexIdToRegister>1694</VertexIdToRegister>
    <VertexIdToRegister>1729</VertexIdToRegister>
    <VertexIdToRegister>1737</VertexIdToRegister>
    <VertexIdToRegister>1741</VertexIdToRegister>
    <VertexIdToRegister>1742</VertexIdToRegister>
    <VertexIdToRegister>1744</VertexIdToRegister>
    <VertexIdToRegister>1745</VertexIdToRegister>
    <VertexIdToRegister>1747</VertexIdToRegister>
    <VertexIdToRegister>1748</VertexIdToRegister>
    <VertexIdToRegister>1784</VertexIdToRegister>
    <VertexIdToRegister>1785</VertexIdToRegister>
    <VertexIdToRegister>1833</VertexIdToRegister>
    <VertexIdToRegister>1868</VertexIdToRegister>
    <VertexIdToRegister>1872</VertexIdToRegister>
    <VertexIdToRegister>1876</VertexIdToRegister>
    <VertexIdToRegister>1880</VertexIdToRegister>
    <VertexIdToRegister>1884</VertexIdToRegister>
    <VertexIdToRegister>1888</VertexIdToRegister>
  </RegisterAssignments>
</Root>