<?xml version="1.0" encoding="utf-8" standalone="yes"?>
<Root>
  <processingTimeInMilliseconds>1.6665</processingTimeInMilliseconds>
  <RegisterAssignments>
    <VertexIdToRegister>7</VertexIdToRegister>
    <VertexIdToRegister>96</VertexIdToRegister>
    <VertexIdToRegister>126</VertexIdToRegister>
    <VertexIdToRegister>127</VertexIdToRegister>
    <VertexIdToRegister>128</VertexIdToRegister>
    <VertexIdToRegister>132</VertexIdToRegister>
    <VertexIdToRegister>133</VertexIdToRegister>
    <VertexIdToRegister>134</VertexIdToRegister>
    <VertexIdToRegister>158</VertexIdToRegister>
    <VertexIdToRegister>160</VertexIdToRegister>
    <VertexIdToRegister>161</VertexIdToRegister>
    <VertexIdToRegister>162</VertexIdToRegister>
    <VertexIdToRegister>163</VertexIdToRegister>
    <VertexIdToRegister>164</VertexIdToRegister>
    <VertexIdToRegister>180</VertexIdToRegister>
    <VertexIdToRegister>182</VertexIdToRegister>
  </RegisterAssignments>
</Root>