<?xml version="1.0" encoding="utf-8" standalone="yes"?>
<Root>
  <processingTimeInMilliseconds>9.7428</processingTimeInMilliseconds>
  <RegisterAssignments>
    <VertexIdToRegister>0</VertexIdToRegister>
    <VertexIdToRegister>214</VertexIdToRegister>
    <VertexIdToRegister>218</VertexIdToRegister>
    <VertexIdToRegister>222</VertexIdToRegister>
    <VertexIdToRegister>226</VertexIdToRegister>
    <VertexIdToRegister>230</VertexIdToRegister>
    <VertexIdToRegister>234</VertexIdToRegister>
    <VertexIdToRegister>238</VertexIdToRegister>
    <VertexIdToRegister>254</VertexIdToRegister>
    <VertexIdToRegister>266</VertexIdToRegister>
    <VertexIdToRegister>278</VertexIdToRegister>
    <VertexIdToRegister>282</VertexIdToRegister>
    <VertexIdToRegister>294</VertexIdToRegister>
    <VertexIdToRegister>298</VertexIdToRegister>
    <VertexIdToRegister>302</VertexIdToRegister>
    <VertexIdToRegister>314</VertexIdToRegister>
    <VertexIdToRegister>318</VertexIdToRegister>
    <VertexIdToRegister>322</VertexIdToRegister>
    <VertexIdToRegister>326</VertexIdToRegister>
    <VertexIdToRegister>341</VertexIdToRegister>
    <VertexIdToRegister>345</VertexIdToRegister>
    <VertexIdToRegister>349</VertexIdToRegister>
    <VertexIdToRegister>353</VertexIdToRegister>
    <VertexIdToRegister>368</VertexIdToRegister>
    <VertexIdToRegister>372</VertexIdToRegister>
    <VertexIdToRegister>376</VertexIdToRegister>
    <VertexIdToRegister>380</VertexIdToRegister>
    <VertexIdToRegister>398</VertexIdToRegister>
    <VertexIdToRegister>402</VertexIdToRegister>
    <VertexIdToRegister>406</VertexIdToRegister>
    <VertexIdToRegister>410</VertexIdToRegister>
    <VertexIdToRegister>428</VertexIdToRegister>
    <VertexIdToRegister>432</VertexIdToRegister>
    <VertexIdToRegister>436</VertexIdToRegister>
    <VertexIdToRegister>440</VertexIdToRegister>
    <VertexIdToRegister>458</VertexIdToRegister>
    <VertexIdToRegister>462</VertexIdToRegister>
    <VertexIdToRegister>466</VertexIdToRegister>
    <VertexIdToRegister>470</VertexIdToRegister>
    <VertexIdToRegister>488</VertexIdToRegister>
    <VertexIdToRegister>492</VertexIdToRegister>
    <VertexIdToRegister>496</VertexIdToRegister>
    <VertexIdToRegister>500</VertexIdToRegister>
    <VertexIdToRegister>518</VertexIdToRegister>
    <VertexIdToRegister>522</VertexIdToRegister>
    <VertexIdToRegister>526</VertexIdToRegister>
    <VertexIdToRegister>530</VertexIdToRegister>
    <VertexIdToRegister>548</VertexIdToRegister>
    <VertexIdToRegister>552</VertexIdToRegister>
    <VertexIdToRegister>556</VertexIdToRegister>
    <VertexIdToRegister>560</VertexIdToRegister>
    <VertexIdToRegister>578</VertexIdToRegister>
    <VertexIdToRegister>582</VertexIdToRegister>
    <VertexIdToRegister>586</VertexIdToRegister>
    <VertexIdToRegister>590</VertexIdToRegister>
    <VertexIdToRegister>607</VertexIdToRegister>
    <VertexIdToRegister>611</VertexIdToRegister>
    <VertexIdToRegister>615</VertexIdToRegister>
    <VertexIdToRegister>619</VertexIdToRegister>
    <VertexIdToRegister>633</VertexIdToRegister>
    <VertexIdToRegister>637</VertexIdToRegister>
    <VertexIdToRegister>641</VertexIdToRegister>
    <VertexIdToRegister>645</VertexIdToRegister>
    <VertexIdToRegister>659</VertexIdToRegister>
    <VertexIdToRegister>663</VertexIdToRegister>
    <VertexIdToRegister>667</VertexIdToRegister>
    <VertexIdToRegister>671</VertexIdToRegister>
    <VertexIdToRegister>679</VertexIdToRegister>
    <VertexIdToRegister>683</VertexIdToRegister>
    <VertexIdToRegister>687</VertexIdToRegister>
    <VertexIdToRegister>691</VertexIdToRegister>
    <VertexIdToRegister>699</VertexIdToRegister>
    <VertexIdToRegister>703</VertexIdToRegister>
    <VertexIdToRegister>707</VertexIdToRegister>
    <VertexIdToRegister>715</VertexIdToRegister>
    <VertexIdToRegister>719</VertexIdToRegister>
    <VertexIdToRegister>727</VertexIdToRegister>
    <VertexIdToRegister>732</VertexIdToRegister>
    <VertexIdToRegister>746</VertexIdToRegister>
    <VertexIdToRegister>748</VertexIdToRegister>
    <VertexIdToRegister>754</VertexIdToRegister>
    <VertexIdToRegister>756</VertexIdToRegister>
    <VertexIdToRegister>762</VertexIdToRegister>
    <VertexIdToRegister>764</VertexIdToRegister>
    <VertexIdToRegister>766</VertexIdToRegister>
    <VertexIdToRegister>772</VertexIdToRegister>
    <VertexIdToRegister>774</VertexIdToRegister>
    <VertexIdToRegister>776</VertexIdToRegister>
    <VertexIdToRegister>778</VertexIdToRegister>
    <VertexIdToRegister>784</VertexIdToRegister>
    <VertexIdToRegister>786</VertexIdToRegister>
    <VertexIdToRegister>788</VertexIdToRegister>
    <VertexIdToRegister>790</VertexIdToRegister>
    <VertexIdToRegister>792</VertexIdToRegister>
    <VertexIdToRegister>794</VertexIdToRegister>
    <VertexIdToRegister>800</VertexIdToRegister>
    <VertexIdToRegister>802</VertexIdToRegister>
    <VertexIdToRegister>804</VertexIdToRegister>
    <VertexIdToRegister>806</VertexIdToRegister>
    <VertexIdToRegister>808</VertexIdToRegister>
    <VertexIdToRegister>810</VertexIdToRegister>
    <VertexIdToRegister>816</VertexIdToRegister>
    <VertexIdToRegister>818</VertexIdToRegister>
    <VertexIdToRegister>820</VertexIdToRegister>
    <VertexIdToRegister>822</VertexIdToRegister>
    <VertexIdToRegister>824</VertexIdToRegister>
    <VertexIdToRegister>826</VertexIdToRegister>
    <VertexIdToRegister>828</VertexIdToRegister>
    <VertexIdToRegister>834</VertexIdToRegister>
    <VertexIdToRegister>836</VertexIdToRegister>
    <VertexIdToRegister>838</VertexIdToRegister>
    <VertexIdToRegister>840</VertexIdToRegister>
    <VertexIdToRegister>842</VertexIdToRegister>
    <VertexIdToRegister>844</VertexIdToRegister>
    <VertexIdToRegister>846</VertexIdToRegister>
    <VertexIdToRegister>852</VertexIdToRegister>
    <VertexIdToRegister>854</VertexIdToRegister>
    <VertexIdToRegister>856</VertexIdToRegister>
    <VertexIdToRegister>858</VertexIdToRegister>
    <VertexIdToRegister>860</VertexIdToRegister>
    <VertexIdToRegister>862</VertexIdToRegister>
    <VertexIdToRegister>864</VertexIdToRegister>
    <VertexIdToRegister>870</VertexIdToRegister>
    <VertexIdToRegister>872</VertexIdToRegister>
    <VertexIdToRegister>874</VertexIdToRegister>
    <VertexIdToRegister>876</VertexIdToRegister>
    <VertexIdToRegister>878</VertexIdToRegister>
    <VertexIdToRegister>880</VertexIdToRegister>
    <VertexIdToRegister>882</VertexIdToRegister>
    <VertexIdToRegister>888</VertexIdToRegister>
    <VertexIdToRegister>890</VertexIdToRegister>
    <VertexIdToRegister>892</VertexIdToRegister>
    <VertexIdToRegister>894</VertexIdToRegister>
    <VertexIdToRegister>896</VertexIdToRegister>
    <VertexIdToRegister>898</VertexIdToRegister>
    <VertexIdToRegister>900</VertexIdToRegister>
    <VertexIdToRegister>906</VertexIdToRegister>
    <VertexIdToRegister>908</VertexIdToRegister>
    <VertexIdToRegister>910</VertexIdToRegister>
    <VertexIdToRegister>912</VertexIdToRegister>
    <VertexIdToRegister>914</VertexIdToRegister>
    <VertexIdToRegister>916</VertexIdToRegister>
    <VertexIdToRegister>918</VertexIdToRegister>
    <VertexIdToRegister>924</VertexIdToRegister>
    <VertexIdToRegister>926</VertexIdToRegister>
    <VertexIdToRegister>928</VertexIdToRegister>
    <VertexIdToRegister>930</VertexIdToRegister>
    <VertexIdToRegister>932</VertexIdToRegister>
    <VertexIdToRegister>934</VertexIdToRegister>
    <VertexIdToRegister>936</VertexIdToRegister>
    <VertexIdToRegister>942</VertexIdToRegister>
    <VertexIdToRegister>944</VertexIdToRegister>
    <VertexIdToRegister>946</VertexIdToRegister>
    <VertexIdToRegister>948</VertexIdToRegister>
    <VertexIdToRegister>950</VertexIdToRegister>
    <VertexIdToRegister>952</VertexIdToRegister>
    <VertexIdToRegister>954</VertexIdToRegister>
    <VertexIdToRegister>958</VertexIdToRegister>
    <VertexIdToRegister>960</VertexIdToRegister>
    <VertexIdToRegister>962</VertexIdToRegister>
    <VertexIdToRegister>964</VertexIdToRegister>
    <VertexIdToRegister>966</VertexIdToRegister>
    <VertexIdToRegister>972</VertexIdToRegister>
    <VertexIdToRegister>974</VertexIdToRegister>
    <VertexIdToRegister>976</VertexIdToRegister>
    <VertexIdToRegister>978</VertexIdToRegister>
    <VertexIdToRegister>980</VertexIdToRegister>
    <VertexIdToRegister>986</VertexIdToRegister>
    <VertexIdToRegister>988</VertexIdToRegister>
    <VertexIdToRegister>990</VertexIdToRegister>
    <VertexIdToRegister>992</VertexIdToRegister>
    <VertexIdToRegister>996</VertexIdToRegister>
    <VertexIdToRegister>998</VertexIdToRegister>
    <VertexIdToRegister>1000</VertexIdToRegister>
    <VertexIdToRegister>1002</VertexIdToRegister>
    <VertexIdToRegister>1006</VertexIdToRegister>
    <VertexIdToRegister>1008</VertexIdToRegister>
    <VertexIdToRegister>1010</VertexIdToRegister>
    <VertexIdToRegister>1014</VertexIdToRegister>
    <VertexIdToRegister>1016</VertexIdToRegister>
    <VertexIdToRegister>1020</VertexIdToRegister>
    <VertexIdToRegister>1022</VertexIdToRegister>
    <VertexIdToRegister>1361</VertexIdToRegister>
    <VertexIdToRegister>1364</VertexIdToRegister>
    <VertexIdToRegister>1367</VertexIdToRegister>
    <VertexIdToRegister>1370</VertexIdToRegister>
    <VertexIdToRegister>1373</VertexIdToRegister>
    <VertexIdToRegister>1376</VertexIdToRegister>
    <VertexIdToRegister>1379</VertexIdToRegister>
    <VertexIdToRegister>1382</VertexIdToRegister>
    <VertexIdToRegister>1385</VertexIdToRegister>
    <VertexIdToRegister>1388</VertexIdToRegister>
    <VertexIdToRegister>1391</VertexIdToRegister>
    <VertexIdToRegister>1394</VertexIdToRegister>
    <VertexIdToRegister>1397</VertexIdToRegister>
    <VertexIdToRegister>1400</VertexIdToRegister>
    <VertexIdToRegister>1403</VertexIdToRegister>
    <VertexIdToRegister>1406</VertexIdToRegister>
    <VertexIdToRegister>1426</VertexIdToRegister>
  </RegisterAssignments>
</Root>