<?xml version="1.0" encoding="utf-8" standalone="yes"?>
<Root>
  <processingTimeInMilliseconds>0.0342</processingTimeInMilliseconds>
  <RegisterAssignments>
    <VertexIdToRegister>11</VertexIdToRegister>
    <VertexIdToRegister>14</VertexIdToRegister>
    <VertexIdToRegister>18</VertexIdToRegister>
    <VertexIdToRegister>21</VertexIdToRegister>
    <VertexIdToRegister>22</VertexIdToRegister>
    <VertexIdToRegister>24</VertexIdToRegister>
    <VertexIdToRegister>36</VertexIdToRegister>
    <VertexIdToRegister>39</VertexIdToRegister>
  </RegisterAssignments>
</Root>