<?xml version="1.0" encoding="utf-8" standalone="yes"?>
<Root>
  <processingTimeInMilliseconds>0.0</processingTimeInMilliseconds>
  <RegisterAssignments>
    <VertexIdToRegister>178</VertexIdToRegister>
    <VertexIdToRegister>147</VertexIdToRegister>
    <VertexIdToRegister>146</VertexIdToRegister>
    <VertexIdToRegister>449</VertexIdToRegister>
    <VertexIdToRegister>206</VertexIdToRegister>
    <VertexIdToRegister>193</VertexIdToRegister>
    <VertexIdToRegister>200</VertexIdToRegister>
    <VertexIdToRegister>54</VertexIdToRegister>
    <VertexIdToRegister>213</VertexIdToRegister>
    <VertexIdToRegister>31</VertexIdToRegister>
  </RegisterAssignments>
</Root>
