<?xml version="1.0" encoding="utf-8" standalone="yes"?>
<Root>
  <processingTimeInMilliseconds>6.6446000000000005</processingTimeInMilliseconds>
  <RegisterAssignments>
    <VertexIdToRegister>361</VertexIdToRegister>
    <VertexIdToRegister>363</VertexIdToRegister>
    <VertexIdToRegister>368</VertexIdToRegister>
    <VertexIdToRegister>370</VertexIdToRegister>
    <VertexIdToRegister>375</VertexIdToRegister>
    <VertexIdToRegister>377</VertexIdToRegister>
    <VertexIdToRegister>382</VertexIdToRegister>
    <VertexIdToRegister>384</VertexIdToRegister>
    <VertexIdToRegister>536</VertexIdToRegister>
    <VertexIdToRegister>735</VertexIdToRegister>
    <VertexIdToRegister>742</VertexIdToRegister>
    <VertexIdToRegister>752</VertexIdToRegister>
    <VertexIdToRegister>762</VertexIdToRegister>
    <VertexIdToRegister>768</VertexIdToRegister>
    <VertexIdToRegister>2937</VertexIdToRegister>
    <VertexIdToRegister>2938</VertexIdToRegister>
    <VertexIdToRegister>2939</VertexIdToRegister>
    <VertexIdToRegister>2944</VertexIdToRegister>
    <VertexIdToRegister>2945</VertexIdToRegister>
    <VertexIdToRegister>2946</VertexIdToRegister>
    <VertexIdToRegister>2951</VertexIdToRegister>
    <VertexIdToRegister>2952</VertexIdToRegister>
    <VertexIdToRegister>2953</VertexIdToRegister>
    <VertexIdToRegister>2958</VertexIdToRegister>
    <VertexIdToRegister>2959</VertexIdToRegister>
    <VertexIdToRegister>2960</VertexIdToRegister>
    <VertexIdToRegister>2965</VertexIdToRegister>
    <VertexIdToRegister>2966</VertexIdToRegister>
    <VertexIdToRegister>2967</VertexIdToRegister>
    <VertexIdToRegister>2972</VertexIdToRegister>
    <VertexIdToRegister>2973</VertexIdToRegister>
    <VertexIdToRegister>2974</VertexIdToRegister>
    <VertexIdToRegister>2979</VertexIdToRegister>
    <VertexIdToRegister>2980</VertexIdToRegister>
    <VertexIdToRegister>2981</VertexIdToRegister>
    <VertexIdToRegister>2986</VertexIdToRegister>
    <VertexIdToRegister>2987</VertexIdToRegister>
    <VertexIdToRegister>2988</VertexIdToRegister>
    <VertexIdToRegister>2993</VertexIdToRegister>
    <VertexIdToRegister>2994</VertexIdToRegister>
    <VertexIdToRegister>2995</VertexIdToRegister>
    <VertexIdToRegister>3000</VertexIdToRegister>
    <VertexIdToRegister>3001</VertexIdToRegister>
    <VertexIdToRegister>3002</VertexIdToRegister>
    <VertexIdToRegister>3007</VertexIdToRegister>
    <VertexIdToRegister>3008</VertexIdToRegister>
    <VertexIdToRegister>3009</VertexIdToRegister>
    <VertexIdToRegister>3014</VertexIdToRegister>
    <VertexIdToRegister>3015</VertexIdToRegister>
    <VertexIdToRegister>3016</VertexIdToRegister>
    <VertexIdToRegister>3021</VertexIdToRegister>
    <VertexIdToRegister>3022</VertexIdToRegister>
    <VertexIdToRegister>3023</VertexIdToRegister>
    <VertexIdToRegister>3028</VertexIdToRegister>
    <VertexIdToRegister>3029</VertexIdToRegister>
    <VertexIdToRegister>3030</VertexIdToRegister>
    <VertexIdToRegister>3035</VertexIdToRegister>
    <VertexIdToRegister>3036</VertexIdToRegister>
    <VertexIdToRegister>3037</VertexIdToRegister>
    <VertexIdToRegister>3042</VertexIdToRegister>
    <VertexIdToRegister>3043</VertexIdToRegister>
    <VertexIdToRegister>3044</VertexIdToRegister>
    <VertexIdToRegister>3049</VertexIdToRegister>
    <VertexIdToRegister>3050</VertexIdToRegister>
    <VertexIdToRegister>3051</VertexIdToRegister>
    <VertexIdToRegister>3056</VertexIdToRegister>
    <VertexIdToRegister>3057</VertexIdToRegister>
    <VertexIdToRegister>3058</VertexIdToRegister>
    <VertexIdToRegister>3063</VertexIdToRegister>
    <VertexIdToRegister>3064</VertexIdToRegister>
    <VertexIdToRegister>3065</VertexIdToRegister>
    <VertexIdToRegister>3070</VertexIdToRegister>
    <VertexIdToRegister>3071</VertexIdToRegister>
    <VertexIdToRegister>3072</VertexIdToRegister>
    <VertexIdToRegister>3077</VertexIdToRegister>
    <VertexIdToRegister>3078</VertexIdToRegister>
    <VertexIdToRegister>3079</VertexIdToRegister>
    <VertexIdToRegister>3084</VertexIdToRegister>
    <VertexIdToRegister>3085</VertexIdToRegister>
    <VertexIdToRegister>3086</VertexIdToRegister>
    <VertexIdToRegister>3091</VertexIdToRegister>
    <VertexIdToRegister>3092</VertexIdToRegister>
    <VertexIdToRegister>3093</VertexIdToRegister>
    <VertexIdToRegister>3098</VertexIdToRegister>
    <VertexIdToRegister>3099</VertexIdToRegister>
    <VertexIdToRegister>3100</VertexIdToRegister>
    <VertexIdToRegister>3105</VertexIdToRegister>
    <VertexIdToRegister>3106</VertexIdToRegister>
    <VertexIdToRegister>3107</VertexIdToRegister>
    <VertexIdToRegister>3112</VertexIdToRegister>
    <VertexIdToRegister>3113</VertexIdToRegister>
    <VertexIdToRegister>3114</VertexIdToRegister>
    <VertexIdToRegister>3119</VertexIdToRegister>
    <VertexIdToRegister>3120</VertexIdToRegister>
    <VertexIdToRegister>3121</VertexIdToRegister>
    <VertexIdToRegister>3126</VertexIdToRegister>
    <VertexIdToRegister>3127</VertexIdToRegister>
    <VertexIdToRegister>3128</VertexIdToRegister>
    <VertexIdToRegister>3133</VertexIdToRegister>
    <VertexIdToRegister>3134</VertexIdToRegister>
    <VertexIdToRegister>3135</VertexIdToRegister>
    <VertexIdToRegister>3140</VertexIdToRegister>
    <VertexIdToRegister>3141</VertexIdToRegister>
    <VertexIdToRegister>3142</VertexIdToRegister>
    <VertexIdToRegister>3147</VertexIdToRegister>
    <VertexIdToRegister>3148</VertexIdToRegister>
    <VertexIdToRegister>3149</VertexIdToRegister>
    <VertexIdToRegister>3154</VertexIdToRegister>
    <VertexIdToRegister>3155</VertexIdToRegister>
    <VertexIdToRegister>3156</VertexIdToRegister>
    <VertexIdToRegister>3161</VertexIdToRegister>
    <VertexIdToRegister>3162</VertexIdToRegister>
    <VertexIdToRegister>3163</VertexIdToRegister>
    <VertexIdToRegister>3168</VertexIdToRegister>
    <VertexIdToRegister>3169</VertexIdToRegister>
    <VertexIdToRegister>3170</VertexIdToRegister>
    <VertexIdToRegister>3175</VertexIdToRegister>
    <VertexIdToRegister>3176</VertexIdToRegister>
    <VertexIdToRegister>3177</VertexIdToRegister>
    <VertexIdToRegister>3182</VertexIdToRegister>
    <VertexIdToRegister>3183</VertexIdToRegister>
    <VertexIdToRegister>3184</VertexIdToRegister>
    <VertexIdToRegister>3189</VertexIdToRegister>
    <VertexIdToRegister>3190</VertexIdToRegister>
    <VertexIdToRegister>3191</VertexIdToRegister>
    <VertexIdToRegister>3196</VertexIdToRegister>
    <VertexIdToRegister>3197</VertexIdToRegister>
    <VertexIdToRegister>3198</VertexIdToRegister>
    <VertexIdToRegister>3203</VertexIdToRegister>
    <VertexIdToRegister>3204</VertexIdToRegister>
    <VertexIdToRegister>3205</VertexIdToRegister>
    <VertexIdToRegister>3210</VertexIdToRegister>
    <VertexIdToRegister>3211</VertexIdToRegister>
    <VertexIdToRegister>3212</VertexIdToRegister>
    <VertexIdToRegister>3217</VertexIdToRegister>
    <VertexIdToRegister>3218</VertexIdToRegister>
    <VertexIdToRegister>3219</VertexIdToRegister>
    <VertexIdToRegister>3224</VertexIdToRegister>
    <VertexIdToRegister>3225</VertexIdToRegister>
    <VertexIdToRegister>3226</VertexIdToRegister>
    <VertexIdToRegister>3231</VertexIdToRegister>
    <VertexIdToRegister>3232</VertexIdToRegister>
    <VertexIdToRegister>3233</VertexIdToRegister>
    <VertexIdToRegister>3238</VertexIdToRegister>
    <VertexIdToRegister>3239</VertexIdToRegister>
    <VertexIdToRegister>3240</VertexIdToRegister>
    <VertexIdToRegister>3245</VertexIdToRegister>
    <VertexIdToRegister>3246</VertexIdToRegister>
    <VertexIdToRegister>3247</VertexIdToRegister>
    <VertexIdToRegister>3252</VertexIdToRegister>
    <VertexIdToRegister>3253</VertexIdToRegister>
    <VertexIdToRegister>3254</VertexIdToRegister>
    <VertexIdToRegister>3259</VertexIdToRegister>
    <VertexIdToRegister>3260</VertexIdToRegister>
    <VertexIdToRegister>3261</VertexIdToRegister>
    <VertexIdToRegister>3266</VertexIdToRegister>
    <VertexIdToRegister>3267</VertexIdToRegister>
    <VertexIdToRegister>3268</VertexIdToRegister>
    <VertexIdToRegister>3273</VertexIdToRegister>
    <VertexIdToRegister>3274</VertexIdToRegister>
    <VertexIdToRegister>3275</VertexIdToRegister>
    <VertexIdToRegister>3280</VertexIdToRegister>
    <VertexIdToRegister>3281</VertexIdToRegister>
    <VertexIdToRegister>3282</VertexIdToRegister>
    <VertexIdToRegister>3287</VertexIdToRegister>
    <VertexIdToRegister>3288</VertexIdToRegister>
    <VertexIdToRegister>3289</VertexIdToRegister>
    <VertexIdToRegister>3294</VertexIdToRegister>
    <VertexIdToRegister>3295</VertexIdToRegister>
    <VertexIdToRegister>3296</VertexIdToRegister>
    <VertexIdToRegister>3301</VertexIdToRegister>
    <VertexIdToRegister>3302</VertexIdToRegister>
    <VertexIdToRegister>3303</VertexIdToRegister>
    <VertexIdToRegister>3308</VertexIdToRegister>
    <VertexIdToRegister>3309</VertexIdToRegister>
    <VertexIdToRegister>3310</VertexIdToRegister>
    <VertexIdToRegister>3315</VertexIdToRegister>
    <VertexIdToRegister>3316</VertexIdToRegister>
    <VertexIdToRegister>3317</VertexIdToRegister>
    <VertexIdToRegister>3322</VertexIdToRegister>
    <VertexIdToRegister>3323</VertexIdToRegister>
    <VertexIdToRegister>3324</VertexIdToRegister>
    <VertexIdToRegister>3329</VertexIdToRegister>
    <VertexIdToRegister>3330</VertexIdToRegister>
    <VertexIdToRegister>3331</VertexIdToRegister>
    <VertexIdToRegister>3336</VertexIdToRegister>
    <VertexIdToRegister>3337</VertexIdToRegister>
    <VertexIdToRegister>3338</VertexIdToRegister>
    <VertexIdToRegister>3343</VertexIdToRegister>
    <VertexIdToRegister>3344</VertexIdToRegister>
    <VertexIdToRegister>3345</VertexIdToRegister>
    <VertexIdToRegister>3350</VertexIdToRegister>
    <VertexIdToRegister>3351</VertexIdToRegister>
    <VertexIdToRegister>3352</VertexIdToRegister>
    <VertexIdToRegister>3357</VertexIdToRegister>
    <VertexIdToRegister>3358</VertexIdToRegister>
    <VertexIdToRegister>3359</VertexIdToRegister>
    <VertexIdToRegister>3364</VertexIdToRegister>
    <VertexIdToRegister>3365</VertexIdToRegister>
    <VertexIdToRegister>3366</VertexIdToRegister>
    <VertexIdToRegister>3371</VertexIdToRegister>
    <VertexIdToRegister>3372</VertexIdToRegister>
    <VertexIdToRegister>3373</VertexIdToRegister>
    <VertexIdToRegister>3378</VertexIdToRegister>
    <VertexIdToRegister>3379</VertexIdToRegister>
    <VertexIdToRegister>3380</VertexIdToRegister>
    <VertexIdToRegister>3385</VertexIdToRegister>
    <VertexIdToRegister>3386</VertexIdToRegister>
    <VertexIdToRegister>3387</VertexIdToRegister>
    <VertexIdToRegister>3392</VertexIdToRegister>
    <VertexIdToRegister>3393</VertexIdToRegister>
    <VertexIdToRegister>3394</VertexIdToRegister>
    <VertexIdToRegister>3399</VertexIdToRegister>
    <VertexIdToRegister>3400</VertexIdToRegister>
    <VertexIdToRegister>3401</VertexIdToRegister>
    <VertexIdToRegister>3406</VertexIdToRegister>
    <VertexIdToRegister>3407</VertexIdToRegister>
    <VertexIdToRegister>3408</VertexIdToRegister>
    <VertexIdToRegister>3413</VertexIdToRegister>
    <VertexIdToRegister>3414</VertexIdToRegister>
    <VertexIdToRegister>3415</VertexIdToRegister>
    <VertexIdToRegister>3420</VertexIdToRegister>
    <VertexIdToRegister>3421</VertexIdToRegister>
    <VertexIdToRegister>3422</VertexIdToRegister>
    <VertexIdToRegister>3427</VertexIdToRegister>
    <VertexIdToRegister>3428</VertexIdToRegister>
    <VertexIdToRegister>3429</VertexIdToRegister>
    <VertexIdToRegister>3434</VertexIdToRegister>
    <VertexIdToRegister>3435</VertexIdToRegister>
    <VertexIdToRegister>3436</VertexIdToRegister>
    <VertexIdToRegister>3441</VertexIdToRegister>
    <VertexIdToRegister>3442</VertexIdToRegister>
    <VertexIdToRegister>3443</VertexIdToRegister>
    <VertexIdToRegister>3448</VertexIdToRegister>
    <VertexIdToRegister>3449</VertexIdToRegister>
    <VertexIdToRegister>3450</VertexIdToRegister>
    <VertexIdToRegister>3455</VertexIdToRegister>
    <VertexIdToRegister>3456</VertexIdToRegister>
    <VertexIdToRegister>3457</VertexIdToRegister>
    <VertexIdToRegister>3462</VertexIdToRegister>
    <VertexIdToRegister>3463</VertexIdToRegister>
    <VertexIdToRegister>3464</VertexIdToRegister>
    <VertexIdToRegister>3469</VertexIdToRegister>
    <VertexIdToRegister>3470</VertexIdToRegister>
    <VertexIdToRegister>3471</VertexIdToRegister>
    <VertexIdToRegister>3476</VertexIdToRegister>
    <VertexIdToRegister>3477</VertexIdToRegister>
    <VertexIdToRegister>3478</VertexIdToRegister>
    <VertexIdToRegister>3483</VertexIdToRegister>
    <VertexIdToRegister>3484</VertexIdToRegister>
    <VertexIdToRegister>3485</VertexIdToRegister>
    <VertexIdToRegister>3490</VertexIdToRegister>
    <VertexIdToRegister>3491</VertexIdToRegister>
    <VertexIdToRegister>3492</VertexIdToRegister>
    <VertexIdToRegister>3497</VertexIdToRegister>
    <VertexIdToRegister>3498</VertexIdToRegister>
    <VertexIdToRegister>3499</VertexIdToRegister>
    <VertexIdToRegister>3504</VertexIdToRegister>
    <VertexIdToRegister>3505</VertexIdToRegister>
    <VertexIdToRegister>3506</VertexIdToRegister>
    <VertexIdToRegister>3511</VertexIdToRegister>
    <VertexIdToRegister>3512</VertexIdToRegister>
    <VertexIdToRegister>3513</VertexIdToRegister>
    <VertexIdToRegister>3518</VertexIdToRegister>
    <VertexIdToRegister>3519</VertexIdToRegister>
    <VertexIdToRegister>3520</VertexIdToRegister>
    <VertexIdToRegister>3525</VertexIdToRegister>
    <VertexIdToRegister>3526</VertexIdToRegister>
    <VertexIdToRegister>3527</VertexIdToRegister>
    <VertexIdToRegister>3532</VertexIdToRegister>
    <VertexIdToRegister>3533</VertexIdToRegister>
    <VertexIdToRegister>3534</VertexIdToRegister>
    <VertexIdToRegister>3539</VertexIdToRegister>
    <VertexIdToRegister>3540</VertexIdToRegister>
    <VertexIdToRegister>3541</VertexIdToRegister>
    <VertexIdToRegister>3546</VertexIdToRegister>
    <VertexIdToRegister>3547</VertexIdToRegister>
    <VertexIdToRegister>3548</VertexIdToRegister>
    <VertexIdToRegister>3553</VertexIdToRegister>
    <VertexIdToRegister>3554</VertexIdToRegister>
    <VertexIdToRegister>3555</VertexIdToRegister>
    <VertexIdToRegister>3560</VertexIdToRegister>
    <VertexIdToRegister>3561</VertexIdToRegister>
    <VertexIdToRegister>3562</VertexIdToRegister>
    <VertexIdToRegister>3567</VertexIdToRegister>
    <VertexIdToRegister>3568</VertexIdToRegister>
    <VertexIdToRegister>3569</VertexIdToRegister>
    <VertexIdToRegister>3574</VertexIdToRegister>
    <VertexIdToRegister>3575</VertexIdToRegister>
    <VertexIdToRegister>3576</VertexIdToRegister>
    <VertexIdToRegister>3581</VertexIdToRegister>
    <VertexIdToRegister>3582</VertexIdToRegister>
    <VertexIdToRegister>3583</VertexIdToRegister>
    <VertexIdToRegister>3588</VertexIdToRegister>
    <VertexIdToRegister>3589</VertexIdToRegister>
    <VertexIdToRegister>3590</VertexIdToRegister>
    <VertexIdToRegister>3595</VertexIdToRegister>
    <VertexIdToRegister>3596</VertexIdToRegister>
    <VertexIdToRegister>3597</VertexIdToRegister>
    <VertexIdToRegister>3602</VertexIdToRegister>
    <VertexIdToRegister>3603</VertexIdToRegister>
    <VertexIdToRegister>3604</VertexIdToRegister>
    <VertexIdToRegister>3609</VertexIdToRegister>
    <VertexIdToRegister>3610</VertexIdToRegister>
    <VertexIdToRegister>3611</VertexIdToRegister>
    <VertexIdToRegister>3616</VertexIdToRegister>
    <VertexIdToRegister>3617</VertexIdToRegister>
    <VertexIdToRegister>3618</VertexIdToRegister>
    <VertexIdToRegister>3623</VertexIdToRegister>
    <VertexIdToRegister>3624</VertexIdToRegister>
    <VertexIdToRegister>3625</VertexIdToRegister>
    <VertexIdToRegister>3630</VertexIdToRegister>
    <VertexIdToRegister>3631</VertexIdToRegister>
    <VertexIdToRegister>3632</VertexIdToRegister>
    <VertexIdToRegister>3637</VertexIdToRegister>
    <VertexIdToRegister>3638</VertexIdToRegister>
    <VertexIdToRegister>3639</VertexIdToRegister>
    <VertexIdToRegister>3644</VertexIdToRegister>
    <VertexIdToRegister>3645</VertexIdToRegister>
    <VertexIdToRegister>3646</VertexIdToRegister>
    <VertexIdToRegister>3651</VertexIdToRegister>
    <VertexIdToRegister>3652</VertexIdToRegister>
    <VertexIdToRegister>3653</VertexIdToRegister>
    <VertexIdToRegister>3658</VertexIdToRegister>
    <VertexIdToRegister>3659</VertexIdToRegister>
    <VertexIdToRegister>3660</VertexIdToRegister>
    <VertexIdToRegister>3665</VertexIdToRegister>
    <VertexIdToRegister>3666</VertexIdToRegister>
    <VertexIdToRegister>3667</VertexIdToRegister>
    <VertexIdToRegister>3672</VertexIdToRegister>
    <VertexIdToRegister>3673</VertexIdToRegister>
    <VertexIdToRegister>3674</VertexIdToRegister>
    <VertexIdToRegister>3679</VertexIdToRegister>
    <VertexIdToRegister>3680</VertexIdToRegister>
    <VertexIdToRegister>3681</VertexIdToRegister>
    <VertexIdToRegister>3686</VertexIdToRegister>
    <VertexIdToRegister>3687</VertexIdToRegister>
    <VertexIdToRegister>3688</VertexIdToRegister>
    <VertexIdToRegister>3693</VertexIdToRegister>
    <VertexIdToRegister>3694</VertexIdToRegister>
    <VertexIdToRegister>3695</VertexIdToRegister>
    <VertexIdToRegister>3700</VertexIdToRegister>
    <VertexIdToRegister>3701</VertexIdToRegister>
    <VertexIdToRegister>3702</VertexIdToRegister>
    <VertexIdToRegister>3707</VertexIdToRegister>
    <VertexIdToRegister>3708</VertexIdToRegister>
    <VertexIdToRegister>3709</VertexIdToRegister>
    <VertexIdToRegister>3714</VertexIdToRegister>
    <VertexIdToRegister>3715</VertexIdToRegister>
    <VertexIdToRegister>3716</VertexIdToRegister>
    <VertexIdToRegister>3721</VertexIdToRegister>
    <VertexIdToRegister>3722</VertexIdToRegister>
    <VertexIdToRegister>3723</VertexIdToRegister>
    <VertexIdToRegister>3728</VertexIdToRegister>
    <VertexIdToRegister>3729</VertexIdToRegister>
    <VertexIdToRegister>3730</VertexIdToRegister>
    <VertexIdToRegister>3735</VertexIdToRegister>
    <VertexIdToRegister>3736</VertexIdToRegister>
    <VertexIdToRegister>3737</VertexIdToRegister>
    <VertexIdToRegister>3742</VertexIdToRegister>
    <VertexIdToRegister>3743</VertexIdToRegister>
    <VertexIdToRegister>3744</VertexIdToRegister>
    <VertexIdToRegister>3749</VertexIdToRegister>
    <VertexIdToRegister>3750</VertexIdToRegister>
    <VertexIdToRegister>3751</VertexIdToRegister>
    <VertexIdToRegister>3756</VertexIdToRegister>
    <VertexIdToRegister>3757</VertexIdToRegister>
    <VertexIdToRegister>3758</VertexIdToRegister>
    <VertexIdToRegister>3763</VertexIdToRegister>
    <VertexIdToRegister>3764</VertexIdToRegister>
    <VertexIdToRegister>3765</VertexIdToRegister>
    <VertexIdToRegister>3770</VertexIdToRegister>
    <VertexIdToRegister>3771</VertexIdToRegister>
    <VertexIdToRegister>3772</VertexIdToRegister>
    <VertexIdToRegister>3777</VertexIdToRegister>
    <VertexIdToRegister>3778</VertexIdToRegister>
    <VertexIdToRegister>3779</VertexIdToRegister>
    <VertexIdToRegister>3784</VertexIdToRegister>
    <VertexIdToRegister>3785</VertexIdToRegister>
    <VertexIdToRegister>3786</VertexIdToRegister>
    <VertexIdToRegister>3791</VertexIdToRegister>
    <VertexIdToRegister>3792</VertexIdToRegister>
    <VertexIdToRegister>3793</VertexIdToRegister>
    <VertexIdToRegister>3798</VertexIdToRegister>
    <VertexIdToRegister>3799</VertexIdToRegister>
    <VertexIdToRegister>3800</VertexIdToRegister>
    <VertexIdToRegister>3805</VertexIdToRegister>
    <VertexIdToRegister>3806</VertexIdToRegister>
    <VertexIdToRegister>3807</VertexIdToRegister>
    <VertexIdToRegister>3812</VertexIdToRegister>
    <VertexIdToRegister>3813</VertexIdToRegister>
    <VertexIdToRegister>3814</VertexIdToRegister>
    <VertexIdToRegister>3819</VertexIdToRegister>
    <VertexIdToRegister>3820</VertexIdToRegister>
    <VertexIdToRegister>3821</VertexIdToRegister>
    <VertexIdToRegister>3826</VertexIdToRegister>
    <VertexIdToRegister>3827</VertexIdToRegister>
    <VertexIdToRegister>3828</VertexIdToRegister>
    <VertexIdToRegister>4152</VertexIdToRegister>
    <VertexIdToRegister>4156</VertexIdToRegister>
    <VertexIdToRegister>4160</VertexIdToRegister>
    <VertexIdToRegister>4164</VertexIdToRegister>
    <VertexIdToRegister>4168</VertexIdToRegister>
    <VertexIdToRegister>4172</VertexIdToRegister>
    <VertexIdToRegister>4176</VertexIdToRegister>
    <VertexIdToRegister>4180</VertexIdToRegister>
    <VertexIdToRegister>4184</VertexIdToRegister>
    <VertexIdToRegister>4188</VertexIdToRegister>
    <VertexIdToRegister>4192</VertexIdToRegister>
    <VertexIdToRegister>4196</VertexIdToRegister>
    <VertexIdToRegister>4200</VertexIdToRegister>
    <VertexIdToRegister>4204</VertexIdToRegister>
    <VertexIdToRegister>4208</VertexIdToRegister>
    <VertexIdToRegister>4212</VertexIdToRegister>
    <VertexIdToRegister>4216</VertexIdToRegister>
    <VertexIdToRegister>4220</VertexIdToRegister>
    <VertexIdToRegister>4224</VertexIdToRegister>
    <VertexIdToRegister>4228</VertexIdToRegister>
    <VertexIdToRegister>4232</VertexIdToRegister>
    <VertexIdToRegister>4236</VertexIdToRegister>
    <VertexIdToRegister>4240</VertexIdToRegister>
    <VertexIdToRegister>4244</VertexIdToRegister>
    <VertexIdToRegister>4248</VertexIdToRegister>
    <VertexIdToRegister>4252</VertexIdToRegister>
    <VertexIdToRegister>4256</VertexIdToRegister>
    <VertexIdToRegister>4260</VertexIdToRegister>
    <VertexIdToRegister>4264</VertexIdToRegister>
    <VertexIdToRegister>4268</VertexIdToRegister>
    <VertexIdToRegister>4272</VertexIdToRegister>
    <VertexIdToRegister>4276</VertexIdToRegister>
    <VertexIdToRegister>4280</VertexIdToRegister>
    <VertexIdToRegister>4284</VertexIdToRegister>
    <VertexIdToRegister>4288</VertexIdToRegister>
    <VertexIdToRegister>4292</VertexIdToRegister>
    <VertexIdToRegister>4296</VertexIdToRegister>
    <VertexIdToRegister>4300</VertexIdToRegister>
    <VertexIdToRegister>4304</VertexIdToRegister>
    <VertexIdToRegister>4308</VertexIdToRegister>
    <VertexIdToRegister>4312</VertexIdToRegister>
    <VertexIdToRegister>4316</VertexIdToRegister>
    <VertexIdToRegister>4320</VertexIdToRegister>
    <VertexIdToRegister>4324</VertexIdToRegister>
    <VertexIdToRegister>4328</VertexIdToRegister>
    <VertexIdToRegister>4332</VertexIdToRegister>
    <VertexIdToRegister>4336</VertexIdToRegister>
    <VertexIdToRegister>4340</VertexIdToRegister>
    <VertexIdToRegister>4344</VertexIdToRegister>
    <VertexIdToRegister>4348</VertexIdToRegister>
    <VertexIdToRegister>4352</VertexIdToRegister>
    <VertexIdToRegister>4356</VertexIdToRegister>
    <VertexIdToRegister>4360</VertexIdToRegister>
    <VertexIdToRegister>4364</VertexIdToRegister>
    <VertexIdToRegister>4368</VertexIdToRegister>
    <VertexIdToRegister>4372</VertexIdToRegister>
    <VertexIdToRegister>4376</VertexIdToRegister>
    <VertexIdToRegister>4380</VertexIdToRegister>
    <VertexIdToRegister>4384</VertexIdToRegister>
    <VertexIdToRegister>4388</VertexIdToRegister>
    <VertexIdToRegister>4392</VertexIdToRegister>
    <VertexIdToRegister>4396</VertexIdToRegister>
    <VertexIdToRegister>4400</VertexIdToRegister>
    <VertexIdToRegister>4404</VertexIdToRegister>
    <VertexIdToRegister>4407</VertexIdToRegister>
    <VertexIdToRegister>4410</VertexIdToRegister>
    <VertexIdToRegister>4416</VertexIdToRegister>
    <VertexIdToRegister>4419</VertexIdToRegister>
    <VertexIdToRegister>4425</VertexIdToRegister>
    <VertexIdToRegister>4428</VertexIdToRegister>
    <VertexIdToRegister>4434</VertexIdToRegister>
    <VertexIdToRegister>4437</VertexIdToRegister>
    <VertexIdToRegister>4443</VertexIdToRegister>
    <VertexIdToRegister>4446</VertexIdToRegister>
    <VertexIdToRegister>4452</VertexIdToRegister>
    <VertexIdToRegister>4455</VertexIdToRegister>
    <VertexIdToRegister>4461</VertexIdToRegister>
    <VertexIdToRegister>4464</VertexIdToRegister>
    <VertexIdToRegister>4470</VertexIdToRegister>
    <VertexIdToRegister>4473</VertexIdToRegister>
    <VertexIdToRegister>4479</VertexIdToRegister>
    <VertexIdToRegister>4482</VertexIdToRegister>
    <VertexIdToRegister>4488</VertexIdToRegister>
    <VertexIdToRegister>4491</VertexIdToRegister>
    <VertexIdToRegister>4497</VertexIdToRegister>
    <VertexIdToRegister>4500</VertexIdToRegister>
    <VertexIdToRegister>4506</VertexIdToRegister>
    <VertexIdToRegister>4509</VertexIdToRegister>
    <VertexIdToRegister>4515</VertexIdToRegister>
    <VertexIdToRegister>4518</VertexIdToRegister>
    <VertexIdToRegister>4524</VertexIdToRegister>
    <VertexIdToRegister>4527</VertexIdToRegister>
    <VertexIdToRegister>4533</VertexIdToRegister>
    <VertexIdToRegister>4536</VertexIdToRegister>
    <VertexIdToRegister>4542</VertexIdToRegister>
    <VertexIdToRegister>4545</VertexIdToRegister>
    <VertexIdToRegister>4551</VertexIdToRegister>
    <VertexIdToRegister>4554</VertexIdToRegister>
    <VertexIdToRegister>4560</VertexIdToRegister>
    <VertexIdToRegister>4563</VertexIdToRegister>
    <VertexIdToRegister>4569</VertexIdToRegister>
    <VertexIdToRegister>4572</VertexIdToRegister>
    <VertexIdToRegister>4578</VertexIdToRegister>
    <VertexIdToRegister>4581</VertexIdToRegister>
    <VertexIdToRegister>4587</VertexIdToRegister>
    <VertexIdToRegister>4590</VertexIdToRegister>
    <VertexIdToRegister>4596</VertexIdToRegister>
    <VertexIdToRegister>4599</VertexIdToRegister>
    <VertexIdToRegister>4605</VertexIdToRegister>
    <VertexIdToRegister>4608</VertexIdToRegister>
    <VertexIdToRegister>4614</VertexIdToRegister>
    <VertexIdToRegister>4617</VertexIdToRegister>
    <VertexIdToRegister>4623</VertexIdToRegister>
    <VertexIdToRegister>4626</VertexIdToRegister>
    <VertexIdToRegister>4632</VertexIdToRegister>
    <VertexIdToRegister>4635</VertexIdToRegister>
    <VertexIdToRegister>4641</VertexIdToRegister>
    <VertexIdToRegister>4644</VertexIdToRegister>
    <VertexIdToRegister>4650</VertexIdToRegister>
    <VertexIdToRegister>4653</VertexIdToRegister>
    <VertexIdToRegister>4659</VertexIdToRegister>
    <VertexIdToRegister>4662</VertexIdToRegister>
    <VertexIdToRegister>4668</VertexIdToRegister>
    <VertexIdToRegister>4671</VertexIdToRegister>
    <VertexIdToRegister>4677</VertexIdToRegister>
    <VertexIdToRegister>4680</VertexIdToRegister>
    <VertexIdToRegister>4686</VertexIdToRegister>
    <VertexIdToRegister>4689</VertexIdToRegister>
    <VertexIdToRegister>4695</VertexIdToRegister>
    <VertexIdToRegister>4698</VertexIdToRegister>
    <VertexIdToRegister>4704</VertexIdToRegister>
    <VertexIdToRegister>4707</VertexIdToRegister>
    <VertexIdToRegister>4713</VertexIdToRegister>
    <VertexIdToRegister>4716</VertexIdToRegister>
    <VertexIdToRegister>4722</VertexIdToRegister>
    <VertexIdToRegister>4725</VertexIdToRegister>
    <VertexIdToRegister>4731</VertexIdToRegister>
    <VertexIdToRegister>4734</VertexIdToRegister>
    <VertexIdToRegister>4740</VertexIdToRegister>
    <VertexIdToRegister>4743</VertexIdToRegister>
    <VertexIdToRegister>4749</VertexIdToRegister>
    <VertexIdToRegister>4752</VertexIdToRegister>
    <VertexIdToRegister>4758</VertexIdToRegister>
    <VertexIdToRegister>4761</VertexIdToRegister>
    <VertexIdToRegister>4767</VertexIdToRegister>
    <VertexIdToRegister>4770</VertexIdToRegister>
    <VertexIdToRegister>4776</VertexIdToRegister>
    <VertexIdToRegister>4779</VertexIdToRegister>
    <VertexIdToRegister>4785</VertexIdToRegister>
    <VertexIdToRegister>4788</VertexIdToRegister>
    <VertexIdToRegister>4794</VertexIdToRegister>
    <VertexIdToRegister>4797</VertexIdToRegister>
    <VertexIdToRegister>4803</VertexIdToRegister>
    <VertexIdToRegister>4806</VertexIdToRegister>
    <VertexIdToRegister>4812</VertexIdToRegister>
    <VertexIdToRegister>4815</VertexIdToRegister>
    <VertexIdToRegister>4821</VertexIdToRegister>
    <VertexIdToRegister>4824</VertexIdToRegister>
    <VertexIdToRegister>4830</VertexIdToRegister>
    <VertexIdToRegister>4833</VertexIdToRegister>
    <VertexIdToRegister>4839</VertexIdToRegister>
    <VertexIdToRegister>4842</VertexIdToRegister>
    <VertexIdToRegister>4848</VertexIdToRegister>
    <VertexIdToRegister>4851</VertexIdToRegister>
    <VertexIdToRegister>4857</VertexIdToRegister>
    <VertexIdToRegister>4860</VertexIdToRegister>
    <VertexIdToRegister>4866</VertexIdToRegister>
    <VertexIdToRegister>4869</VertexIdToRegister>
    <VertexIdToRegister>4875</VertexIdToRegister>
    <VertexIdToRegister>4878</VertexIdToRegister>
    <VertexIdToRegister>4884</VertexIdToRegister>
    <VertexIdToRegister>4887</VertexIdToRegister>
    <VertexIdToRegister>4893</VertexIdToRegister>
    <VertexIdToRegister>4896</VertexIdToRegister>
    <VertexIdToRegister>4902</VertexIdToRegister>
    <VertexIdToRegister>4905</VertexIdToRegister>
    <VertexIdToRegister>4911</VertexIdToRegister>
    <VertexIdToRegister>4914</VertexIdToRegister>
    <VertexIdToRegister>4920</VertexIdToRegister>
    <VertexIdToRegister>4923</VertexIdToRegister>
    <VertexIdToRegister>4929</VertexIdToRegister>
    <VertexIdToRegister>4932</VertexIdToRegister>
    <VertexIdToRegister>4938</VertexIdToRegister>
    <VertexIdToRegister>4941</VertexIdToRegister>
    <VertexIdToRegister>4947</VertexIdToRegister>
    <VertexIdToRegister>4950</VertexIdToRegister>
    <VertexIdToRegister>4956</VertexIdToRegister>
    <VertexIdToRegister>4959</VertexIdToRegister>
    <VertexIdToRegister>4965</VertexIdToRegister>
    <VertexIdToRegister>4968</VertexIdToRegister>
    <VertexIdToRegister>4974</VertexIdToRegister>
    <VertexIdToRegister>4977</VertexIdToRegister>
    <VertexIdToRegister>5369</VertexIdToRegister>
    <VertexIdToRegister>5373</VertexIdToRegister>
    <VertexIdToRegister>5377</VertexIdToRegister>
    <VertexIdToRegister>5381</VertexIdToRegister>
    <VertexIdToRegister>5389</VertexIdToRegister>
    <VertexIdToRegister>5393</VertexIdToRegister>
    <VertexIdToRegister>5397</VertexIdToRegister>
    <VertexIdToRegister>5401</VertexIdToRegister>
    <VertexIdToRegister>5409</VertexIdToRegister>
    <VertexIdToRegister>5413</VertexIdToRegister>
    <VertexIdToRegister>5417</VertexIdToRegister>
    <VertexIdToRegister>5421</VertexIdToRegister>
    <VertexIdToRegister>5429</VertexIdToRegister>
    <VertexIdToRegister>5433</VertexIdToRegister>
    <VertexIdToRegister>5437</VertexIdToRegister>
    <VertexIdToRegister>5441</VertexIdToRegister>
    <VertexIdToRegister>5449</VertexIdToRegister>
    <VertexIdToRegister>5453</VertexIdToRegister>
    <VertexIdToRegister>5457</VertexIdToRegister>
    <VertexIdToRegister>5461</VertexIdToRegister>
    <VertexIdToRegister>5469</VertexIdToRegister>
    <VertexIdToRegister>5473</VertexIdToRegister>
    <VertexIdToRegister>5477</VertexIdToRegister>
    <VertexIdToRegister>5481</VertexIdToRegister>
    <VertexIdToRegister>5489</VertexIdToRegister>
    <VertexIdToRegister>5493</VertexIdToRegister>
    <VertexIdToRegister>5497</VertexIdToRegister>
    <VertexIdToRegister>5501</VertexIdToRegister>
    <VertexIdToRegister>5509</VertexIdToRegister>
    <VertexIdToRegister>5513</VertexIdToRegister>
    <VertexIdToRegister>5517</VertexIdToRegister>
    <VertexIdToRegister>5521</VertexIdToRegister>
    <VertexIdToRegister>5529</VertexIdToRegister>
    <VertexIdToRegister>5533</VertexIdToRegister>
    <VertexIdToRegister>5537</VertexIdToRegister>
    <VertexIdToRegister>5541</VertexIdToRegister>
    <VertexIdToRegister>5549</VertexIdToRegister>
    <VertexIdToRegister>5553</VertexIdToRegister>
    <VertexIdToRegister>5557</VertexIdToRegister>
    <VertexIdToRegister>5561</VertexIdToRegister>
    <VertexIdToRegister>5569</VertexIdToRegister>
    <VertexIdToRegister>5573</VertexIdToRegister>
    <VertexIdToRegister>5577</VertexIdToRegister>
    <VertexIdToRegister>5581</VertexIdToRegister>
    <VertexIdToRegister>5589</VertexIdToRegister>
    <VertexIdToRegister>5593</VertexIdToRegister>
    <VertexIdToRegister>5597</VertexIdToRegister>
    <VertexIdToRegister>5601</VertexIdToRegister>
    <VertexIdToRegister>5609</VertexIdToRegister>
    <VertexIdToRegister>5613</VertexIdToRegister>
    <VertexIdToRegister>5617</VertexIdToRegister>
    <VertexIdToRegister>5621</VertexIdToRegister>
    <VertexIdToRegister>5629</VertexIdToRegister>
    <VertexIdToRegister>5633</VertexIdToRegister>
    <VertexIdToRegister>5637</VertexIdToRegister>
    <VertexIdToRegister>5641</VertexIdToRegister>
    <VertexIdToRegister>5649</VertexIdToRegister>
    <VertexIdToRegister>5653</VertexIdToRegister>
    <VertexIdToRegister>5657</VertexIdToRegister>
    <VertexIdToRegister>5661</VertexIdToRegister>
    <VertexIdToRegister>5669</VertexIdToRegister>
    <VertexIdToRegister>5673</VertexIdToRegister>
    <VertexIdToRegister>5677</VertexIdToRegister>
    <VertexIdToRegister>5681</VertexIdToRegister>
    <VertexIdToRegister>5689</VertexIdToRegister>
    <VertexIdToRegister>5693</VertexIdToRegister>
    <VertexIdToRegister>5697</VertexIdToRegister>
    <VertexIdToRegister>5701</VertexIdToRegister>
    <VertexIdToRegister>5709</VertexIdToRegister>
    <VertexIdToRegister>5713</VertexIdToRegister>
    <VertexIdToRegister>5717</VertexIdToRegister>
    <VertexIdToRegister>5721</VertexIdToRegister>
    <VertexIdToRegister>5729</VertexIdToRegister>
    <VertexIdToRegister>5733</VertexIdToRegister>
    <VertexIdToRegister>5737</VertexIdToRegister>
    <VertexIdToRegister>5741</VertexIdToRegister>
    <VertexIdToRegister>5749</VertexIdToRegister>
    <VertexIdToRegister>5753</VertexIdToRegister>
    <VertexIdToRegister>5757</VertexIdToRegister>
    <VertexIdToRegister>5761</VertexIdToRegister>
    <VertexIdToRegister>5769</VertexIdToRegister>
    <VertexIdToRegister>5773</VertexIdToRegister>
    <VertexIdToRegister>5777</VertexIdToRegister>
    <VertexIdToRegister>5781</VertexIdToRegister>
    <VertexIdToRegister>5789</VertexIdToRegister>
    <VertexIdToRegister>5793</VertexIdToRegister>
    <VertexIdToRegister>5797</VertexIdToRegister>
    <VertexIdToRegister>5801</VertexIdToRegister>
    <VertexIdToRegister>5809</VertexIdToRegister>
    <VertexIdToRegister>5813</VertexIdToRegister>
    <VertexIdToRegister>5817</VertexIdToRegister>
    <VertexIdToRegister>5821</VertexIdToRegister>
    <VertexIdToRegister>5829</VertexIdToRegister>
    <VertexIdToRegister>5833</VertexIdToRegister>
    <VertexIdToRegister>5837</VertexIdToRegister>
    <VertexIdToRegister>5841</VertexIdToRegister>
    <VertexIdToRegister>5849</VertexIdToRegister>
    <VertexIdToRegister>5853</VertexIdToRegister>
    <VertexIdToRegister>5857</VertexIdToRegister>
    <VertexIdToRegister>5861</VertexIdToRegister>
    <VertexIdToRegister>5869</VertexIdToRegister>
    <VertexIdToRegister>5873</VertexIdToRegister>
    <VertexIdToRegister>5877</VertexIdToRegister>
    <VertexIdToRegister>5881</VertexIdToRegister>
    <VertexIdToRegister>5889</VertexIdToRegister>
    <VertexIdToRegister>5893</VertexIdToRegister>
    <VertexIdToRegister>5897</VertexIdToRegister>
    <VertexIdToRegister>5901</VertexIdToRegister>
    <VertexIdToRegister>5909</VertexIdToRegister>
    <VertexIdToRegister>5913</VertexIdToRegister>
    <VertexIdToRegister>5917</VertexIdToRegister>
    <VertexIdToRegister>5921</VertexIdToRegister>
    <VertexIdToRegister>5929</VertexIdToRegister>
    <VertexIdToRegister>5933</VertexIdToRegister>
    <VertexIdToRegister>5937</VertexIdToRegister>
    <VertexIdToRegister>5941</VertexIdToRegister>
    <VertexIdToRegister>5949</VertexIdToRegister>
    <VertexIdToRegister>5953</VertexIdToRegister>
    <VertexIdToRegister>5957</VertexIdToRegister>
    <VertexIdToRegister>5961</VertexIdToRegister>
    <VertexIdToRegister>5969</VertexIdToRegister>
    <VertexIdToRegister>5973</VertexIdToRegister>
    <VertexIdToRegister>5977</VertexIdToRegister>
    <VertexIdToRegister>5981</VertexIdToRegister>
    <VertexIdToRegister>5989</VertexIdToRegister>
    <VertexIdToRegister>5993</VertexIdToRegister>
    <VertexIdToRegister>5997</VertexIdToRegister>
    <VertexIdToRegister>6001</VertexIdToRegister>
    <VertexIdToRegister>6598</VertexIdToRegister>
    <VertexIdToRegister>6599</VertexIdToRegister>
    <VertexIdToRegister>6600</VertexIdToRegister>
    <VertexIdToRegister>6601</VertexIdToRegister>
    <VertexIdToRegister>6602</VertexIdToRegister>
    <VertexIdToRegister>6603</VertexIdToRegister>
    <VertexIdToRegister>6604</VertexIdToRegister>
    <VertexIdToRegister>6605</VertexIdToRegister>
    <VertexIdToRegister>6606</VertexIdToRegister>
    <VertexIdToRegister>6607</VertexIdToRegister>
    <VertexIdToRegister>6608</VertexIdToRegister>
    <VertexIdToRegister>6609</VertexIdToRegister>
    <VertexIdToRegister>6610</VertexIdToRegister>
    <VertexIdToRegister>6611</VertexIdToRegister>
    <VertexIdToRegister>6612</VertexIdToRegister>
    <VertexIdToRegister>6613</VertexIdToRegister>
    <VertexIdToRegister>6614</VertexIdToRegister>
    <VertexIdToRegister>6615</VertexIdToRegister>
    <VertexIdToRegister>6616</VertexIdToRegister>
    <VertexIdToRegister>6617</VertexIdToRegister>
    <VertexIdToRegister>6618</VertexIdToRegister>
    <VertexIdToRegister>6619</VertexIdToRegister>
    <VertexIdToRegister>6620</VertexIdToRegister>
    <VertexIdToRegister>6621</VertexIdToRegister>
    <VertexIdToRegister>6622</VertexIdToRegister>
    <VertexIdToRegister>6623</VertexIdToRegister>
    <VertexIdToRegister>6624</VertexIdToRegister>
    <VertexIdToRegister>6625</VertexIdToRegister>
    <VertexIdToRegister>6626</VertexIdToRegister>
    <VertexIdToRegister>6627</VertexIdToRegister>
    <VertexIdToRegister>6628</VertexIdToRegister>
    <VertexIdToRegister>6629</VertexIdToRegister>
    <VertexIdToRegister>6630</VertexIdToRegister>
    <VertexIdToRegister>6631</VertexIdToRegister>
    <VertexIdToRegister>6632</VertexIdToRegister>
    <VertexIdToRegister>6633</VertexIdToRegister>
    <VertexIdToRegister>6634</VertexIdToRegister>
    <VertexIdToRegister>6635</VertexIdToRegister>
    <VertexIdToRegister>6636</VertexIdToRegister>
    <VertexIdToRegister>6637</VertexIdToRegister>
    <VertexIdToRegister>6638</VertexIdToRegister>
    <VertexIdToRegister>6639</VertexIdToRegister>
    <VertexIdToRegister>6640</VertexIdToRegister>
    <VertexIdToRegister>6641</VertexIdToRegister>
    <VertexIdToRegister>6642</VertexIdToRegister>
    <VertexIdToRegister>6643</VertexIdToRegister>
    <VertexIdToRegister>6644</VertexIdToRegister>
    <VertexIdToRegister>6645</VertexIdToRegister>
    <VertexIdToRegister>6646</VertexIdToRegister>
    <VertexIdToRegister>6647</VertexIdToRegister>
    <VertexIdToRegister>6648</VertexIdToRegister>
    <VertexIdToRegister>6649</VertexIdToRegister>
    <VertexIdToRegister>6650</VertexIdToRegister>
    <VertexIdToRegister>6651</VertexIdToRegister>
    <VertexIdToRegister>6652</VertexIdToRegister>
    <VertexIdToRegister>6653</VertexIdToRegister>
    <VertexIdToRegister>6654</VertexIdToRegister>
    <VertexIdToRegister>6655</VertexIdToRegister>
    <VertexIdToRegister>6656</VertexIdToRegister>
    <VertexIdToRegister>6657</VertexIdToRegister>
    <VertexIdToRegister>6658</VertexIdToRegister>
    <VertexIdToRegister>6659</VertexIdToRegister>
    <VertexIdToRegister>6660</VertexIdToRegister>
    <VertexIdToRegister>6661</VertexIdToRegister>
    <VertexIdToRegister>6687</VertexIdToRegister>
    <VertexIdToRegister>6688</VertexIdToRegister>
    <VertexIdToRegister>6689</VertexIdToRegister>
    <VertexIdToRegister>6690</VertexIdToRegister>
    <VertexIdToRegister>6691</VertexIdToRegister>
    <VertexIdToRegister>6692</VertexIdToRegister>
    <VertexIdToRegister>6693</VertexIdToRegister>
    <VertexIdToRegister>6694</VertexIdToRegister>
    <VertexIdToRegister>6695</VertexIdToRegister>
    <VertexIdToRegister>6696</VertexIdToRegister>
    <VertexIdToRegister>6697</VertexIdToRegister>
    <VertexIdToRegister>6698</VertexIdToRegister>
    <VertexIdToRegister>6699</VertexIdToRegister>
    <VertexIdToRegister>6700</VertexIdToRegister>
    <VertexIdToRegister>6701</VertexIdToRegister>
    <VertexIdToRegister>6702</VertexIdToRegister>
    <VertexIdToRegister>6703</VertexIdToRegister>
    <VertexIdToRegister>6704</VertexIdToRegister>
    <VertexIdToRegister>6705</VertexIdToRegister>
    <VertexIdToRegister>6706</VertexIdToRegister>
    <VertexIdToRegister>6707</VertexIdToRegister>
    <VertexIdToRegister>6708</VertexIdToRegister>
    <VertexIdToRegister>6709</VertexIdToRegister>
    <VertexIdToRegister>6710</VertexIdToRegister>
    <VertexIdToRegister>6711</VertexIdToRegister>
    <VertexIdToRegister>6712</VertexIdToRegister>
    <VertexIdToRegister>6713</VertexIdToRegister>
    <VertexIdToRegister>6714</VertexIdToRegister>
    <VertexIdToRegister>6715</VertexIdToRegister>
    <VertexIdToRegister>6716</VertexIdToRegister>
    <VertexIdToRegister>6717</VertexIdToRegister>
    <VertexIdToRegister>6718</VertexIdToRegister>
    <VertexIdToRegister>6719</VertexIdToRegister>
    <VertexIdToRegister>6720</VertexIdToRegister>
    <VertexIdToRegister>6721</VertexIdToRegister>
    <VertexIdToRegister>6722</VertexIdToRegister>
    <VertexIdToRegister>6723</VertexIdToRegister>
    <VertexIdToRegister>6724</VertexIdToRegister>
    <VertexIdToRegister>6725</VertexIdToRegister>
    <VertexIdToRegister>6726</VertexIdToRegister>
    <VertexIdToRegister>6727</VertexIdToRegister>
    <VertexIdToRegister>6728</VertexIdToRegister>
    <VertexIdToRegister>6729</VertexIdToRegister>
    <VertexIdToRegister>6730</VertexIdToRegister>
    <VertexIdToRegister>6731</VertexIdToRegister>
    <VertexIdToRegister>6732</VertexIdToRegister>
    <VertexIdToRegister>6733</VertexIdToRegister>
    <VertexIdToRegister>6734</VertexIdToRegister>
    <VertexIdToRegister>6735</VertexIdToRegister>
    <VertexIdToRegister>6736</VertexIdToRegister>
    <VertexIdToRegister>6737</VertexIdToRegister>
    <VertexIdToRegister>6738</VertexIdToRegister>
    <VertexIdToRegister>6739</VertexIdToRegister>
    <VertexIdToRegister>6740</VertexIdToRegister>
    <VertexIdToRegister>6741</VertexIdToRegister>
    <VertexIdToRegister>6742</VertexIdToRegister>
    <VertexIdToRegister>6743</VertexIdToRegister>
    <VertexIdToRegister>6744</VertexIdToRegister>
    <VertexIdToRegister>6745</VertexIdToRegister>
    <VertexIdToRegister>6746</VertexIdToRegister>
    <VertexIdToRegister>6747</VertexIdToRegister>
    <VertexIdToRegister>6748</VertexIdToRegister>
    <VertexIdToRegister>6749</VertexIdToRegister>
    <VertexIdToRegister>6750</VertexIdToRegister>
    <VertexIdToRegister>6788</VertexIdToRegister>
  </RegisterAssignments>
</Root>