<?xml version="1.0" encoding="utf-8" standalone="yes"?>
<Root>
  <processingTimeInMilliseconds>0.0</processingTimeInMilliseconds>
  <RegisterAssignments>
    <VertexIdToRegister>544</VertexIdToRegister>
    <VertexIdToRegister>552</VertexIdToRegister>
    <VertexIdToRegister>194</VertexIdToRegister>
    <VertexIdToRegister>596</VertexIdToRegister>
    <VertexIdToRegister>152</VertexIdToRegister>
    <VertexIdToRegister>611</VertexIdToRegister>
    <VertexIdToRegister>591</VertexIdToRegister>
    <VertexIdToRegister>185</VertexIdToRegister>
    <VertexIdToRegister>488</VertexIdToRegister>
    <VertexIdToRegister>516</VertexIdToRegister>
    <VertexIdToRegister>586</VertexIdToRegister>
    <VertexIdToRegister>528</VertexIdToRegister>
    <VertexIdToRegister>218</VertexIdToRegister>
    <VertexIdToRegister>438</VertexIdToRegister>
    <VertexIdToRegister>532</VertexIdToRegister>
    <VertexIdToRegister>524</VertexIdToRegister>
    <VertexIdToRegister>601</VertexIdToRegister>
    <VertexIdToRegister>606</VertexIdToRegister>
    <VertexIdToRegister>405</VertexIdToRegister>
    <VertexIdToRegister>13</VertexIdToRegister>
    <VertexIdToRegister>556</VertexIdToRegister>
    <VertexIdToRegister>540</VertexIdToRegister>
    <VertexIdToRegister>512</VertexIdToRegister>
    <VertexIdToRegister>520</VertexIdToRegister>
    <VertexIdToRegister>536</VertexIdToRegister>
    <VertexIdToRegister>571</VertexIdToRegister>
    <VertexIdToRegister>346</VertexIdToRegister>
    <VertexIdToRegister>548</VertexIdToRegister>
    <VertexIdToRegister>504</VertexIdToRegister>
    <VertexIdToRegister>500</VertexIdToRegister>
    <VertexIdToRegister>616</VertexIdToRegister>
    <VertexIdToRegister>119</VertexIdToRegister>
    <VertexIdToRegister>508</VertexIdToRegister>
    <VertexIdToRegister>372</VertexIdToRegister>
    <VertexIdToRegister>576</VertexIdToRegister>
    <VertexIdToRegister>492</VertexIdToRegister>
    <VertexIdToRegister>496</VertexIdToRegister>
    <VertexIdToRegister>161</VertexIdToRegister>
    <VertexIdToRegister>128</VertexIdToRegister>
    <VertexIdToRegister>55</VertexIdToRegister>
    <VertexIdToRegister>581</VertexIdToRegister>
  </RegisterAssignments>
</Root>
