<?xml version="1.0" encoding="utf-8" standalone="yes"?>
<Root>
  <processingTimeInMilliseconds>0.0</processingTimeInMilliseconds>
  <RegisterAssignments>
    <VertexIdToRegister>171</VertexIdToRegister>
    <VertexIdToRegister>108</VertexIdToRegister>
    <VertexIdToRegister>168</VertexIdToRegister>
    <VertexIdToRegister>105</VertexIdToRegister>
    <VertexIdToRegister>119</VertexIdToRegister>
    <VertexIdToRegister>212</VertexIdToRegister>
    <VertexIdToRegister>122</VertexIdToRegister>
    <VertexIdToRegister>12</VertexIdToRegister>
    <VertexIdToRegister>15</VertexIdToRegister>
    <VertexIdToRegister>56</VertexIdToRegister>
    <VertexIdToRegister>64</VertexIdToRegister>
    <VertexIdToRegister>116</VertexIdToRegister>
  </RegisterAssignments>
</Root>
