<?xml version="1.0" encoding="utf-8" standalone="yes"?>
<Root>
  <processingTimeInMilliseconds>0.0</processingTimeInMilliseconds>
  <RegisterAssignments>
    <VertexIdToRegister>67</VertexIdToRegister>
    <VertexIdToRegister>75</VertexIdToRegister>
    <VertexIdToRegister>54</VertexIdToRegister>
    <VertexIdToRegister>51</VertexIdToRegister>
    <VertexIdToRegister>85</VertexIdToRegister>
    <VertexIdToRegister>88</VertexIdToRegister>
    <VertexIdToRegister>82</VertexIdToRegister>
  </RegisterAssignments>
</Root>
