<?xml version="1.0" encoding="utf-8" standalone="yes"?>
<Root>
  <processingTimeInMilliseconds>100.5946</processingTimeInMilliseconds>
  <RegisterAssignments>
    <VertexIdToRegister>2</VertexIdToRegister>
    <VertexIdToRegister>4</VertexIdToRegister>
    <VertexIdToRegister>7511</VertexIdToRegister>
    <VertexIdToRegister>7512</VertexIdToRegister>
    <VertexIdToRegister>7513</VertexIdToRegister>
    <VertexIdToRegister>7514</VertexIdToRegister>
    <VertexIdToRegister>7515</VertexIdToRegister>
    <VertexIdToRegister>7516</VertexIdToRegister>
    <VertexIdToRegister>7517</VertexIdToRegister>
    <VertexIdToRegister>7518</VertexIdToRegister>
    <VertexIdToRegister>7519</VertexIdToRegister>
    <VertexIdToRegister>7520</VertexIdToRegister>
    <VertexIdToRegister>7521</VertexIdToRegister>
    <VertexIdToRegister>7522</VertexIdToRegister>
    <VertexIdToRegister>7523</VertexIdToRegister>
    <VertexIdToRegister>7524</VertexIdToRegister>
    <VertexIdToRegister>7525</VertexIdToRegister>
    <VertexIdToRegister>7526</VertexIdToRegister>
    <VertexIdToRegister>7527</VertexIdToRegister>
    <VertexIdToRegister>7530</VertexIdToRegister>
    <VertexIdToRegister>7547</VertexIdToRegister>
    <VertexIdToRegister>7548</VertexIdToRegister>
    <VertexIdToRegister>7549</VertexIdToRegister>
    <VertexIdToRegister>7550</VertexIdToRegister>
    <VertexIdToRegister>7551</VertexIdToRegister>
    <VertexIdToRegister>7552</VertexIdToRegister>
    <VertexIdToRegister>7553</VertexIdToRegister>
    <VertexIdToRegister>7554</VertexIdToRegister>
    <VertexIdToRegister>7555</VertexIdToRegister>
    <VertexIdToRegister>7556</VertexIdToRegister>
    <VertexIdToRegister>7557</VertexIdToRegister>
    <VertexIdToRegister>7558</VertexIdToRegister>
    <VertexIdToRegister>7559</VertexIdToRegister>
    <VertexIdToRegister>7560</VertexIdToRegister>
    <VertexIdToRegister>7561</VertexIdToRegister>
    <VertexIdToRegister>7562</VertexIdToRegister>
    <VertexIdToRegister>7580</VertexIdToRegister>
    <VertexIdToRegister>7581</VertexIdToRegister>
    <VertexIdToRegister>7582</VertexIdToRegister>
    <VertexIdToRegister>7583</VertexIdToRegister>
    <VertexIdToRegister>7584</VertexIdToRegister>
    <VertexIdToRegister>7585</VertexIdToRegister>
    <VertexIdToRegister>7586</VertexIdToRegister>
    <VertexIdToRegister>7587</VertexIdToRegister>
    <VertexIdToRegister>7588</VertexIdToRegister>
    <VertexIdToRegister>7589</VertexIdToRegister>
    <VertexIdToRegister>7590</VertexIdToRegister>
    <VertexIdToRegister>7591</VertexIdToRegister>
    <VertexIdToRegister>7592</VertexIdToRegister>
    <VertexIdToRegister>7593</VertexIdToRegister>
    <VertexIdToRegister>7594</VertexIdToRegister>
    <VertexIdToRegister>7595</VertexIdToRegister>
    <VertexIdToRegister>7613</VertexIdToRegister>
    <VertexIdToRegister>7614</VertexIdToRegister>
    <VertexIdToRegister>7615</VertexIdToRegister>
    <VertexIdToRegister>7616</VertexIdToRegister>
    <VertexIdToRegister>7617</VertexIdToRegister>
    <VertexIdToRegister>7618</VertexIdToRegister>
    <VertexIdToRegister>7619</VertexIdToRegister>
    <VertexIdToRegister>7620</VertexIdToRegister>
    <VertexIdToRegister>7621</VertexIdToRegister>
    <VertexIdToRegister>7622</VertexIdToRegister>
    <VertexIdToRegister>7623</VertexIdToRegister>
    <VertexIdToRegister>7624</VertexIdToRegister>
    <VertexIdToRegister>7625</VertexIdToRegister>
    <VertexIdToRegister>7626</VertexIdToRegister>
    <VertexIdToRegister>7627</VertexIdToRegister>
    <VertexIdToRegister>7628</VertexIdToRegister>
    <VertexIdToRegister>7646</VertexIdToRegister>
    <VertexIdToRegister>7647</VertexIdToRegister>
    <VertexIdToRegister>7648</VertexIdToRegister>
    <VertexIdToRegister>7649</VertexIdToRegister>
    <VertexIdToRegister>7650</VertexIdToRegister>
    <VertexIdToRegister>7651</VertexIdToRegister>
    <VertexIdToRegister>7652</VertexIdToRegister>
    <VertexIdToRegister>7653</VertexIdToRegister>
    <VertexIdToRegister>7654</VertexIdToRegister>
    <VertexIdToRegister>7655</VertexIdToRegister>
    <VertexIdToRegister>7656</VertexIdToRegister>
    <VertexIdToRegister>7657</VertexIdToRegister>
    <VertexIdToRegister>7658</VertexIdToRegister>
    <VertexIdToRegister>7659</VertexIdToRegister>
    <VertexIdToRegister>7660</VertexIdToRegister>
    <VertexIdToRegister>7661</VertexIdToRegister>
    <VertexIdToRegister>7679</VertexIdToRegister>
    <VertexIdToRegister>7680</VertexIdToRegister>
    <VertexIdToRegister>7681</VertexIdToRegister>
    <VertexIdToRegister>7682</VertexIdToRegister>
    <VertexIdToRegister>7683</VertexIdToRegister>
    <VertexIdToRegister>7684</VertexIdToRegister>
    <VertexIdToRegister>7685</VertexIdToRegister>
    <VertexIdToRegister>7686</VertexIdToRegister>
    <VertexIdToRegister>7687</VertexIdToRegister>
    <VertexIdToRegister>7688</VertexIdToRegister>
    <VertexIdToRegister>7689</VertexIdToRegister>
    <VertexIdToRegister>7690</VertexIdToRegister>
    <VertexIdToRegister>7691</VertexIdToRegister>
    <VertexIdToRegister>7692</VertexIdToRegister>
    <VertexIdToRegister>7693</VertexIdToRegister>
    <VertexIdToRegister>7694</VertexIdToRegister>
    <VertexIdToRegister>7713</VertexIdToRegister>
    <VertexIdToRegister>7714</VertexIdToRegister>
    <VertexIdToRegister>7715</VertexIdToRegister>
    <VertexIdToRegister>7716</VertexIdToRegister>
    <VertexIdToRegister>7717</VertexIdToRegister>
    <VertexIdToRegister>7718</VertexIdToRegister>
    <VertexIdToRegister>7719</VertexIdToRegister>
    <VertexIdToRegister>7720</VertexIdToRegister>
    <VertexIdToRegister>7721</VertexIdToRegister>
    <VertexIdToRegister>7722</VertexIdToRegister>
    <VertexIdToRegister>7723</VertexIdToRegister>
    <VertexIdToRegister>7724</VertexIdToRegister>
    <VertexIdToRegister>7725</VertexIdToRegister>
    <VertexIdToRegister>7726</VertexIdToRegister>
    <VertexIdToRegister>7727</VertexIdToRegister>
    <VertexIdToRegister>7751</VertexIdToRegister>
    <VertexIdToRegister>7752</VertexIdToRegister>
    <VertexIdToRegister>7753</VertexIdToRegister>
    <VertexIdToRegister>7754</VertexIdToRegister>
    <VertexIdToRegister>7755</VertexIdToRegister>
    <VertexIdToRegister>7756</VertexIdToRegister>
    <VertexIdToRegister>7757</VertexIdToRegister>
    <VertexIdToRegister>7758</VertexIdToRegister>
    <VertexIdToRegister>7759</VertexIdToRegister>
    <VertexIdToRegister>7760</VertexIdToRegister>
    <VertexIdToRegister>7843</VertexIdToRegister>
    <VertexIdToRegister>7844</VertexIdToRegister>
    <VertexIdToRegister>7845</VertexIdToRegister>
    <VertexIdToRegister>7846</VertexIdToRegister>
    <VertexIdToRegister>7847</VertexIdToRegister>
    <VertexIdToRegister>7848</VertexIdToRegister>
    <VertexIdToRegister>7849</VertexIdToRegister>
    <VertexIdToRegister>7850</VertexIdToRegister>
    <VertexIdToRegister>7851</VertexIdToRegister>
    <VertexIdToRegister>7852</VertexIdToRegister>
    <VertexIdToRegister>7853</VertexIdToRegister>
    <VertexIdToRegister>7854</VertexIdToRegister>
    <VertexIdToRegister>7855</VertexIdToRegister>
    <VertexIdToRegister>7856</VertexIdToRegister>
    <VertexIdToRegister>7857</VertexIdToRegister>
    <VertexIdToRegister>7858</VertexIdToRegister>
    <VertexIdToRegister>7859</VertexIdToRegister>
    <VertexIdToRegister>7877</VertexIdToRegister>
    <VertexIdToRegister>7878</VertexIdToRegister>
    <VertexIdToRegister>7879</VertexIdToRegister>
    <VertexIdToRegister>7880</VertexIdToRegister>
    <VertexIdToRegister>7881</VertexIdToRegister>
    <VertexIdToRegister>7882</VertexIdToRegister>
    <VertexIdToRegister>7883</VertexIdToRegister>
    <VertexIdToRegister>7884</VertexIdToRegister>
    <VertexIdToRegister>7885</VertexIdToRegister>
    <VertexIdToRegister>7886</VertexIdToRegister>
    <VertexIdToRegister>7887</VertexIdToRegister>
    <VertexIdToRegister>7888</VertexIdToRegister>
    <VertexIdToRegister>7889</VertexIdToRegister>
    <VertexIdToRegister>7890</VertexIdToRegister>
    <VertexIdToRegister>7891</VertexIdToRegister>
    <VertexIdToRegister>7892</VertexIdToRegister>
    <VertexIdToRegister>7910</VertexIdToRegister>
    <VertexIdToRegister>7911</VertexIdToRegister>
    <VertexIdToRegister>7912</VertexIdToRegister>
    <VertexIdToRegister>7913</VertexIdToRegister>
    <VertexIdToRegister>7914</VertexIdToRegister>
    <VertexIdToRegister>7915</VertexIdToRegister>
    <VertexIdToRegister>7916</VertexIdToRegister>
    <VertexIdToRegister>7917</VertexIdToRegister>
    <VertexIdToRegister>7918</VertexIdToRegister>
    <VertexIdToRegister>7919</VertexIdToRegister>
    <VertexIdToRegister>7920</VertexIdToRegister>
    <VertexIdToRegister>7921</VertexIdToRegister>
    <VertexIdToRegister>7922</VertexIdToRegister>
    <VertexIdToRegister>7923</VertexIdToRegister>
    <VertexIdToRegister>7924</VertexIdToRegister>
    <VertexIdToRegister>7925</VertexIdToRegister>
    <VertexIdToRegister>7944</VertexIdToRegister>
    <VertexIdToRegister>7945</VertexIdToRegister>
    <VertexIdToRegister>7946</VertexIdToRegister>
    <VertexIdToRegister>7947</VertexIdToRegister>
    <VertexIdToRegister>7948</VertexIdToRegister>
    <VertexIdToRegister>7949</VertexIdToRegister>
    <VertexIdToRegister>7950</VertexIdToRegister>
    <VertexIdToRegister>7951</VertexIdToRegister>
    <VertexIdToRegister>7952</VertexIdToRegister>
    <VertexIdToRegister>7953</VertexIdToRegister>
    <VertexIdToRegister>7954</VertexIdToRegister>
    <VertexIdToRegister>7955</VertexIdToRegister>
    <VertexIdToRegister>7956</VertexIdToRegister>
    <VertexIdToRegister>7957</VertexIdToRegister>
    <VertexIdToRegister>7958</VertexIdToRegister>
    <VertexIdToRegister>7982</VertexIdToRegister>
    <VertexIdToRegister>7983</VertexIdToRegister>
    <VertexIdToRegister>7984</VertexIdToRegister>
    <VertexIdToRegister>7985</VertexIdToRegister>
    <VertexIdToRegister>7986</VertexIdToRegister>
    <VertexIdToRegister>7987</VertexIdToRegister>
    <VertexIdToRegister>7988</VertexIdToRegister>
    <VertexIdToRegister>7989</VertexIdToRegister>
    <VertexIdToRegister>7990</VertexIdToRegister>
    <VertexIdToRegister>7991</VertexIdToRegister>
    <VertexIdToRegister>8060</VertexIdToRegister>
  </RegisterAssignments>
</Root>