<?xml version="1.0" encoding="utf-8" standalone="yes"?>
<Root>
  <processingTimeInMilliseconds>0.127</processingTimeInMilliseconds>
  <RegisterAssignments>
    <VertexIdToRegister>1</VertexIdToRegister>
    <VertexIdToRegister>8</VertexIdToRegister>
    <VertexIdToRegister>9</VertexIdToRegister>
    <VertexIdToRegister>10</VertexIdToRegister>
    <VertexIdToRegister>11</VertexIdToRegister>
    <VertexIdToRegister>12</VertexIdToRegister>
    <VertexIdToRegister>13</VertexIdToRegister>
    <VertexIdToRegister>14</VertexIdToRegister>
    <VertexIdToRegister>15</VertexIdToRegister>
    <VertexIdToRegister>16</VertexIdToRegister>
    <VertexIdToRegister>17</VertexIdToRegister>
    <VertexIdToRegister>18</VertexIdToRegister>
    <VertexIdToRegister>19</VertexIdToRegister>
    <VertexIdToRegister>20</VertexIdToRegister>
    <VertexIdToRegister>21</VertexIdToRegister>
    <VertexIdToRegister>22</VertexIdToRegister>
    <VertexIdToRegister>23</VertexIdToRegister>
    <VertexIdToRegister>24</VertexIdToRegister>
    <VertexIdToRegister>25</VertexIdToRegister>
    <VertexIdToRegister>26</VertexIdToRegister>
    <VertexIdToRegister>27</VertexIdToRegister>
    <VertexIdToRegister>28</VertexIdToRegister>
    <VertexIdToRegister>29</VertexIdToRegister>
    <VertexIdToRegister>30</VertexIdToRegister>
    <VertexIdToRegister>35</VertexIdToRegister>
    <VertexIdToRegister>37</VertexIdToRegister>
  </RegisterAssignments>
</Root>