<?xml version="1.0" encoding="utf-8" standalone="yes"?>
<Root>
  <processingTimeInMilliseconds>1.3808</processingTimeInMilliseconds>
  <RegisterAssignments>
    <VertexIdToRegister>2</VertexIdToRegister>
    <VertexIdToRegister>4</VertexIdToRegister>
    <VertexIdToRegister>15</VertexIdToRegister>
    <VertexIdToRegister>16</VertexIdToRegister>
    <VertexIdToRegister>20</VertexIdToRegister>
    <VertexIdToRegister>21</VertexIdToRegister>
    <VertexIdToRegister>22</VertexIdToRegister>
    <VertexIdToRegister>23</VertexIdToRegister>
    <VertexIdToRegister>24</VertexIdToRegister>
    <VertexIdToRegister>32</VertexIdToRegister>
    <VertexIdToRegister>39</VertexIdToRegister>
    <VertexIdToRegister>40</VertexIdToRegister>
    <VertexIdToRegister>47</VertexIdToRegister>
    <VertexIdToRegister>50</VertexIdToRegister>
    <VertexIdToRegister>51</VertexIdToRegister>
    <VertexIdToRegister>52</VertexIdToRegister>
    <VertexIdToRegister>53</VertexIdToRegister>
    <VertexIdToRegister>54</VertexIdToRegister>
    <VertexIdToRegister>55</VertexIdToRegister>
    <VertexIdToRegister>63</VertexIdToRegister>
    <VertexIdToRegister>66</VertexIdToRegister>
    <VertexIdToRegister>67</VertexIdToRegister>
    <VertexIdToRegister>68</VertexIdToRegister>
    <VertexIdToRegister>69</VertexIdToRegister>
    <VertexIdToRegister>70</VertexIdToRegister>
    <VertexIdToRegister>74</VertexIdToRegister>
    <VertexIdToRegister>75</VertexIdToRegister>
    <VertexIdToRegister>76</VertexIdToRegister>
    <VertexIdToRegister>77</VertexIdToRegister>
    <VertexIdToRegister>78</VertexIdToRegister>
    <VertexIdToRegister>79</VertexIdToRegister>
    <VertexIdToRegister>80</VertexIdToRegister>
    <VertexIdToRegister>81</VertexIdToRegister>
    <VertexIdToRegister>85</VertexIdToRegister>
    <VertexIdToRegister>86</VertexIdToRegister>
    <VertexIdToRegister>87</VertexIdToRegister>
    <VertexIdToRegister>88</VertexIdToRegister>
    <VertexIdToRegister>89</VertexIdToRegister>
    <VertexIdToRegister>97</VertexIdToRegister>
    <VertexIdToRegister>98</VertexIdToRegister>
    <VertexIdToRegister>105</VertexIdToRegister>
    <VertexIdToRegister>128</VertexIdToRegister>
    <VertexIdToRegister>134</VertexIdToRegister>
    <VertexIdToRegister>139</VertexIdToRegister>
    <VertexIdToRegister>140</VertexIdToRegister>
    <VertexIdToRegister>141</VertexIdToRegister>
    <VertexIdToRegister>142</VertexIdToRegister>
    <VertexIdToRegister>143</VertexIdToRegister>
    <VertexIdToRegister>144</VertexIdToRegister>
    <VertexIdToRegister>153</VertexIdToRegister>
    <VertexIdToRegister>158</VertexIdToRegister>
    <VertexIdToRegister>164</VertexIdToRegister>
    <VertexIdToRegister>169</VertexIdToRegister>
    <VertexIdToRegister>170</VertexIdToRegister>
    <VertexIdToRegister>171</VertexIdToRegister>
    <VertexIdToRegister>172</VertexIdToRegister>
    <VertexIdToRegister>173</VertexIdToRegister>
    <VertexIdToRegister>174</VertexIdToRegister>
    <VertexIdToRegister>175</VertexIdToRegister>
    <VertexIdToRegister>176</VertexIdToRegister>
    <VertexIdToRegister>177</VertexIdToRegister>
    <VertexIdToRegister>178</VertexIdToRegister>
    <VertexIdToRegister>179</VertexIdToRegister>
    <VertexIdToRegister>180</VertexIdToRegister>
    <VertexIdToRegister>181</VertexIdToRegister>
    <VertexIdToRegister>190</VertexIdToRegister>
    <VertexIdToRegister>191</VertexIdToRegister>
    <VertexIdToRegister>193</VertexIdToRegister>
    <VertexIdToRegister>196</VertexIdToRegister>
    <VertexIdToRegister>202</VertexIdToRegister>
    <VertexIdToRegister>207</VertexIdToRegister>
    <VertexIdToRegister>208</VertexIdToRegister>
    <VertexIdToRegister>209</VertexIdToRegister>
    <VertexIdToRegister>210</VertexIdToRegister>
    <VertexIdToRegister>211</VertexIdToRegister>
    <VertexIdToRegister>212</VertexIdToRegister>
    <VertexIdToRegister>216</VertexIdToRegister>
    <VertexIdToRegister>217</VertexIdToRegister>
    <VertexIdToRegister>218</VertexIdToRegister>
    <VertexIdToRegister>219</VertexIdToRegister>
    <VertexIdToRegister>220</VertexIdToRegister>
    <VertexIdToRegister>229</VertexIdToRegister>
    <VertexIdToRegister>234</VertexIdToRegister>
    <VertexIdToRegister>240</VertexIdToRegister>
    <VertexIdToRegister>245</VertexIdToRegister>
    <VertexIdToRegister>246</VertexIdToRegister>
    <VertexIdToRegister>247</VertexIdToRegister>
    <VertexIdToRegister>248</VertexIdToRegister>
    <VertexIdToRegister>249</VertexIdToRegister>
    <VertexIdToRegister>250</VertexIdToRegister>
    <VertexIdToRegister>251</VertexIdToRegister>
    <VertexIdToRegister>252</VertexIdToRegister>
    <VertexIdToRegister>253</VertexIdToRegister>
    <VertexIdToRegister>254</VertexIdToRegister>
    <VertexIdToRegister>255</VertexIdToRegister>
    <VertexIdToRegister>256</VertexIdToRegister>
    <VertexIdToRegister>257</VertexIdToRegister>
    <VertexIdToRegister>261</VertexIdToRegister>
    <VertexIdToRegister>262</VertexIdToRegister>
    <VertexIdToRegister>263</VertexIdToRegister>
    <VertexIdToRegister>264</VertexIdToRegister>
    <VertexIdToRegister>265</VertexIdToRegister>
    <VertexIdToRegister>266</VertexIdToRegister>
    <VertexIdToRegister>267</VertexIdToRegister>
    <VertexIdToRegister>268</VertexIdToRegister>
    <VertexIdToRegister>269</VertexIdToRegister>
    <VertexIdToRegister>270</VertexIdToRegister>
    <VertexIdToRegister>271</VertexIdToRegister>
    <VertexIdToRegister>272</VertexIdToRegister>
    <VertexIdToRegister>273</VertexIdToRegister>
    <VertexIdToRegister>274</VertexIdToRegister>
    <VertexIdToRegister>275</VertexIdToRegister>
    <VertexIdToRegister>282</VertexIdToRegister>
    <VertexIdToRegister>283</VertexIdToRegister>
    <VertexIdToRegister>285</VertexIdToRegister>
    <VertexIdToRegister>299</VertexIdToRegister>
    <VertexIdToRegister>306</VertexIdToRegister>
    <VertexIdToRegister>313</VertexIdToRegister>
    <VertexIdToRegister>320</VertexIdToRegister>
    <VertexIdToRegister>327</VertexIdToRegister>
    <VertexIdToRegister>334</VertexIdToRegister>
    <VertexIdToRegister>352</VertexIdToRegister>
    <VertexIdToRegister>354</VertexIdToRegister>
    <VertexIdToRegister>356</VertexIdToRegister>
    <VertexIdToRegister>358</VertexIdToRegister>
    <VertexIdToRegister>360</VertexIdToRegister>
    <VertexIdToRegister>362</VertexIdToRegister>
  </RegisterAssignments>
</Root>