<?xml version="1.0" encoding="utf-8" standalone="yes"?>
<Root>
  <processingTimeInMilliseconds>0.9142</processingTimeInMilliseconds>
  <RegisterAssignments>
    <VertexIdToRegister>736</VertexIdToRegister>
    <VertexIdToRegister>738</VertexIdToRegister>
    <VertexIdToRegister>740</VertexIdToRegister>
    <VertexIdToRegister>742</VertexIdToRegister>
    <VertexIdToRegister>744</VertexIdToRegister>
    <VertexIdToRegister>746</VertexIdToRegister>
    <VertexIdToRegister>748</VertexIdToRegister>
    <VertexIdToRegister>750</VertexIdToRegister>
    <VertexIdToRegister>752</VertexIdToRegister>
    <VertexIdToRegister>754</VertexIdToRegister>
    <VertexIdToRegister>756</VertexIdToRegister>
    <VertexIdToRegister>758</VertexIdToRegister>
    <VertexIdToRegister>760</VertexIdToRegister>
    <VertexIdToRegister>762</VertexIdToRegister>
    <VertexIdToRegister>764</VertexIdToRegister>
    <VertexIdToRegister>766</VertexIdToRegister>
    <VertexIdToRegister>768</VertexIdToRegister>
    <VertexIdToRegister>770</VertexIdToRegister>
    <VertexIdToRegister>772</VertexIdToRegister>
    <VertexIdToRegister>774</VertexIdToRegister>
    <VertexIdToRegister>776</VertexIdToRegister>
    <VertexIdToRegister>778</VertexIdToRegister>
    <VertexIdToRegister>780</VertexIdToRegister>
    <VertexIdToRegister>782</VertexIdToRegister>
    <VertexIdToRegister>784</VertexIdToRegister>
    <VertexIdToRegister>786</VertexIdToRegister>
    <VertexIdToRegister>788</VertexIdToRegister>
    <VertexIdToRegister>790</VertexIdToRegister>
    <VertexIdToRegister>792</VertexIdToRegister>
    <VertexIdToRegister>794</VertexIdToRegister>
    <VertexIdToRegister>796</VertexIdToRegister>
    <VertexIdToRegister>798</VertexIdToRegister>
    <VertexIdToRegister>800</VertexIdToRegister>
    <VertexIdToRegister>802</VertexIdToRegister>
    <VertexIdToRegister>804</VertexIdToRegister>
    <VertexIdToRegister>806</VertexIdToRegister>
    <VertexIdToRegister>808</VertexIdToRegister>
    <VertexIdToRegister>810</VertexIdToRegister>
    <VertexIdToRegister>812</VertexIdToRegister>
    <VertexIdToRegister>814</VertexIdToRegister>
    <VertexIdToRegister>816</VertexIdToRegister>
    <VertexIdToRegister>818</VertexIdToRegister>
    <VertexIdToRegister>820</VertexIdToRegister>
    <VertexIdToRegister>822</VertexIdToRegister>
    <VertexIdToRegister>824</VertexIdToRegister>
    <VertexIdToRegister>826</VertexIdToRegister>
    <VertexIdToRegister>828</VertexIdToRegister>
    <VertexIdToRegister>830</VertexIdToRegister>
    <VertexIdToRegister>832</VertexIdToRegister>
    <VertexIdToRegister>834</VertexIdToRegister>
    <VertexIdToRegister>836</VertexIdToRegister>
    <VertexIdToRegister>838</VertexIdToRegister>
    <VertexIdToRegister>840</VertexIdToRegister>
    <VertexIdToRegister>842</VertexIdToRegister>
    <VertexIdToRegister>844</VertexIdToRegister>
    <VertexIdToRegister>846</VertexIdToRegister>
    <VertexIdToRegister>848</VertexIdToRegister>
    <VertexIdToRegister>850</VertexIdToRegister>
    <VertexIdToRegister>852</VertexIdToRegister>
    <VertexIdToRegister>854</VertexIdToRegister>
    <VertexIdToRegister>856</VertexIdToRegister>
    <VertexIdToRegister>858</VertexIdToRegister>
    <VertexIdToRegister>860</VertexIdToRegister>
    <VertexIdToRegister>862</VertexIdToRegister>
    <VertexIdToRegister>864</VertexIdToRegister>
    <VertexIdToRegister>866</VertexIdToRegister>
    <VertexIdToRegister>868</VertexIdToRegister>
    <VertexIdToRegister>870</VertexIdToRegister>
    <VertexIdToRegister>872</VertexIdToRegister>
    <VertexIdToRegister>874</VertexIdToRegister>
    <VertexIdToRegister>876</VertexIdToRegister>
    <VertexIdToRegister>878</VertexIdToRegister>
    <VertexIdToRegister>880</VertexIdToRegister>
    <VertexIdToRegister>882</VertexIdToRegister>
    <VertexIdToRegister>884</VertexIdToRegister>
    <VertexIdToRegister>886</VertexIdToRegister>
    <VertexIdToRegister>888</VertexIdToRegister>
    <VertexIdToRegister>890</VertexIdToRegister>
    <VertexIdToRegister>892</VertexIdToRegister>
    <VertexIdToRegister>894</VertexIdToRegister>
    <VertexIdToRegister>896</VertexIdToRegister>
    <VertexIdToRegister>898</VertexIdToRegister>
    <VertexIdToRegister>900</VertexIdToRegister>
    <VertexIdToRegister>902</VertexIdToRegister>
    <VertexIdToRegister>904</VertexIdToRegister>
    <VertexIdToRegister>906</VertexIdToRegister>
    <VertexIdToRegister>908</VertexIdToRegister>
    <VertexIdToRegister>910</VertexIdToRegister>
    <VertexIdToRegister>912</VertexIdToRegister>
    <VertexIdToRegister>914</VertexIdToRegister>
    <VertexIdToRegister>916</VertexIdToRegister>
    <VertexIdToRegister>918</VertexIdToRegister>
    <VertexIdToRegister>920</VertexIdToRegister>
    <VertexIdToRegister>922</VertexIdToRegister>
    <VertexIdToRegister>924</VertexIdToRegister>
    <VertexIdToRegister>926</VertexIdToRegister>
    <VertexIdToRegister>928</VertexIdToRegister>
    <VertexIdToRegister>930</VertexIdToRegister>
    <VertexIdToRegister>932</VertexIdToRegister>
    <VertexIdToRegister>934</VertexIdToRegister>
    <VertexIdToRegister>936</VertexIdToRegister>
    <VertexIdToRegister>938</VertexIdToRegister>
    <VertexIdToRegister>940</VertexIdToRegister>
    <VertexIdToRegister>942</VertexIdToRegister>
    <VertexIdToRegister>944</VertexIdToRegister>
    <VertexIdToRegister>946</VertexIdToRegister>
    <VertexIdToRegister>948</VertexIdToRegister>
    <VertexIdToRegister>950</VertexIdToRegister>
    <VertexIdToRegister>952</VertexIdToRegister>
    <VertexIdToRegister>954</VertexIdToRegister>
    <VertexIdToRegister>956</VertexIdToRegister>
    <VertexIdToRegister>958</VertexIdToRegister>
    <VertexIdToRegister>960</VertexIdToRegister>
    <VertexIdToRegister>962</VertexIdToRegister>
    <VertexIdToRegister>964</VertexIdToRegister>
    <VertexIdToRegister>966</VertexIdToRegister>
    <VertexIdToRegister>972</VertexIdToRegister>
    <VertexIdToRegister>974</VertexIdToRegister>
    <VertexIdToRegister>976</VertexIdToRegister>
    <VertexIdToRegister>978</VertexIdToRegister>
    <VertexIdToRegister>980</VertexIdToRegister>
    <VertexIdToRegister>986</VertexIdToRegister>
    <VertexIdToRegister>988</VertexIdToRegister>
    <VertexIdToRegister>990</VertexIdToRegister>
    <VertexIdToRegister>992</VertexIdToRegister>
    <VertexIdToRegister>996</VertexIdToRegister>
    <VertexIdToRegister>998</VertexIdToRegister>
    <VertexIdToRegister>1000</VertexIdToRegister>
    <VertexIdToRegister>1002</VertexIdToRegister>
    <VertexIdToRegister>1006</VertexIdToRegister>
    <VertexIdToRegister>1008</VertexIdToRegister>
    <VertexIdToRegister>1010</VertexIdToRegister>
    <VertexIdToRegister>1014</VertexIdToRegister>
    <VertexIdToRegister>1016</VertexIdToRegister>
    <VertexIdToRegister>1020</VertexIdToRegister>
    <VertexIdToRegister>1022</VertexIdToRegister>
    <VertexIdToRegister>1361</VertexIdToRegister>
    <VertexIdToRegister>1364</VertexIdToRegister>
    <VertexIdToRegister>1367</VertexIdToRegister>
    <VertexIdToRegister>1370</VertexIdToRegister>
    <VertexIdToRegister>1373</VertexIdToRegister>
    <VertexIdToRegister>1376</VertexIdToRegister>
    <VertexIdToRegister>1379</VertexIdToRegister>
    <VertexIdToRegister>1382</VertexIdToRegister>
    <VertexIdToRegister>1385</VertexIdToRegister>
    <VertexIdToRegister>1388</VertexIdToRegister>
    <VertexIdToRegister>1391</VertexIdToRegister>
    <VertexIdToRegister>1394</VertexIdToRegister>
    <VertexIdToRegister>1397</VertexIdToRegister>
    <VertexIdToRegister>1400</VertexIdToRegister>
    <VertexIdToRegister>1403</VertexIdToRegister>
    <VertexIdToRegister>1406</VertexIdToRegister>
    <VertexIdToRegister>1408</VertexIdToRegister>
    <VertexIdToRegister>1409</VertexIdToRegister>
    <VertexIdToRegister>1410</VertexIdToRegister>
    <VertexIdToRegister>1411</VertexIdToRegister>
    <VertexIdToRegister>1412</VertexIdToRegister>
    <VertexIdToRegister>1413</VertexIdToRegister>
    <VertexIdToRegister>1414</VertexIdToRegister>
    <VertexIdToRegister>1415</VertexIdToRegister>
    <VertexIdToRegister>1416</VertexIdToRegister>
    <VertexIdToRegister>1417</VertexIdToRegister>
    <VertexIdToRegister>1418</VertexIdToRegister>
    <VertexIdToRegister>1419</VertexIdToRegister>
    <VertexIdToRegister>1420</VertexIdToRegister>
    <VertexIdToRegister>1421</VertexIdToRegister>
    <VertexIdToRegister>1422</VertexIdToRegister>
    <VertexIdToRegister>1423</VertexIdToRegister>
  </RegisterAssignments>
</Root>