<?xml version="1.0" encoding="utf-8" standalone="yes"?>
<Root>
  <processingTimeInMilliseconds>0.0</processingTimeInMilliseconds>
  <RegisterAssignments>
    <VertexIdToRegister>234</VertexIdToRegister>
    <VertexIdToRegister>94</VertexIdToRegister>
    <VertexIdToRegister>144</VertexIdToRegister>
    <VertexIdToRegister>30</VertexIdToRegister>
    <VertexIdToRegister>158</VertexIdToRegister>
    <VertexIdToRegister>258</VertexIdToRegister>
    <VertexIdToRegister>208</VertexIdToRegister>
    <VertexIdToRegister>80</VertexIdToRegister>
  </RegisterAssignments>
</Root>
