<?xml version="1.0" encoding="utf-8" standalone="yes"?>
<Root>
  <processingTimeInMilliseconds>0.2595</processingTimeInMilliseconds>
  <RegisterAssignments>
    <VertexIdToRegister>44</VertexIdToRegister>
    <VertexIdToRegister>47</VertexIdToRegister>
    <VertexIdToRegister>53</VertexIdToRegister>
    <VertexIdToRegister>57</VertexIdToRegister>
    <VertexIdToRegister>87</VertexIdToRegister>
    <VertexIdToRegister>91</VertexIdToRegister>
    <VertexIdToRegister>95</VertexIdToRegister>
    <VertexIdToRegister>101</VertexIdToRegister>
    <VertexIdToRegister>104</VertexIdToRegister>
    <VertexIdToRegister>107</VertexIdToRegister>
    <VertexIdToRegister>119</VertexIdToRegister>
    <VertexIdToRegister>129</VertexIdToRegister>
    <VertexIdToRegister>141</VertexIdToRegister>
    <VertexIdToRegister>148</VertexIdToRegister>
    <VertexIdToRegister>154</VertexIdToRegister>
    <VertexIdToRegister>155</VertexIdToRegister>
    <VertexIdToRegister>157</VertexIdToRegister>
    <VertexIdToRegister>158</VertexIdToRegister>
    <VertexIdToRegister>160</VertexIdToRegister>
    <VertexIdToRegister>163</VertexIdToRegister>
    <VertexIdToRegister>166</VertexIdToRegister>
    <VertexIdToRegister>168</VertexIdToRegister>
    <VertexIdToRegister>169</VertexIdToRegister>
    <VertexIdToRegister>171</VertexIdToRegister>
    <VertexIdToRegister>172</VertexIdToRegister>
    <VertexIdToRegister>175</VertexIdToRegister>
    <VertexIdToRegister>179</VertexIdToRegister>
    <VertexIdToRegister>183</VertexIdToRegister>
    <VertexIdToRegister>207</VertexIdToRegister>
    <VertexIdToRegister>217</VertexIdToRegister>
    <VertexIdToRegister>220</VertexIdToRegister>
    <VertexIdToRegister>223</VertexIdToRegister>
    <VertexIdToRegister>226</VertexIdToRegister>
    <VertexIdToRegister>229</VertexIdToRegister>
    <VertexIdToRegister>236</VertexIdToRegister>
    <VertexIdToRegister>242</VertexIdToRegister>
    <VertexIdToRegister>243</VertexIdToRegister>
    <VertexIdToRegister>245</VertexIdToRegister>
    <VertexIdToRegister>246</VertexIdToRegister>
    <VertexIdToRegister>256</VertexIdToRegister>
    <VertexIdToRegister>257</VertexIdToRegister>
    <VertexIdToRegister>259</VertexIdToRegister>
    <VertexIdToRegister>260</VertexIdToRegister>
    <VertexIdToRegister>263</VertexIdToRegister>
    <VertexIdToRegister>267</VertexIdToRegister>
    <VertexIdToRegister>271</VertexIdToRegister>
    <VertexIdToRegister>277</VertexIdToRegister>
    <VertexIdToRegister>295</VertexIdToRegister>
    <VertexIdToRegister>299</VertexIdToRegister>
    <VertexIdToRegister>308</VertexIdToRegister>
    <VertexIdToRegister>309</VertexIdToRegister>
    <VertexIdToRegister>311</VertexIdToRegister>
    <VertexIdToRegister>312</VertexIdToRegister>
    <VertexIdToRegister>314</VertexIdToRegister>
    <VertexIdToRegister>315</VertexIdToRegister>
    <VertexIdToRegister>317</VertexIdToRegister>
    <VertexIdToRegister>318</VertexIdToRegister>
    <VertexIdToRegister>321</VertexIdToRegister>
    <VertexIdToRegister>325</VertexIdToRegister>
    <VertexIdToRegister>338</VertexIdToRegister>
    <VertexIdToRegister>341</VertexIdToRegister>
    <VertexIdToRegister>345</VertexIdToRegister>
    <VertexIdToRegister>348</VertexIdToRegister>
  </RegisterAssignments>
</Root>