<?xml version="1.0" encoding="utf-8" standalone="yes"?>
<Root>
  <processingTimeInMilliseconds>3.5918</processingTimeInMilliseconds>
  <RegisterAssignments>
    <VertexIdToRegister>3</VertexIdToRegister>
    <VertexIdToRegister>5</VertexIdToRegister>
    <VertexIdToRegister>83</VertexIdToRegister>
    <VertexIdToRegister>87</VertexIdToRegister>
    <VertexIdToRegister>92</VertexIdToRegister>
    <VertexIdToRegister>93</VertexIdToRegister>
    <VertexIdToRegister>94</VertexIdToRegister>
    <VertexIdToRegister>158</VertexIdToRegister>
    <VertexIdToRegister>159</VertexIdToRegister>
    <VertexIdToRegister>160</VertexIdToRegister>
    <VertexIdToRegister>230</VertexIdToRegister>
    <VertexIdToRegister>233</VertexIdToRegister>
    <VertexIdToRegister>235</VertexIdToRegister>
    <VertexIdToRegister>236</VertexIdToRegister>
    <VertexIdToRegister>237</VertexIdToRegister>
    <VertexIdToRegister>239</VertexIdToRegister>
    <VertexIdToRegister>240</VertexIdToRegister>
    <VertexIdToRegister>241</VertexIdToRegister>
    <VertexIdToRegister>306</VertexIdToRegister>
    <VertexIdToRegister>309</VertexIdToRegister>
    <VertexIdToRegister>311</VertexIdToRegister>
    <VertexIdToRegister>312</VertexIdToRegister>
    <VertexIdToRegister>313</VertexIdToRegister>
    <VertexIdToRegister>315</VertexIdToRegister>
    <VertexIdToRegister>316</VertexIdToRegister>
    <VertexIdToRegister>317</VertexIdToRegister>
    <VertexIdToRegister>373</VertexIdToRegister>
    <VertexIdToRegister>376</VertexIdToRegister>
    <VertexIdToRegister>378</VertexIdToRegister>
    <VertexIdToRegister>379</VertexIdToRegister>
    <VertexIdToRegister>380</VertexIdToRegister>
    <VertexIdToRegister>393</VertexIdToRegister>
    <VertexIdToRegister>394</VertexIdToRegister>
    <VertexIdToRegister>395</VertexIdToRegister>
    <VertexIdToRegister>400</VertexIdToRegister>
  </RegisterAssignments>
</Root>