<?xml version="1.0" encoding="utf-8" standalone="yes"?>
<Root>
  <processingTimeInMilliseconds>0.1961</processingTimeInMilliseconds>
  <RegisterAssignments>
    <VertexIdToRegister>20</VertexIdToRegister>
    <VertexIdToRegister>24</VertexIdToRegister>
    <VertexIdToRegister>34</VertexIdToRegister>
    <VertexIdToRegister>40</VertexIdToRegister>
    <VertexIdToRegister>49</VertexIdToRegister>
    <VertexIdToRegister>56</VertexIdToRegister>
    <VertexIdToRegister>59</VertexIdToRegister>
    <VertexIdToRegister>64</VertexIdToRegister>
    <VertexIdToRegister>68</VertexIdToRegister>
    <VertexIdToRegister>71</VertexIdToRegister>
    <VertexIdToRegister>72</VertexIdToRegister>
    <VertexIdToRegister>74</VertexIdToRegister>
    <VertexIdToRegister>77</VertexIdToRegister>
    <VertexIdToRegister>80</VertexIdToRegister>
    <VertexIdToRegister>87</VertexIdToRegister>
    <VertexIdToRegister>90</VertexIdToRegister>
    <VertexIdToRegister>93</VertexIdToRegister>
    <VertexIdToRegister>97</VertexIdToRegister>
    <VertexIdToRegister>106</VertexIdToRegister>
    <VertexIdToRegister>116</VertexIdToRegister>
    <VertexIdToRegister>120</VertexIdToRegister>
    <VertexIdToRegister>123</VertexIdToRegister>
    <VertexIdToRegister>126</VertexIdToRegister>
    <VertexIdToRegister>129</VertexIdToRegister>
    <VertexIdToRegister>132</VertexIdToRegister>
    <VertexIdToRegister>139</VertexIdToRegister>
    <VertexIdToRegister>142</VertexIdToRegister>
    <VertexIdToRegister>145</VertexIdToRegister>
    <VertexIdToRegister>149</VertexIdToRegister>
    <VertexIdToRegister>158</VertexIdToRegister>
    <VertexIdToRegister>168</VertexIdToRegister>
    <VertexIdToRegister>172</VertexIdToRegister>
    <VertexIdToRegister>175</VertexIdToRegister>
    <VertexIdToRegister>178</VertexIdToRegister>
    <VertexIdToRegister>181</VertexIdToRegister>
    <VertexIdToRegister>184</VertexIdToRegister>
    <VertexIdToRegister>191</VertexIdToRegister>
    <VertexIdToRegister>194</VertexIdToRegister>
    <VertexIdToRegister>197</VertexIdToRegister>
    <VertexIdToRegister>201</VertexIdToRegister>
    <VertexIdToRegister>210</VertexIdToRegister>
    <VertexIdToRegister>220</VertexIdToRegister>
    <VertexIdToRegister>224</VertexIdToRegister>
    <VertexIdToRegister>227</VertexIdToRegister>
    <VertexIdToRegister>230</VertexIdToRegister>
    <VertexIdToRegister>233</VertexIdToRegister>
    <VertexIdToRegister>236</VertexIdToRegister>
    <VertexIdToRegister>243</VertexIdToRegister>
    <VertexIdToRegister>246</VertexIdToRegister>
    <VertexIdToRegister>249</VertexIdToRegister>
    <VertexIdToRegister>253</VertexIdToRegister>
    <VertexIdToRegister>262</VertexIdToRegister>
  </RegisterAssignments>
</Root>