<?xml version="1.0" encoding="utf-8" standalone="yes"?>
<Root>
  <processingTimeInMilliseconds>49.4745</processingTimeInMilliseconds>
  <RegisterAssignments>
    <VertexIdToRegister>29</VertexIdToRegister>
    <VertexIdToRegister>31</VertexIdToRegister>
    <VertexIdToRegister>80</VertexIdToRegister>
    <VertexIdToRegister>85</VertexIdToRegister>
    <VertexIdToRegister>744</VertexIdToRegister>
    <VertexIdToRegister>745</VertexIdToRegister>
    <VertexIdToRegister>746</VertexIdToRegister>
    <VertexIdToRegister>747</VertexIdToRegister>
    <VertexIdToRegister>748</VertexIdToRegister>
    <VertexIdToRegister>749</VertexIdToRegister>
    <VertexIdToRegister>750</VertexIdToRegister>
    <VertexIdToRegister>751</VertexIdToRegister>
    <VertexIdToRegister>752</VertexIdToRegister>
    <VertexIdToRegister>753</VertexIdToRegister>
    <VertexIdToRegister>754</VertexIdToRegister>
    <VertexIdToRegister>755</VertexIdToRegister>
    <VertexIdToRegister>756</VertexIdToRegister>
    <VertexIdToRegister>757</VertexIdToRegister>
    <VertexIdToRegister>758</VertexIdToRegister>
    <VertexIdToRegister>759</VertexIdToRegister>
    <VertexIdToRegister>760</VertexIdToRegister>
    <VertexIdToRegister>761</VertexIdToRegister>
    <VertexIdToRegister>762</VertexIdToRegister>
    <VertexIdToRegister>763</VertexIdToRegister>
    <VertexIdToRegister>764</VertexIdToRegister>
    <VertexIdToRegister>765</VertexIdToRegister>
    <VertexIdToRegister>766</VertexIdToRegister>
    <VertexIdToRegister>767</VertexIdToRegister>
    <VertexIdToRegister>768</VertexIdToRegister>
    <VertexIdToRegister>769</VertexIdToRegister>
    <VertexIdToRegister>770</VertexIdToRegister>
    <VertexIdToRegister>771</VertexIdToRegister>
    <VertexIdToRegister>772</VertexIdToRegister>
    <VertexIdToRegister>773</VertexIdToRegister>
    <VertexIdToRegister>774</VertexIdToRegister>
    <VertexIdToRegister>775</VertexIdToRegister>
    <VertexIdToRegister>1116</VertexIdToRegister>
    <VertexIdToRegister>1264</VertexIdToRegister>
    <VertexIdToRegister>1265</VertexIdToRegister>
    <VertexIdToRegister>1266</VertexIdToRegister>
    <VertexIdToRegister>1267</VertexIdToRegister>
    <VertexIdToRegister>1268</VertexIdToRegister>
    <VertexIdToRegister>1269</VertexIdToRegister>
    <VertexIdToRegister>1270</VertexIdToRegister>
    <VertexIdToRegister>1271</VertexIdToRegister>
    <VertexIdToRegister>1272</VertexIdToRegister>
    <VertexIdToRegister>1273</VertexIdToRegister>
    <VertexIdToRegister>1274</VertexIdToRegister>
    <VertexIdToRegister>1275</VertexIdToRegister>
    <VertexIdToRegister>1276</VertexIdToRegister>
    <VertexIdToRegister>1277</VertexIdToRegister>
    <VertexIdToRegister>1278</VertexIdToRegister>
    <VertexIdToRegister>1279</VertexIdToRegister>
    <VertexIdToRegister>1280</VertexIdToRegister>
    <VertexIdToRegister>1281</VertexIdToRegister>
    <VertexIdToRegister>1282</VertexIdToRegister>
    <VertexIdToRegister>1283</VertexIdToRegister>
    <VertexIdToRegister>1284</VertexIdToRegister>
    <VertexIdToRegister>1285</VertexIdToRegister>
    <VertexIdToRegister>1286</VertexIdToRegister>
    <VertexIdToRegister>1287</VertexIdToRegister>
    <VertexIdToRegister>1288</VertexIdToRegister>
    <VertexIdToRegister>1289</VertexIdToRegister>
    <VertexIdToRegister>1290</VertexIdToRegister>
    <VertexIdToRegister>1291</VertexIdToRegister>
    <VertexIdToRegister>1292</VertexIdToRegister>
    <VertexIdToRegister>1293</VertexIdToRegister>
    <VertexIdToRegister>1294</VertexIdToRegister>
    <VertexIdToRegister>1295</VertexIdToRegister>
    <VertexIdToRegister>1394</VertexIdToRegister>
    <VertexIdToRegister>1398</VertexIdToRegister>
    <VertexIdToRegister>1402</VertexIdToRegister>
    <VertexIdToRegister>1406</VertexIdToRegister>
    <VertexIdToRegister>1410</VertexIdToRegister>
    <VertexIdToRegister>1637</VertexIdToRegister>
    <VertexIdToRegister>1640</VertexIdToRegister>
    <VertexIdToRegister>1643</VertexIdToRegister>
    <VertexIdToRegister>1646</VertexIdToRegister>
    <VertexIdToRegister>1883</VertexIdToRegister>
    <VertexIdToRegister>1887</VertexIdToRegister>
    <VertexIdToRegister>1891</VertexIdToRegister>
    <VertexIdToRegister>1895</VertexIdToRegister>
    <VertexIdToRegister>2078</VertexIdToRegister>
    <VertexIdToRegister>2081</VertexIdToRegister>
    <VertexIdToRegister>2084</VertexIdToRegister>
    <VertexIdToRegister>2087</VertexIdToRegister>
    <VertexIdToRegister>2161</VertexIdToRegister>
    <VertexIdToRegister>2165</VertexIdToRegister>
    <VertexIdToRegister>2169</VertexIdToRegister>
    <VertexIdToRegister>2173</VertexIdToRegister>
    <VertexIdToRegister>2177</VertexIdToRegister>
    <VertexIdToRegister>2181</VertexIdToRegister>
    <VertexIdToRegister>2185</VertexIdToRegister>
    <VertexIdToRegister>2189</VertexIdToRegister>
    <VertexIdToRegister>2193</VertexIdToRegister>
    <VertexIdToRegister>2197</VertexIdToRegister>
    <VertexIdToRegister>2201</VertexIdToRegister>
    <VertexIdToRegister>2205</VertexIdToRegister>
    <VertexIdToRegister>2209</VertexIdToRegister>
    <VertexIdToRegister>2213</VertexIdToRegister>
    <VertexIdToRegister>2217</VertexIdToRegister>
    <VertexIdToRegister>2221</VertexIdToRegister>
    <VertexIdToRegister>2302</VertexIdToRegister>
    <VertexIdToRegister>2333</VertexIdToRegister>
    <VertexIdToRegister>2341</VertexIdToRegister>
    <VertexIdToRegister>2349</VertexIdToRegister>
    <VertexIdToRegister>2357</VertexIdToRegister>
    <VertexIdToRegister>2370</VertexIdToRegister>
    <VertexIdToRegister>2378</VertexIdToRegister>
    <VertexIdToRegister>2386</VertexIdToRegister>
    <VertexIdToRegister>2394</VertexIdToRegister>
    <VertexIdToRegister>2397</VertexIdToRegister>
    <VertexIdToRegister>2398</VertexIdToRegister>
    <VertexIdToRegister>2400</VertexIdToRegister>
    <VertexIdToRegister>2402</VertexIdToRegister>
    <VertexIdToRegister>2404</VertexIdToRegister>
    <VertexIdToRegister>2406</VertexIdToRegister>
    <VertexIdToRegister>2408</VertexIdToRegister>
    <VertexIdToRegister>2441</VertexIdToRegister>
    <VertexIdToRegister>2478</VertexIdToRegister>
  </RegisterAssignments>
</Root>