<?xml version="1.0" encoding="utf-8" standalone="yes"?>
<Root>
  <processingTimeInMilliseconds>0.3262</processingTimeInMilliseconds>
  <RegisterAssignments>
    <VertexIdToRegister>1</VertexIdToRegister>
    <VertexIdToRegister>52</VertexIdToRegister>
    <VertexIdToRegister>54</VertexIdToRegister>
    <VertexIdToRegister>56</VertexIdToRegister>
    <VertexIdToRegister>58</VertexIdToRegister>
    <VertexIdToRegister>60</VertexIdToRegister>
    <VertexIdToRegister>62</VertexIdToRegister>
    <VertexIdToRegister>64</VertexIdToRegister>
    <VertexIdToRegister>66</VertexIdToRegister>
    <VertexIdToRegister>68</VertexIdToRegister>
    <VertexIdToRegister>70</VertexIdToRegister>
  </RegisterAssignments>
</Root>