<?xml version="1.0" encoding="utf-8" standalone="yes"?>
<Root>
  <processingTimeInMilliseconds>0.98000000000000009</processingTimeInMilliseconds>
  <RegisterAssignments>
    <VertexIdToRegister>5</VertexIdToRegister>
    <VertexIdToRegister>7</VertexIdToRegister>
    <VertexIdToRegister>65</VertexIdToRegister>
    <VertexIdToRegister>67</VertexIdToRegister>
    <VertexIdToRegister>72</VertexIdToRegister>
    <VertexIdToRegister>73</VertexIdToRegister>
    <VertexIdToRegister>74</VertexIdToRegister>
    <VertexIdToRegister>82</VertexIdToRegister>
    <VertexIdToRegister>85</VertexIdToRegister>
    <VertexIdToRegister>112</VertexIdToRegister>
    <VertexIdToRegister>113</VertexIdToRegister>
    <VertexIdToRegister>117</VertexIdToRegister>
    <VertexIdToRegister>118</VertexIdToRegister>
    <VertexIdToRegister>144</VertexIdToRegister>
    <VertexIdToRegister>146</VertexIdToRegister>
    <VertexIdToRegister>152</VertexIdToRegister>
  </RegisterAssignments>
</Root>