<?xml version="1.0" encoding="utf-8" standalone="yes"?>
<Root>
  <processingTimeInMilliseconds>0.80990000000000006</processingTimeInMilliseconds>
  <RegisterAssignments>
    <VertexIdToRegister>3</VertexIdToRegister>
    <VertexIdToRegister>5</VertexIdToRegister>
    <VertexIdToRegister>7</VertexIdToRegister>
    <VertexIdToRegister>13</VertexIdToRegister>
    <VertexIdToRegister>16</VertexIdToRegister>
    <VertexIdToRegister>25</VertexIdToRegister>
    <VertexIdToRegister>50</VertexIdToRegister>
    <VertexIdToRegister>72</VertexIdToRegister>
    <VertexIdToRegister>93</VertexIdToRegister>
    <VertexIdToRegister>94</VertexIdToRegister>
    <VertexIdToRegister>96</VertexIdToRegister>
    <VertexIdToRegister>98</VertexIdToRegister>
  </RegisterAssignments>
</Root>