<?xml version="1.0" encoding="utf-8" standalone="yes"?>
<Root>
  <processingTimeInMilliseconds>1.0999</processingTimeInMilliseconds>
  <RegisterAssignments>
    <VertexIdToRegister>94</VertexIdToRegister>
    <VertexIdToRegister>100</VertexIdToRegister>
    <VertexIdToRegister>108</VertexIdToRegister>
    <VertexIdToRegister>112</VertexIdToRegister>
    <VertexIdToRegister>113</VertexIdToRegister>
    <VertexIdToRegister>115</VertexIdToRegister>
    <VertexIdToRegister>116</VertexIdToRegister>
    <VertexIdToRegister>118</VertexIdToRegister>
    <VertexIdToRegister>119</VertexIdToRegister>
    <VertexIdToRegister>121</VertexIdToRegister>
    <VertexIdToRegister>122</VertexIdToRegister>
    <VertexIdToRegister>124</VertexIdToRegister>
    <VertexIdToRegister>125</VertexIdToRegister>
    <VertexIdToRegister>127</VertexIdToRegister>
    <VertexIdToRegister>128</VertexIdToRegister>
    <VertexIdToRegister>130</VertexIdToRegister>
    <VertexIdToRegister>131</VertexIdToRegister>
    <VertexIdToRegister>133</VertexIdToRegister>
    <VertexIdToRegister>134</VertexIdToRegister>
    <VertexIdToRegister>136</VertexIdToRegister>
    <VertexIdToRegister>137</VertexIdToRegister>
    <VertexIdToRegister>139</VertexIdToRegister>
    <VertexIdToRegister>140</VertexIdToRegister>
    <VertexIdToRegister>142</VertexIdToRegister>
    <VertexIdToRegister>143</VertexIdToRegister>
    <VertexIdToRegister>145</VertexIdToRegister>
    <VertexIdToRegister>146</VertexIdToRegister>
    <VertexIdToRegister>148</VertexIdToRegister>
    <VertexIdToRegister>149</VertexIdToRegister>
    <VertexIdToRegister>151</VertexIdToRegister>
    <VertexIdToRegister>152</VertexIdToRegister>
    <VertexIdToRegister>154</VertexIdToRegister>
    <VertexIdToRegister>155</VertexIdToRegister>
    <VertexIdToRegister>157</VertexIdToRegister>
    <VertexIdToRegister>158</VertexIdToRegister>
    <VertexIdToRegister>160</VertexIdToRegister>
    <VertexIdToRegister>212</VertexIdToRegister>
    <VertexIdToRegister>214</VertexIdToRegister>
    <VertexIdToRegister>216</VertexIdToRegister>
    <VertexIdToRegister>218</VertexIdToRegister>
    <VertexIdToRegister>220</VertexIdToRegister>
    <VertexIdToRegister>222</VertexIdToRegister>
    <VertexIdToRegister>224</VertexIdToRegister>
    <VertexIdToRegister>226</VertexIdToRegister>
    <VertexIdToRegister>228</VertexIdToRegister>
    <VertexIdToRegister>230</VertexIdToRegister>
    <VertexIdToRegister>232</VertexIdToRegister>
    <VertexIdToRegister>234</VertexIdToRegister>
    <VertexIdToRegister>236</VertexIdToRegister>
    <VertexIdToRegister>238</VertexIdToRegister>
    <VertexIdToRegister>240</VertexIdToRegister>
    <VertexIdToRegister>242</VertexIdToRegister>
    <VertexIdToRegister>1299</VertexIdToRegister>
    <VertexIdToRegister>1303</VertexIdToRegister>
    <VertexIdToRegister>1368</VertexIdToRegister>
    <VertexIdToRegister>1369</VertexIdToRegister>
    <VertexIdToRegister>1370</VertexIdToRegister>
    <VertexIdToRegister>1375</VertexIdToRegister>
    <VertexIdToRegister>1376</VertexIdToRegister>
    <VertexIdToRegister>1377</VertexIdToRegister>
    <VertexIdToRegister>1382</VertexIdToRegister>
    <VertexIdToRegister>1383</VertexIdToRegister>
    <VertexIdToRegister>1384</VertexIdToRegister>
    <VertexIdToRegister>1389</VertexIdToRegister>
    <VertexIdToRegister>1390</VertexIdToRegister>
    <VertexIdToRegister>1391</VertexIdToRegister>
    <VertexIdToRegister>1398</VertexIdToRegister>
    <VertexIdToRegister>1401</VertexIdToRegister>
    <VertexIdToRegister>1404</VertexIdToRegister>
    <VertexIdToRegister>1407</VertexIdToRegister>
    <VertexIdToRegister>1409</VertexIdToRegister>
    <VertexIdToRegister>1410</VertexIdToRegister>
    <VertexIdToRegister>1411</VertexIdToRegister>
    <VertexIdToRegister>1413</VertexIdToRegister>
    <VertexIdToRegister>1414</VertexIdToRegister>
    <VertexIdToRegister>1416</VertexIdToRegister>
    <VertexIdToRegister>1417</VertexIdToRegister>
    <VertexIdToRegister>1424</VertexIdToRegister>
    <VertexIdToRegister>1428</VertexIdToRegister>
    <VertexIdToRegister>1432</VertexIdToRegister>
    <VertexIdToRegister>1436</VertexIdToRegister>
    <VertexIdToRegister>1446</VertexIdToRegister>
    <VertexIdToRegister>1494</VertexIdToRegister>
    <VertexIdToRegister>1503</VertexIdToRegister>
    <VertexIdToRegister>1530</VertexIdToRegister>
    <VertexIdToRegister>1539</VertexIdToRegister>
    <VertexIdToRegister>1597</VertexIdToRegister>
    <VertexIdToRegister>1601</VertexIdToRegister>
    <VertexIdToRegister>1605</VertexIdToRegister>
    <VertexIdToRegister>1609</VertexIdToRegister>
    <VertexIdToRegister>1613</VertexIdToRegister>
    <VertexIdToRegister>1617</VertexIdToRegister>
    <VertexIdToRegister>1621</VertexIdToRegister>
    <VertexIdToRegister>1625</VertexIdToRegister>
    <VertexIdToRegister>80</VertexIdToRegister>
    <VertexIdToRegister>83</VertexIdToRegister>
    <VertexIdToRegister>101</VertexIdToRegister>
  </RegisterAssignments>
</Root>